file_id,split,image_path,box_path,entities_path,decision,label,label_source,pseudo_risk_score,pseudo_rule_version,total_amount,ocr_box_count,text_length,missing_fields,noise_applied,recommended_iterations,recommended_epochs
X00016469620,train,train/img/X00016469620.jpg,train/box/X00016469620.txt,train/entities/X00016469620.txt,rejected,0,pseudo_rule_clean,0.1096,v2_weak_rules,33.90,54,723,,false,150,1
X00016469669,train,train/img/X00016469669.jpg,train/box/X00016469669.txt,train/entities/X00016469669.txt,approved,1,pseudo_rule_clean,0.0000,v2_weak_rules,31.00,35,374,,false,150,1
X00016469672,train,train/img/X00016469672.jpg,train/box/X00016469672.txt,train/entities/X00016469672.txt,rejected,0,pseudo_rule_clean,0.2246,v2_weak_rules,327.00,93,916,,false,150,1
X51005230617,train,train/img/X51005230617.jpg,train/box/X51005230617.txt,train/entities/X51005230617.txt,rejected,0,pseudo_rule_noisy,0.0000,v2_weak_rules,26.60,43,784,,true,150,1
X51005255805,train,train/img/X51005255805.jpg,train/box/X51005255805.txt,train/entities/X51005255805.txt,approved,1,pseudo_rule_clean,0.0000,v2_weak_rules,14.10,51,577,,false,150,1
X51005268262,train,train/img/X51005268262.jpg,train/box/X51005268262.txt,train/entities/X51005268262.txt,rejected,0,pseudo_rule_noisy,0.0000,v2_weak_rules,15.90,47,584,,true,150,1
X51005361883,train,train/img/X51005361883.jpg,train/box/X51005361883.txt,train/entities/X51005361883.txt,approved,1,pseudo_rule_clean,0.0071,v2_weak_rules,4.90,68,691,,false,150,1
X51005365179,train,train/img/X51005365179.jpg,train/box/X51005365179.txt,train/entities/X51005365179.txt,approved,1,pseudo_rule_clean,0.0199,v2_weak_rules,21.20,53,615,,false,150,1
X51005433514,train,train/img/X51005433514.jpg,train/box/X51005433514.txt,train/entities/X51005433514.txt,approved,1,pseudo_rule_noisy,0.1329,v2_weak_rules,8.20,39,580,,true,150,1
X51005433533,train,train/img/X51005433533.jpg,train/box/X51005433533.txt,train/entities/X51005433533.txt,approved,1,pseudo_rule_noisy,0.2151,v2_weak_rules,332.30,107,1214,,true,150,1
X51005433538,train,train/img/X51005433538.jpg,train/box/X51005433538.txt,train/entities/X51005433538.txt,rejected,0,pseudo_rule_clean,0.1027,v2_weak_rules,8.20,39,580,,false,150,1
X51005433553,train,train/img/X51005433553.jpg,train/box/X51005433553.txt,train/entities/X51005433553.txt,approved,1,pseudo_rule_clean,0.0000,v2_weak_rules,13.10,69,609,,false,150,1
X51005441401,train,train/img/X51005441401.jpg,train/box/X51005441401.txt,train/entities/X51005441401.txt,approved,1,pseudo_rule_noisy,0.1953,v2_weak_rules,343.95,44,443,,true,150,1
X51005442333,train,train/img/X51005442333.jpg,train/box/X51005442333.txt,train/entities/X51005442333.txt,approved,1,pseudo_rule_noisy,0.0886,v2_weak_rules,6.90,43,605,,true,150,1
X51005442341,train,train/img/X51005442341.jpg,train/box/X51005442341.txt,train/entities/X51005442341.txt,approved,1,pseudo_rule_noisy,0.1322,v2_weak_rules,170.00,18,187,,true,150,1
X51005442346,train,train/img/X51005442346.jpg,train/box/X51005442346.txt,train/entities/X51005442346.txt,approved,1,pseudo_rule_clean,0.0000,v2_weak_rules,8.00,59,609,,false,150,1
X51005442361,train,train/img/X51005442361.jpg,train/box/X51005442361.txt,train/entities/X51005442361.txt,rejected,0,pseudo_rule_clean,0.1978,v2_weak_rules,593.10,66,674,,false,150,1
X51005442378,train,train/img/X51005442378.jpg,train/box/X51005442378.txt,train/entities/X51005442378.txt,approved,1,pseudo_rule_clean,0.0000,v2_weak_rules,10.00,34,558,,false,150,1
X51005442386,train,train/img/X51005442386.jpg,train/box/X51005442386.txt,train/entities/X51005442386.txt,rejected,0,pseudo_rule_clean,0.0881,v2_weak_rules,8.70,39,587,,false,150,1
X51005442394,train,train/img/X51005442394.jpg,train/box/X51005442394.txt,train/entities/X51005442394.txt,rejected,0,pseudo_rule_clean,0.1028,v2_weak_rules,8.20,39,581,,false,150,1
X51005442397,train,train/img/X51005442397.jpg,train/box/X51005442397.txt,train/entities/X51005442397.txt,rejected,0,pseudo_rule_clean,0.0288,v2_weak_rules,7.60,28,357,,false,150,1
X51005444033,train,train/img/X51005444033.jpg,train/box/X51005444033.txt,train/entities/X51005444033.txt,approved,1,pseudo_rule_clean,0.0000,v2_weak_rules,77.20,52,718,,false,150,1
X51005444037,train,train/img/X51005444037.jpg,train/box/X51005444037.txt,train/entities/X51005444037.txt,rejected,0,pseudo_rule_clean,0.1122,v2_weak_rules,129.30,66,833,,false,150,1
X51005447832,train,train/img/X51005447832.jpg,train/box/X51005447832.txt,train/entities/X51005447832.txt,approved,1,pseudo_rule_clean,0.0000,v2_weak_rules,85.54,48,523,,false,150,1
X51005447833,train,train/img/X51005447833.jpg,train/box/X51005447833.txt,train/entities/X51005447833.txt,approved,1,pseudo_rule_clean,0.0006,v2_weak_rules,88.17,46,502,,false,150,1
X51005447840,train,train/img/X51005447840.jpg,train/box/X51005447840.txt,train/entities/X51005447840.txt,approved,1,pseudo_rule_clean,0.0000,v2_weak_rules,8.20,63,688,,false,150,1
X51005447848,train,train/img/X51005447848.jpg,train/box/X51005447848.txt,train/entities/X51005447848.txt,approved,1,pseudo_rule_clean,0.0000,v2_weak_rules,53.55,75,630,,false,150,1
X51005447852,train,train/img/X51005447852.jpg,train/box/X51005447852.txt,train/entities/X51005447852.txt,rejected,0,pseudo_rule_noisy,0.0000,v2_weak_rules,9.90,26,412,,true,150,1
X51005447861,train,train/img/X51005447861.jpg,train/box/X51005447861.txt,train/entities/X51005447861.txt,approved,1,pseudo_rule_clean,0.0240,v2_weak_rules,49.40,57,817,,false,150,1
X51005453729,train,train/img/X51005453729.jpg,train/box/X51005453729.txt,train/entities/X51005453729.txt,approved,1,pseudo_rule_clean,0.0010,v2_weak_rules,79.50,48,580,,false,150,1
X51005453802,train,train/img/X51005453802.jpg,train/box/X51005453802.txt,train/entities/X51005453802.txt,approved,1,pseudo_rule_noisy,0.1199,v2_weak_rules,159.00,48,594,,true,150,1
X51005568891,train,train/img/X51005568891.jpg,train/box/X51005568891.txt,train/entities/X51005568891.txt,approved,1,pseudo_rule_noisy,0.1175,v2_weak_rules,277.00,82,924,,true,150,1
X51005568898,train,train/img/X51005568898.jpg,train/box/X51005568898.txt,train/entities/X51005568898.txt,approved,1,pseudo_rule_clean,0.0236,v2_weak_rules,18.80,74,930,,false,150,1
X51005568913,train,train/img/X51005568913.jpg,train/box/X51005568913.txt,train/entities/X51005568913.txt,rejected,0,pseudo_rule_clean,0.1924,v2_weak_rules,538.00,38,488,,false,150,1
X51005587254,train,train/img/X51005587254.jpg,train/box/X51005587254.txt,train/entities/X51005587254.txt,approved,1,pseudo_rule_clean,0.0000,v2_weak_rules,5.00,53,897,,false,150,1
X51005587267,train,train/img/X51005587267.jpg,train/box/X51005587267.txt,train/entities/X51005587267.txt,rejected,0,pseudo_rule_clean,0.0322,v2_weak_rules,85.10,87,1197,,false,150,1
X51005605285,train,train/img/X51005605285.jpg,train/box/X51005605285.txt,train/entities/X51005605285.txt,approved,1,pseudo_rule_clean,0.0000,v2_weak_rules,5.90,40,605,,false,150,1
X51005663272,train,train/img/X51005663272.jpg,train/box/X51005663272.txt,train/entities/X51005663272.txt,approved,1,pseudo_rule_clean,0.0000,v2_weak_rules,42.40,61,687,,false,150,1
X51005663273,train,train/img/X51005663273.jpg,train/box/X51005663273.txt,train/entities/X51005663273.txt,approved,1,pseudo_rule_clean,0.0066,v2_weak_rules,47.70,58,594,,false,150,1
X51005663277,train,train/img/X51005663277.jpg,train/box/X51005663277.txt,train/entities/X51005663277.txt,approved,1,pseudo_rule_clean,0.0000,v2_weak_rules,29.68,57,565,,false,150,1
X51005663280,train,train/img/X51005663280.jpg,train/box/X51005663280.txt,train/entities/X51005663280.txt,approved,1,pseudo_rule_noisy,0.2528,v2_weak_rules,102.40,58,767,address,true,150,1
X51005663301,train,train/img/X51005663301.jpg,train/box/X51005663301.txt,train/entities/X51005663301.txt,approved,1,pseudo_rule_clean,0.0000,v2_weak_rules,7.00,42,524,,false,150,1
X51005675095,train,train/img/X51005675095.jpg,train/box/X51005675095.txt,train/entities/X51005675095.txt,approved,1,pseudo_rule_clean,0.0146,v2_weak_rules,4.00,38,456,,false,150,1
X51005676536,train,train/img/X51005676536.jpg,train/box/X51005676536.txt,train/entities/X51005676536.txt,approved,1,pseudo_rule_noisy,0.0361,v2_weak_rules,93.07,70,689,,true,150,1
X51005676538,train,train/img/X51005676538.jpg,train/box/X51005676538.txt,train/entities/X51005676538.txt,rejected,0,pseudo_rule_clean,0.0377,v2_weak_rules,44.73,76,700,,false,150,1
X51005676539,train,train/img/X51005676539.jpg,train/box/X51005676539.txt,train/entities/X51005676539.txt,approved,1,pseudo_rule_clean,0.0000,v2_weak_rules,23.32,58,592,,false,150,1
X51005676545,train,train/img/X51005676545.jpg,train/box/X51005676545.txt,train/entities/X51005676545.txt,rejected,0,pseudo_rule_clean,0.0384,v2_weak_rules,6.36,58,594,,false,150,1
X51005676546,train,train/img/X51005676546.jpg,train/box/X51005676546.txt,train/entities/X51005676546.txt,approved,1,pseudo_rule_clean,0.0000,v2_weak_rules,21.20,58,609,,false,150,1
X51005677328,train,train/img/X51005677328.jpg,train/box/X51005677328.txt,train/entities/X51005677328.txt,approved,1,pseudo_rule_clean,0.0000,v2_weak_rules,5.30,58,599,,false,150,1
X51005677335,train,train/img/X51005677335.jpg,train/box/X51005677335.txt,train/entities/X51005677335.txt,approved,1,pseudo_rule_clean,0.0000,v2_weak_rules,74.20,64,638,,false,150,1
X51005705760,train,train/img/X51005705760.jpg,train/box/X51005705760.txt,train/entities/X51005705760.txt,rejected,0,pseudo_rule_clean,0.0276,v2_weak_rules,21.40,103,1279,,false,150,1
X51005705804,train,train/img/X51005705804.jpg,train/box/X51005705804.txt,train/entities/X51005705804.txt,rejected,0,pseudo_rule_noisy,0.0212,v2_weak_rules,99.00,66,707,,true,150,1
X51005711401,train,train/img/X51005711401.jpg,train/box/X51005711401.txt,train/entities/X51005711401.txt,approved,1,pseudo_rule_clean,0.0000,v2_weak_rules,6.00,43,475,,false,150,1
X51005711442,train,train/img/X51005711442.jpg,train/box/X51005711442.txt,train/entities/X51005711442.txt,rejected,0,pseudo_rule_clean,0.0340,v2_weak_rules,9.60,54,522,,false,150,1
X51005711447,train,train/img/X51005711447.jpg,train/box/X51005711447.txt,train/entities/X51005711447.txt,approved,1,pseudo_rule_clean,0.0025,v2_weak_rules,2.30,44,473,,false,150,1
X51005711451,train,train/img/X51005711451.jpg,train/box/X51005711451.txt,train/entities/X51005711451.txt,rejected,0,pseudo_rule_clean,0.1290,v2_weak_rules,6.00,44,470,,false,150,1
X51005711454,train,train/img/X51005711454.jpg,train/box/X51005711454.txt,train/entities/X51005711454.txt,rejected,0,pseudo_rule_clean,0.0950,v2_weak_rules,72.93,54,653,,false,150,1
X51005712038,train,train/img/X51005712038.jpg,train/box/X51005712038.txt,train/entities/X51005712038.txt,rejected,0,pseudo_rule_clean,0.1384,v2_weak_rules,30.00,59,696,,false,150,1
X51005715010,train,train/img/X51005715010.jpg,train/box/X51005715010.txt,train/entities/X51005715010.txt,approved,1,pseudo_rule_noisy,0.1018,v2_weak_rules,41.45,56,605,,true,150,1
X51005719864,train,train/img/X51005719864.jpg,train/box/X51005719864.txt,train/entities/X51005719864.txt,rejected,0,pseudo_rule_noisy,0.0034,v2_weak_rules,29.80,43,494,,true,150,1
X51005719873,train,train/img/X51005719873.jpg,train/box/X51005719873.txt,train/entities/X51005719873.txt,rejected,0,pseudo_rule_noisy,0.0235,v2_weak_rules,8.60,56,691,,true,150,1
X51005719874,train,train/img/X51005719874.jpg,train/box/X51005719874.txt,train/entities/X51005719874.txt,rejected,0,pseudo_rule_noisy,0.0045,v2_weak_rules,39.00,26,437,,true,150,1
X51005719883,train,train/img/X51005719883.jpg,train/box/X51005719883.txt,train/entities/X51005719883.txt,rejected,0,pseudo_rule_clean,0.0377,v2_weak_rules,108.50,30,422,,false,150,1
X51005719906,train,train/img/X51005719906.jpg,train/box/X51005719906.txt,train/entities/X51005719906.txt,rejected,0,pseudo_rule_clean,0.1198,v2_weak_rules,105.00,47,723,,false,150,1
X51005719917,train,train/img/X51005719917.jpg,train/box/X51005719917.txt,train/entities/X51005719917.txt,approved,1,pseudo_rule_clean,0.0000,v2_weak_rules,60.60,77,962,,false,150,1
X51005722699,train,train/img/X51005722699.jpg,train/box/X51005722699.txt,train/entities/X51005722699.txt,rejected,0,pseudo_rule_clean,0.0357,v2_weak_rules,11.80,38,591,,false,150,1
X51005745190,train,train/img/X51005745190.jpg,train/box/X51005745190.txt,train/entities/X51005745190.txt,rejected,0,pseudo_rule_clean,0.2257,v2_weak_rules,367.10,68,1030,,false,150,1
X51005745249,train,train/img/X51005745249.jpg,train/box/X51005745249.txt,train/entities/X51005745249.txt,approved,1,pseudo_rule_clean,0.0000,v2_weak_rules,22.65,44,699,,false,150,1
X51005746140,train,train/img/X51005746140.jpg,train/box/X51005746140.txt,train/entities/X51005746140.txt,rejected,0,pseudo_rule_noisy,0.0000,v2_weak_rules,63.35,45,476,,true,150,1
X51005749895,train,train/img/X51005749895.jpg,train/box/X51005749895.txt,train/entities/X51005749895.txt,approved,1,pseudo_rule_clean,0.0000,v2_weak_rules,71.90,63,752,,false,150,1
X51005757201,train,train/img/X51005757201.jpg,train/box/X51005757201.txt,train/entities/X51005757201.txt,rejected,0,pseudo_rule_noisy,0.0000,v2_weak_rules,88.95,81,1120,,true,150,1
X51005757235,train,train/img/X51005757235.jpg,train/box/X51005757235.txt,train/entities/X51005757235.txt,approved,1,pseudo_rule_clean,0.0000,v2_weak_rules,31.00,43,655,,false,150,1
X51005757290,train,train/img/X51005757290.jpg,train/box/X51005757290.txt,train/entities/X51005757290.txt,rejected,0,pseudo_rule_noisy,0.0092,v2_weak_rules,42.90,43,626,,true,150,1
X51005757294,train,train/img/X51005757294.jpg,train/box/X51005757294.txt,train/entities/X51005757294.txt,approved,1,pseudo_rule_clean,0.0239,v2_weak_rules,10.60,30,526,,false,150,1
X51005757304,train,train/img/X51005757304.jpg,train/box/X51005757304.txt,train/entities/X51005757304.txt,approved,1,pseudo_rule_clean,0.0030,v2_weak_rules,35.40,34,445,,false,150,1
X51005757323,train,train/img/X51005757323.jpg,train/box/X51005757323.txt,train/entities/X51005757323.txt,approved,1,pseudo_rule_noisy,0.0277,v2_weak_rules,28.00,42,637,,true,150,1
X51005757324,train,train/img/X51005757324.jpg,train/box/X51005757324.txt,train/entities/X51005757324.txt,rejected,0,pseudo_rule_noisy,0.0170,v2_weak_rules,50.80,37,597,,true,150,1
X51005757349,train,train/img/X51005757349.jpg,train/box/X51005757349.txt,train/entities/X51005757349.txt,rejected,0,pseudo_rule_clean,0.0685,v2_weak_rules,21.00,41,517,,false,150,1
X51005757353,train,train/img/X51005757353.jpg,train/box/X51005757353.txt,train/entities/X51005757353.txt,rejected,0,pseudo_rule_noisy,0.0161,v2_weak_rules,12.30,42,637,,true,150,1
X51005806679,train,train/img/X51005806679.jpg,train/box/X51005806679.txt,train/entities/X51005806679.txt,approved,1,pseudo_rule_noisy,0.2010,v2_weak_rules,374.20,119,988,,true,150,1
X51006008073,train,train/img/X51006008073.jpg,train/box/X51006008073.txt,train/entities/X51006008073.txt,rejected,0,pseudo_rule_clean,0.0271,v2_weak_rules,100.00,63,634,,false,150,1
X51006008074,train,train/img/X51006008074.jpg,train/box/X51006008074.txt,train/entities/X51006008074.txt,approved,1,pseudo_rule_clean,0.0000,v2_weak_rules,4.25,64,642,,false,150,1
X51006008086,train,train/img/X51006008086.jpg,train/box/X51006008086.txt,train/entities/X51006008086.txt,approved,1,pseudo_rule_clean,0.0000,v2_weak_rules,30.10,49,696,,false,150,1
X51006008089,train,train/img/X51006008089.jpg,train/box/X51006008089.txt,train/entities/X51006008089.txt,rejected,0,pseudo_rule_noisy,0.0154,v2_weak_rules,41.00,62,854,,true,150,1
X51006008197,train,train/img/X51006008197.jpg,train/box/X51006008197.txt,train/entities/X51006008197.txt,rejected,0,pseudo_rule_noisy,0.0000,v2_weak_rules,56.00,27,371,,true,150,1
X51006311764,train,train/img/X51006311764.jpg,train/box/X51006311764.txt,train/entities/X51006311764.txt,approved,1,pseudo_rule_clean,0.0058,v2_weak_rules,39.90,48,596,,false,150,1
X51006311778,train,train/img/X51006311778.jpg,train/box/X51006311778.txt,train/entities/X51006311778.txt,approved,1,pseudo_rule_clean,0.0000,v2_weak_rules,7.40,48,663,,false,150,1
X51006311779,train,train/img/X51006311779.jpg,train/box/X51006311779.txt,train/entities/X51006311779.txt,rejected,0,pseudo_rule_clean,0.0386,v2_weak_rules,8.50,53,706,,false,150,1
X51006328913,train,train/img/X51006328913.jpg,train/box/X51006328913.txt,train/entities/X51006328913.txt,approved,1,pseudo_rule_noisy,0.2254,v2_weak_rules,165.00,43,477,,true,150,1
X51006328919,train,train/img/X51006328919.jpg,train/box/X51006328919.txt,train/entities/X51006328919.txt,approved,1,pseudo_rule_clean,0.0000,v2_weak_rules,7.40,31,454,,false,150,1
X51006328920,train,train/img/X51006328920.jpg,train/box/X51006328920.txt,train/entities/X51006328920.txt,approved,1,pseudo_rule_clean,0.0002,v2_weak_rules,14.85,32,451,,false,150,1
X51006329399,train,train/img/X51006329399.jpg,train/box/X51006329399.txt,train/entities/X51006329399.txt,approved,1,pseudo_rule_clean,0.0000,v2_weak_rules,12.15,64,622,,false,150,1
X51006329402,train,train/img/X51006329402.jpg,train/box/X51006329402.txt,train/entities/X51006329402.txt,approved,1,pseudo_rule_clean,0.0160,v2_weak_rules,50.45,36,554,,false,150,1
X51006332649,train,train/img/X51006332649.jpg,train/box/X51006332649.txt,train/entities/X51006332649.txt,rejected,0,pseudo_rule_clean,0.2335,v2_weak_rules,217.00,58,615,,false,150,1
X51006334741,train,train/img/X51006334741.jpg,train/box/X51006334741.txt,train/entities/X51006334741.txt,approved,1,pseudo_rule_noisy,0.0684,v2_weak_rules,20.05,46,748,,true,150,1
X51006349086,train,train/img/X51006349086.jpg,train/box/X51006349086.txt,train/entities/X51006349086.txt,rejected,0,pseudo_rule_noisy,0.0000,v2_weak_rules,7.00,39,462,,true,150,1
X51006350750,train,train/img/X51006350750.jpg,train/box/X51006350750.txt,train/entities/X51006350750.txt,approved,1,pseudo_rule_clean,0.0000,v2_weak_rules,130.00,44,495,,false,150,1
X51006350763,train,train/img/X51006350763.jpg,train/box/X51006350763.txt,train/entities/X51006350763.txt,rejected,0,pseudo_rule_noisy,0.0063,v2_weak_rules,104.00,44,491,,true,150,1
X51006387740,train,train/img/X51006387740.jpg,train/box/X51006387740.txt,train/entities/X51006387740.txt,rejected,0,pseudo_rule_noisy,0.0000,v2_weak_rules,15.40,58,660,,true,150,1
X51006387812,train,train/img/X51006387812.jpg,train/box/X51006387812.txt,train/entities/X51006387812.txt,approved,1,pseudo_rule_clean,0.0000,v2_weak_rules,12.37,73,771,,false,150,1
X51006387813,train,train/img/X51006387813.jpg,train/box/X51006387813.txt,train/entities/X51006387813.txt,rejected,0,pseudo_rule_clean,0.0356,v2_weak_rules,113.80,73,864,,false,150,1
X51006387847,train,train/img/X51006387847.jpg,train/box/X51006387847.txt,train/entities/X51006387847.txt,approved,1,pseudo_rule_noisy,0.2916,v2_weak_rules,635.00,57,605,,true,150,1
X51006387953,train,train/img/X51006387953.jpg,train/box/X51006387953.txt,train/entities/X51006387953.txt,rejected,0,pseudo_rule_noisy,0.0154,v2_weak_rules,1.00,35,442,,true,150,1
X51006387971,train,train/img/X51006387971.jpg,train/box/X51006387971.txt,train/entities/X51006387971.txt,approved,1,pseudo_rule_clean,0.0000,v2_weak_rules,42.35,39,616,,false,150,1
X51006388064,train,train/img/X51006388064.jpg,train/box/X51006388064.txt,train/entities/X51006388064.txt,rejected,0,pseudo_rule_clean,0.2518,v2_weak_rules,191.20,59,594,,false,150,1
X51006388065,train,train/img/X51006388065.jpg,train/box/X51006388065.txt,train/entities/X51006388065.txt,approved,1,pseudo_rule_clean,0.0177,v2_weak_rules,20.80,27,384,,false,150,1
X51006388066,train,train/img/X51006388066.jpg,train/box/X51006388066.txt,train/entities/X51006388066.txt,rejected,0,pseudo_rule_noisy,0.0191,v2_weak_rules,41.50,52,671,,true,150,1
X51006388082,train,train/img/X51006388082.jpg,train/box/X51006388082.txt,train/entities/X51006388082.txt,rejected,0,pseudo_rule_noisy,0.0000,v2_weak_rules,4.70,46,531,,true,150,1
X51006389888,train,train/img/X51006389888.jpg,train/box/X51006389888.txt,train/entities/X51006389888.txt,approved,1,pseudo_rule_clean,0.0000,v2_weak_rules,52.10,50,804,,false,150,1
X51006392122,train,train/img/X51006392122.jpg,train/box/X51006392122.txt,train/entities/X51006392122.txt,approved,1,pseudo_rule_clean,0.0012,v2_weak_rules,45.00,41,562,,false,150,1
X51006393377,train,train/img/X51006393377.jpg,train/box/X51006393377.txt,train/entities/X51006393377.txt,approved,1,pseudo_rule_clean,0.0000,v2_weak_rules,72.75,55,859,,false,150,1
X51006401836,train,train/img/X51006401836.jpg,train/box/X51006401836.txt,train/entities/X51006401836.txt,rejected,0,pseudo_rule_noisy,0.0005,v2_weak_rules,19.80,36,467,,true,150,1
X51006401978,train,train/img/X51006401978.jpg,train/box/X51006401978.txt,train/entities/X51006401978.txt,rejected,0,pseudo_rule_clean,0.0361,v2_weak_rules,22.25,32,471,,false,150,1
X51006414638,train,train/img/X51006414638.jpg,train/box/X51006414638.txt,train/entities/X51006414638.txt,approved,1,pseudo_rule_noisy,0.0295,v2_weak_rules,44.90,70,693,,true,150,1
X51006414674,train,train/img/X51006414674.jpg,train/box/X51006414674.txt,train/entities/X51006414674.txt,approved,1,pseudo_rule_clean,0.0038,v2_weak_rules,25.60,73,963,,false,150,1
X51006414700,train,train/img/X51006414700.jpg,train/box/X51006414700.txt,train/entities/X51006414700.txt,approved,1,pseudo_rule_noisy,0.0776,v2_weak_rules,10.20,45,663,,true,150,1
X51006414712,train,train/img/X51006414712.jpg,train/box/X51006414712.txt,train/entities/X51006414712.txt,rejected,0,pseudo_rule_clean,0.0386,v2_weak_rules,39.60,89,1032,,false,150,1
X51006414713,train,train/img/X51006414713.jpg,train/box/X51006414713.txt,train/entities/X51006414713.txt,rejected,0,pseudo_rule_noisy,0.0000,v2_weak_rules,81.80,118,961,,true,150,1
X51006414719,train,train/img/X51006414719.jpg,train/box/X51006414719.txt,train/entities/X51006414719.txt,approved,1,pseudo_rule_clean,0.0000,v2_weak_rules,4.40,42,623,,false,150,1
X51006414733,train,train/img/X51006414733.jpg,train/box/X51006414733.txt,train/entities/X51006414733.txt,rejected,0,pseudo_rule_clean,0.0395,v2_weak_rules,122.80,92,1250,,false,150,1
X51006466055,train,train/img/X51006466055.jpg,train/box/X51006466055.txt,train/entities/X51006466055.txt,rejected,0,pseudo_rule_clean,0.0646,v2_weak_rules,20.00,51,723,,false,150,1
X51006466060,train,train/img/X51006466060.jpg,train/box/X51006466060.txt,train/entities/X51006466060.txt,rejected,0,pseudo_rule_noisy,0.0000,v2_weak_rules,1.38,32,354,,true,150,1
X51006466062,train,train/img/X51006466062.jpg,train/box/X51006466062.txt,train/entities/X51006466062.txt,rejected,0,pseudo_rule_noisy,0.0000,v2_weak_rules,5.00,30,338,,true,150,1
X51006466065,train,train/img/X51006466065.jpg,train/box/X51006466065.txt,train/entities/X51006466065.txt,rejected,0,pseudo_rule_clean,0.0320,v2_weak_rules,25.00,44,537,,false,150,1
X51006502531,train,train/img/X51006502531.jpg,train/box/X51006502531.txt,train/entities/X51006502531.txt,rejected,0,pseudo_rule_noisy,0.0118,v2_weak_rules,18.80,42,574,,true,150,1
X51006555072,train,train/img/X51006555072.jpg,train/box/X51006555072.txt,train/entities/X51006555072.txt,rejected,0,pseudo_rule_clean,0.1535,v2_weak_rules,234.40,35,608,,false,150,1
X51006555125,train,train/img/X51006555125.jpg,train/box/X51006555125.txt,train/entities/X51006555125.txt,approved,1,pseudo_rule_clean,0.0000,v2_weak_rules,28.40,26,387,,false,150,1
X51006555784,train,train/img/X51006555784.jpg,train/box/X51006555784.txt,train/entities/X51006555784.txt,rejected,0,pseudo_rule_noisy,0.0000,v2_weak_rules,53.14,72,933,,true,150,1
X51006555806,train,train/img/X51006555806.jpg,train/box/X51006555806.txt,train/entities/X51006555806.txt,approved,1,pseudo_rule_clean,0.0000,v2_weak_rules,20.21,81,966,,false,150,1
X51006555817,train,train/img/X51006555817.jpg,train/box/X51006555817.txt,train/entities/X51006555817.txt,rejected,0,pseudo_rule_clean,0.0381,v2_weak_rules,24.83,79,960,,false,150,1
X51006555818,train,train/img/X51006555818.jpg,train/box/X51006555818.txt,train/entities/X51006555818.txt,rejected,0,pseudo_rule_noisy,0.0000,v2_weak_rules,27.10,100,1052,,true,150,1
X51006556726,train,train/img/X51006556726.jpg,train/box/X51006556726.txt,train/entities/X51006556726.txt,approved,1,pseudo_rule_clean,0.0219,v2_weak_rules,68.41,72,934,,false,150,1
X51006556738,train,train/img/X51006556738.jpg,train/box/X51006556738.txt,train/entities/X51006556738.txt,rejected,0,pseudo_rule_noisy,0.0150,v2_weak_rules,51.88,93,1025,,true,150,1
X51006556815,train,train/img/X51006556815.jpg,train/box/X51006556815.txt,train/entities/X51006556815.txt,rejected,0,pseudo_rule_noisy,0.0035,v2_weak_rules,54.15,79,961,,true,150,1
X51006556824,train,train/img/X51006556824.jpg,train/box/X51006556824.txt,train/entities/X51006556824.txt,approved,1,pseudo_rule_noisy,0.1616,v2_weak_rules,-1.73,93,1031,,true,150,1
X51006556825,train,train/img/X51006556825.jpg,train/box/X51006556825.txt,train/entities/X51006556825.txt,rejected,0,pseudo_rule_noisy,0.0138,v2_weak_rules,48.04,72,933,,true,150,1
X51006556830,train,train/img/X51006556830.jpg,train/box/X51006556830.txt,train/entities/X51006556830.txt,rejected,0,pseudo_rule_clean,0.1614,v2_weak_rules,1007.50,63,705,,false,150,1
X51006556831,train,train/img/X51006556831.jpg,train/box/X51006556831.txt,train/entities/X51006556831.txt,approved,1,pseudo_rule_noisy,0.2167,v2_weak_rules,616.60,63,712,,true,150,1
X51006556839,train,train/img/X51006556839.jpg,train/box/X51006556839.txt,train/entities/X51006556839.txt,approved,1,pseudo_rule_clean,0.0000,v2_weak_rules,5.90,78,964,,false,150,1
X51006556852,train,train/img/X51006556852.jpg,train/box/X51006556852.txt,train/entities/X51006556852.txt,approved,1,pseudo_rule_clean,0.0000,v2_weak_rules,65.50,103,1079,,false,150,1
X51006557117,train,train/img/X51006557117.jpg,train/box/X51006557117.txt,train/entities/X51006557117.txt,rejected,0,pseudo_rule_noisy,0.0000,v2_weak_rules,62.60,87,991,,true,150,1
X51006557168,train,train/img/X51006557168.jpg,train/box/X51006557168.txt,train/entities/X51006557168.txt,approved,1,pseudo_rule_noisy,0.0382,v2_weak_rules,39.87,79,961,,true,150,1
X51006557178,train,train/img/X51006557178.jpg,train/box/X51006557178.txt,train/entities/X51006557178.txt,rejected,0,pseudo_rule_clean,0.0362,v2_weak_rules,35.01,72,928,,false,150,1
X51006557179,train,train/img/X51006557179.jpg,train/box/X51006557179.txt,train/entities/X51006557179.txt,approved,1,pseudo_rule_clean,0.0000,v2_weak_rules,34.21,72,930,,false,150,1
X51006557195,train,train/img/X51006557195.jpg,train/box/X51006557195.txt,train/entities/X51006557195.txt,approved,1,pseudo_rule_clean,0.0000,v2_weak_rules,59.54,100,1050,,false,150,1
X51006557199,train,train/img/X51006557199.jpg,train/box/X51006557199.txt,train/entities/X51006557199.txt,rejected,0,pseudo_rule_noisy,0.0000,v2_weak_rules,60.24,86,991,,true,150,1
X51006557202,train,train/img/X51006557202.jpg,train/box/X51006557202.txt,train/entities/X51006557202.txt,approved,1,pseudo_rule_clean,0.0196,v2_weak_rules,46.06,71,898,,false,150,1
X51006557213,train,train/img/X51006557213.jpg,train/box/X51006557213.txt,train/entities/X51006557213.txt,approved,1,pseudo_rule_clean,0.0000,v2_weak_rules,31.32,72,931,,false,150,1
X51006619341,train,train/img/X51006619341.jpg,train/box/X51006619341.txt,train/entities/X51006619341.txt,approved,1,pseudo_rule_clean,0.0000,v2_weak_rules,8.60,37,591,,false,150,1
X51006619545,train,train/img/X51006619545.jpg,train/box/X51006619545.txt,train/entities/X51006619545.txt,rejected,0,pseudo_rule_clean,0.0301,v2_weak_rules,111.90,96,1368,,false,150,1
X51006619550,train,train/img/X51006619550.jpg,train/box/X51006619550.txt,train/entities/X51006619550.txt,approved,1,pseudo_rule_noisy,0.0329,v2_weak_rules,47.70,57,824,,true,150,1
X51006619563,train,train/img/X51006619563.jpg,train/box/X51006619563.txt,train/entities/X51006619563.txt,rejected,0,pseudo_rule_noisy,0.0000,v2_weak_rules,31.80,27,430,,true,150,1
X51006619696,train,train/img/X51006619696.jpg,train/box/X51006619696.txt,train/entities/X51006619696.txt,approved,1,pseudo_rule_clean,0.0000,v2_weak_rules,82.80,27,427,,false,150,1
X51006619698,train,train/img/X51006619698.jpg,train/box/X51006619698.txt,train/entities/X51006619698.txt,rejected,0,pseudo_rule_noisy,0.0000,v2_weak_rules,21.00,35,572,,true,150,1
X51006619709,train,train/img/X51006619709.jpg,train/box/X51006619709.txt,train/entities/X51006619709.txt,approved,1,pseudo_rule_clean,0.0000,v2_weak_rules,57.40,78,924,,false,150,1
X51006619780,train,train/img/X51006619780.jpg,train/box/X51006619780.txt,train/entities/X51006619780.txt,rejected,0,pseudo_rule_noisy,0.0134,v2_weak_rules,8.35,32,409,,true,150,1
X51006619783,train,train/img/X51006619783.jpg,train/box/X51006619783.txt,train/entities/X51006619783.txt,rejected,0,pseudo_rule_noisy,0.0000,v2_weak_rules,43.90,50,571,,true,150,1
X51006619862,train,train/img/X51006619862.jpg,train/box/X51006619862.txt,train/entities/X51006619862.txt,rejected,0,pseudo_rule_noisy,0.0248,v2_weak_rules,13.30,34,523,,true,150,1
X51006620186,train,train/img/X51006620186.jpg,train/box/X51006620186.txt,train/entities/X51006620186.txt,rejected,0,pseudo_rule_noisy,0.0000,v2_weak_rules,68.10,67,832,,true,150,1
X51006620190,train,train/img/X51006620190.jpg,train/box/X51006620190.txt,train/entities/X51006620190.txt,rejected,0,pseudo_rule_noisy,0.0000,v2_weak_rules,21.50,37,570,,true,150,1
X51006620414,train,train/img/X51006620414.jpg,train/box/X51006620414.txt,train/entities/X51006620414.txt,approved,1,pseudo_rule_clean,0.0000,v2_weak_rules,9.75,63,730,,false,150,1
X51006647932,train,train/img/X51006647932.jpg,train/box/X51006647932.txt,train/entities/X51006647932.txt,approved,1,pseudo_rule_clean,0.0121,v2_weak_rules,87.10,49,546,,false,150,1
X51006679216,train,train/img/X51006679216.jpg,train/box/X51006679216.txt,train/entities/X51006679216.txt,rejected,0,pseudo_rule_noisy,0.0000,v2_weak_rules,31.60,73,869,,true,150,1
X51006857071,train,train/img/X51006857071.jpg,train/box/X51006857071.txt,train/entities/X51006857071.txt,approved,1,pseudo_rule_clean,0.0000,v2_weak_rules,148.00,41,520,,false,150,1
X51006857265,train,train/img/X51006857265.jpg,train/box/X51006857265.txt,train/entities/X51006857265.txt,approved,1,pseudo_rule_noisy,0.0389,v2_weak_rules,31.45,44,656,,true,150,1
X51006857660,train,train/img/X51006857660.jpg,train/box/X51006857660.txt,train/entities/X51006857660.txt,approved,1,pseudo_rule_noisy,0.1510,v2_weak_rules,247.55,70,882,,true,150,1
X51006912960,train,train/img/X51006912960.jpg,train/box/X51006912960.txt,train/entities/X51006912960.txt,approved,1,pseudo_rule_clean,0.0000,v2_weak_rules,30.70,36,463,,false,150,1
X51006913007,train,train/img/X51006913007.jpg,train/box/X51006913007.txt,train/entities/X51006913007.txt,rejected,0,pseudo_rule_noisy,0.0000,v2_weak_rules,99.90,69,875,,true,150,1
X51006913024,train,train/img/X51006913024.jpg,train/box/X51006913024.txt,train/entities/X51006913024.txt,rejected,0,pseudo_rule_clean,0.1090,v2_weak_rules,8.90,39,579,,false,150,1
X51006913030,train,train/img/X51006913030.jpg,train/box/X51006913030.txt,train/entities/X51006913030.txt,rejected,0,pseudo_rule_clean,0.0694,v2_weak_rules,10.30,39,576,,false,150,1
X51006913031,train,train/img/X51006913031.jpg,train/box/X51006913031.txt,train/entities/X51006913031.txt,rejected,0,pseudo_rule_clean,0.0702,v2_weak_rules,6.60,34,523,,false,150,1
X51006913055,train,train/img/X51006913055.jpg,train/box/X51006913055.txt,train/entities/X51006913055.txt,approved,1,pseudo_rule_clean,0.0000,v2_weak_rules,75.70,52,637,,false,150,1
X51006913070,train,train/img/X51006913070.jpg,train/box/X51006913070.txt,train/entities/X51006913070.txt,rejected,0,pseudo_rule_clean,0.1086,v2_weak_rules,8.40,43,636,,false,150,1
X51007103639,train,train/img/X51007103639.jpg,train/box/X51007103639.txt,train/entities/X51007103639.txt,rejected,0,pseudo_rule_clean,0.0365,v2_weak_rules,15.40,49,666,,false,150,1
X51007103641,train,train/img/X51007103641.jpg,train/box/X51007103641.txt,train/entities/X51007103641.txt,approved,1,pseudo_rule_clean,0.0012,v2_weak_rules,34.80,57,748,,false,150,1
X51007103675,train,train/img/X51007103675.jpg,train/box/X51007103675.txt,train/entities/X51007103675.txt,rejected,0,pseudo_rule_noisy,0.0000,v2_weak_rules,48.10,50,632,,true,150,1
X51007103702,train,train/img/X51007103702.jpg,train/box/X51007103702.txt,train/entities/X51007103702.txt,rejected,0,pseudo_rule_noisy,0.0253,v2_weak_rules,5.00,44,593,,true,150,1
X51007228448,train,train/img/X51007228448.jpg,train/box/X51007228448.txt,train/entities/X51007228448.txt,rejected,0,pseudo_rule_noisy,0.0195,v2_weak_rules,11.60,42,428,,true,150,1
X51007231370,train,train/img/X51007231370.jpg,train/box/X51007231370.txt,train/entities/X51007231370.txt,approved,1,pseudo_rule_clean,0.0000,v2_weak_rules,15.15,40,413,,false,150,1
X51007231374,train,train/img/X51007231374.jpg,train/box/X51007231374.txt,train/entities/X51007231374.txt,approved,1,pseudo_rule_clean,0.0000,v2_weak_rules,24.40,44,517,,false,150,1
X51007262315,train,train/img/X51007262315.jpg,train/box/X51007262315.txt,train/entities/X51007262315.txt,approved,1,pseudo_rule_clean,0.0000,v2_weak_rules,70.30,47,749,,false,150,1
X51007262330,train,train/img/X51007262330.jpg,train/box/X51007262330.txt,train/entities/X51007262330.txt,approved,1,pseudo_rule_clean,0.0000,v2_weak_rules,41.20,45,605,,false,150,1
X51007339097,train,train/img/X51007339097.jpg,train/box/X51007339097.txt,train/entities/X51007339097.txt,approved,1,pseudo_rule_clean,0.0258,v2_weak_rules,8.70,47,754,,false,150,1
X51007339111,train,train/img/X51007339111.jpg,train/box/X51007339111.txt,train/entities/X51007339111.txt,approved,1,pseudo_rule_clean,0.0000,v2_weak_rules,3.00,45,736,,false,150,1
X51007339113,train,train/img/X51007339113.jpg,train/box/X51007339113.txt,train/entities/X51007339113.txt,approved,1,pseudo_rule_clean,0.0000,v2_weak_rules,5.80,46,754,,false,150,1
X51007339114,train,train/img/X51007339114.jpg,train/box/X51007339114.txt,train/entities/X51007339114.txt,rejected,0,pseudo_rule_clean,0.0286,v2_weak_rules,36.00,53,858,,false,150,1
X51007339118,train,train/img/X51007339118.jpg,train/box/X51007339118.txt,train/entities/X51007339118.txt,approved,1,pseudo_rule_clean,0.0193,v2_weak_rules,2.00,45,738,,false,150,1
X51007339120,train,train/img/X51007339120.jpg,train/box/X51007339120.txt,train/entities/X51007339120.txt,approved,1,pseudo_rule_clean,0.0000,v2_weak_rules,9.30,52,832,,false,150,1
X51007339126,train,train/img/X51007339126.jpg,train/box/X51007339126.txt,train/entities/X51007339126.txt,rejected,0,pseudo_rule_noisy,0.0006,v2_weak_rules,12.00,51,805,,true,150,1
X51007339139,train,train/img/X51007339139.jpg,train/box/X51007339139.txt,train/entities/X51007339139.txt,approved,1,pseudo_rule_clean,0.0056,v2_weak_rules,10.00,45,743,,false,150,1
X51007339150,train,train/img/X51007339150.jpg,train/box/X51007339150.txt,train/entities/X51007339150.txt,approved,1,pseudo_rule_clean,0.0000,v2_weak_rules,35.00,47,793,,false,150,1
X51007339151,train,train/img/X51007339151.jpg,train/box/X51007339151.txt,train/entities/X51007339151.txt,approved,1,pseudo_rule_clean,0.0000,v2_weak_rules,8.70,46,755,,false,150,1
X51007339164,train,train/img/X51007339164.jpg,train/box/X51007339164.txt,train/entities/X51007339164.txt,approved,1,pseudo_rule_clean,0.0189,v2_weak_rules,9.30,52,831,,false,150,1
X51007339639,train,train/img/X51007339639.jpg,train/box/X51007339639.txt,train/entities/X51007339639.txt,rejected,0,pseudo_rule_clean,0.0290,v2_weak_rules,4.00,58,770,,false,150,1
X51007339642,train,train/img/X51007339642.jpg,train/box/X51007339642.txt,train/entities/X51007339642.txt,rejected,0,pseudo_rule_noisy,0.0183,v2_weak_rules,14.00,57,779,,true,150,1
X51007339647,train,train/img/X51007339647.jpg,train/box/X51007339647.txt,train/entities/X51007339647.txt,rejected,0,pseudo_rule_noisy,0.0005,v2_weak_rules,16.00,58,773,,true,150,1
X51007339648,train,train/img/X51007339648.jpg,train/box/X51007339648.txt,train/entities/X51007339648.txt,approved,1,pseudo_rule_clean,0.0231,v2_weak_rules,30.00,58,780,,false,150,1
X51007339650,train,train/img/X51007339650.jpg,train/box/X51007339650.txt,train/entities/X51007339650.txt,approved,1,pseudo_rule_clean,0.0235,v2_weak_rules,24.00,57,790,,false,150,1
X51007339653,train,train/img/X51007339653.jpg,train/box/X51007339653.txt,train/entities/X51007339653.txt,rejected,0,pseudo_rule_clean,0.0336,v2_weak_rules,24.00,57,653,,false,150,1
X51007339656,train,train/img/X51007339656.jpg,train/box/X51007339656.txt,train/entities/X51007339656.txt,approved,1,pseudo_rule_clean,0.0000,v2_weak_rules,16.00,58,773,,false,150,1
X51007419197,train,train/img/X51007419197.jpg,train/box/X51007419197.txt,train/entities/X51007419197.txt,rejected,0,pseudo_rule_noisy,0.0000,v2_weak_rules,6.00,38,569,,true,150,1
X51007843145,train,train/img/X51007843145.jpg,train/box/X51007843145.txt,train/entities/X51007843145.txt,rejected,0,pseudo_rule_noisy,0.0141,v2_weak_rules,50.00,47,582,,true,150,1
X51007846301,train,train/img/X51007846301.jpg,train/box/X51007846301.txt,train/entities/X51007846301.txt,approved,1,pseudo_rule_noisy,0.0823,v2_weak_rules,8.50,46,622,,true,150,1
X51007846302,train,train/img/X51007846302.jpg,train/box/X51007846302.txt,train/entities/X51007846302.txt,approved,1,pseudo_rule_clean,0.0000,v2_weak_rules,15.40,75,817,,false,150,1
X51007846309,train,train/img/X51007846309.jpg,train/box/X51007846309.txt,train/entities/X51007846309.txt,rejected,0,pseudo_rule_clean,0.1361,v2_weak_rules,6.00,40,566,,false,150,1
X51007846326,train,train/img/X51007846326.jpg,train/box/X51007846326.txt,train/entities/X51007846326.txt,rejected,0,pseudo_rule_clean,0.0351,v2_weak_rules,10.30,56,612,,false,150,1
X51007846366,train,train/img/X51007846366.jpg,train/box/X51007846366.txt,train/entities/X51007846366.txt,rejected,0,pseudo_rule_noisy,0.0047,v2_weak_rules,38.60,61,861,,true,150,1
X51007846370,train,train/img/X51007846370.jpg,train/box/X51007846370.txt,train/entities/X51007846370.txt,approved,1,pseudo_rule_noisy,0.1163,v2_weak_rules,7.70,39,583,,true,150,1
X51007846391,train,train/img/X51007846391.jpg,train/box/X51007846391.txt,train/entities/X51007846391.txt,approved,1,pseudo_rule_noisy,0.1292,v2_weak_rules,8.20,39,590,,true,150,1
X51007846393,train,train/img/X51007846393.jpg,train/box/X51007846393.txt,train/entities/X51007846393.txt,approved,1,pseudo_rule_clean,0.0000,v2_weak_rules,14.20,60,747,,false,150,1
X51007846410,train,train/img/X51007846410.jpg,train/box/X51007846410.txt,train/entities/X51007846410.txt,approved,1,pseudo_rule_clean,0.0040,v2_weak_rules,12.00,68,665,,false,150,1
X51008030560,train,train/img/X51008030560.jpg,train/box/X51008030560.txt,train/entities/X51008030560.txt,approved,1,pseudo_rule_clean,0.0000,v2_weak_rules,11.60,57,536,,false,150,1
X51008042777,train,train/img/X51008042777.jpg,train/box/X51008042777.txt,train/entities/X51008042777.txt,rejected,0,pseudo_rule_noisy,0.0000,v2_weak_rules,4.80,44,472,,true,150,1
X51008042778,train,train/img/X51008042778.jpg,train/box/X51008042778.txt,train/entities/X51008042778.txt,approved,1,pseudo_rule_clean,0.0000,v2_weak_rules,19.40,49,505,,false,150,1
X51008042791,train,train/img/X51008042791.jpg,train/box/X51008042791.txt,train/entities/X51008042791.txt,approved,1,pseudo_rule_clean,0.0108,v2_weak_rules,2.40,43,466,,false,150,1
X51008042793,train,train/img/X51008042793.jpg,train/box/X51008042793.txt,train/entities/X51008042793.txt,rejected,0,pseudo_rule_noisy,0.0000,v2_weak_rules,2.50,45,493,,true,150,1
X51008064061,train,train/img/X51008064061.jpg,train/box/X51008064061.txt,train/entities/X51008064061.txt,approved,1,pseudo_rule_clean,0.0000,v2_weak_rules,69.20,46,687,,false,150,1
X51008099043,train,train/img/X51008099043.jpg,train/box/X51008099043.txt,train/entities/X51008099043.txt,approved,1,pseudo_rule_clean,0.0000,v2_weak_rules,4.60,43,476,,false,150,1
X51008099049,train,train/img/X51008099049.jpg,train/box/X51008099049.txt,train/entities/X51008099049.txt,rejected,0,pseudo_rule_clean,0.0933,v2_weak_rules,17.22,51,570,,false,150,1
X51008099054,train,train/img/X51008099054.jpg,train/box/X51008099054.txt,train/entities/X51008099054.txt,approved,1,pseudo_rule_clean,0.0000,v2_weak_rules,15.00,45,566,,false,150,1
X51008099071,train,train/img/X51008099071.jpg,train/box/X51008099071.txt,train/entities/X51008099071.txt,rejected,0,pseudo_rule_noisy,0.0094,v2_weak_rules,50.00,41,554,,true,150,1
X51008099073,train,train/img/X51008099073.jpg,train/box/X51008099073.txt,train/entities/X51008099073.txt,approved,1,pseudo_rule_clean,0.0080,v2_weak_rules,100.00,43,565,,false,150,1
X51008099081,train,train/img/X51008099081.jpg,train/box/X51008099081.txt,train/entities/X51008099081.txt,approved,1,pseudo_rule_clean,0.0000,v2_weak_rules,4.80,42,451,,false,150,1
X51008099087,train,train/img/X51008099087.jpg,train/box/X51008099087.txt,train/entities/X51008099087.txt,approved,1,pseudo_rule_clean,0.0007,v2_weak_rules,7.80,47,478,,false,150,1
X51008114216,train,train/img/X51008114216.jpg,train/box/X51008114216.txt,train/entities/X51008114216.txt,rejected,0,pseudo_rule_noisy,0.0079,v2_weak_rules,8.95,35,515,,true,150,1
X51008114260,train,train/img/X51008114260.jpg,train/box/X51008114260.txt,train/entities/X51008114260.txt,rejected,0,pseudo_rule_noisy,0.0000,v2_weak_rules,23.60,27,428,,true,150,1
X51008114262,train,train/img/X51008114262.jpg,train/box/X51008114262.txt,train/entities/X51008114262.txt,approved,1,pseudo_rule_clean,0.0066,v2_weak_rules,137.15,32,489,,false,150,1
X51008114282,train,train/img/X51008114282.jpg,train/box/X51008114282.txt,train/entities/X51008114282.txt,rejected,0,pseudo_rule_noisy,0.0000,v2_weak_rules,20.90,29,449,,true,150,1
X51008114321,train,train/img/X51008114321.jpg,train/box/X51008114321.txt,train/entities/X51008114321.txt,approved,1,pseudo_rule_clean,0.0000,v2_weak_rules,100.00,39,545,,false,150,1
X51008122920,train,train/img/X51008122920.jpg,train/box/X51008122920.txt,train/entities/X51008122920.txt,rejected,0,pseudo_rule_noisy,0.0000,v2_weak_rules,19.00,54,673,,true,150,1
X51008123451,train,train/img/X51008123451.jpg,train/box/X51008123451.txt,train/entities/X51008123451.txt,rejected,0,pseudo_rule_noisy,0.0000,v2_weak_rules,48.00,46,584,,true,150,1
X51008123580,train,train/img/X51008123580.jpg,train/box/X51008123580.txt,train/entities/X51008123580.txt,approved,1,pseudo_rule_clean,0.0000,v2_weak_rules,8.10,52,662,,false,150,1
X51008123586,train,train/img/X51008123586.jpg,train/box/X51008123586.txt,train/entities/X51008123586.txt,rejected,0,pseudo_rule_noisy,0.0000,v2_weak_rules,7.70,50,646,,true,150,1
X51008123599,train,train/img/X51008123599.jpg,train/box/X51008123599.txt,train/entities/X51008123599.txt,rejected,0,pseudo_rule_clean,0.0354,v2_weak_rules,28.30,51,631,,false,150,1
X51008128062,train,train/img/X51008128062.jpg,train/box/X51008128062.txt,train/entities/X51008128062.txt,rejected,0,pseudo_rule_noisy,0.0022,v2_weak_rules,27.00,42,416,,true,150,1
X51008128065,train,train/img/X51008128065.jpg,train/box/X51008128065.txt,train/entities/X51008128065.txt,rejected,0,pseudo_rule_noisy,0.0256,v2_weak_rules,19.90,28,453,,true,150,1
X51008142030,train,train/img/X51008142030.jpg,train/box/X51008142030.txt,train/entities/X51008142030.txt,rejected,0,pseudo_rule_noisy,0.0000,v2_weak_rules,52.00,54,633,,true,150,1
X51008142031,train,train/img/X51008142031.jpg,train/box/X51008142031.txt,train/entities/X51008142031.txt,approved,1,pseudo_rule_clean,0.0000,v2_weak_rules,71.00,62,693,,false,150,1
X51008142032,train,train/img/X51008142032.jpg,train/box/X51008142032.txt,train/entities/X51008142032.txt,approved,1,pseudo_rule_clean,0.0000,v2_weak_rules,112.35,62,670,,false,150,1
X51008142038,train,train/img/X51008142038.jpg,train/box/X51008142038.txt,train/entities/X51008142038.txt,approved,1,pseudo_rule_clean,0.0000,v2_weak_rules,27.90,29,449,,false,150,1
X51008142060,train,train/img/X51008142060.jpg,train/box/X51008142060.txt,train/entities/X51008142060.txt,approved,1,pseudo_rule_clean,0.0000,v2_weak_rules,121.90,78,749,,false,150,1
X51008142063,train,train/img/X51008142063.jpg,train/box/X51008142063.txt,train/entities/X51008142063.txt,rejected,0,pseudo_rule_clean,0.1819,v2_weak_rules,404.39,91,812,,false,150,1
X51008142065,train,train/img/X51008142065.jpg,train/box/X51008142065.txt,train/entities/X51008142065.txt,approved,1,pseudo_rule_noisy,0.1044,v2_weak_rules,162.71,92,821,,true,150,1
X51008142068,train,train/img/X51008142068.jpg,train/box/X51008142068.txt,train/entities/X51008142068.txt,approved,1,pseudo_rule_clean,0.0000,v2_weak_rules,68.90,77,722,,false,150,1
X51008145505,train,train/img/X51008145505.jpg,train/box/X51008145505.txt,train/entities/X51008145505.txt,rejected,0,pseudo_rule_clean,0.1943,v2_weak_rules,489.30,50,534,,false,150,1
X51008164510,train,train/img/X51008164510.jpg,train/box/X51008164510.txt,train/entities/X51008164510.txt,rejected,0,pseudo_rule_clean,0.1036,v2_weak_rules,152.00,23,291,,false,150,1
X51008164525,train,train/img/X51008164525.jpg,train/box/X51008164525.txt,train/entities/X51008164525.txt,approved,1,pseudo_rule_clean,0.0000,v2_weak_rules,30.45,53,649,,false,150,1
X51008164969,train,train/img/X51008164969.jpg,train/box/X51008164969.txt,train/entities/X51008164969.txt,approved,1,pseudo_rule_clean,0.0024,v2_weak_rules,59.00,60,631,,false,150,1
X51008164996,train,train/img/X51008164996.jpg,train/box/X51008164996.txt,train/entities/X51008164996.txt,approved,1,pseudo_rule_clean,0.0127,v2_weak_rules,58.00,58,672,,false,150,1
X51009453804,train,train/img/X51009453804.jpg,train/box/X51009453804.txt,train/entities/X51009453804.txt,rejected,0,pseudo_rule_clean,0.0377,v2_weak_rules,12.00,43,533,,false,150,1
X00016469670,test,test/img/X00016469670.jpg,test/box/X00016469670.txt,test/entities/X00016469670.txt,rejected,0,pseudo_rule_clean,0.1218,v2_weak_rules,193.00,47,664,,false,150,1
X00016469671,test,test/img/X00016469671.jpg,test/box/X00016469671.txt,test/entities/X00016469671.txt,rejected,0,pseudo_rule_clean,0.0937,v2_weak_rules,170.00,41,576,,false,150,1
X51005200931,test,test/img/X51005200931.jpg,test/box/X51005200931.txt,test/entities/X51005200931.txt,rejected,0,pseudo_rule_clean,0.1945,v2_weak_rules,436.20,81,901,,false,150,1
X51005230605,test,test/img/X51005230605.jpg,test/box/X51005230605.txt,test/entities/X51005230605.txt,approved,1,pseudo_rule_clean,0.0000,v2_weak_rules,4.90,44,501,,false,150,1
X51005230616,test,test/img/X51005230616.jpg,test/box/X51005230616.txt,test/entities/X51005230616.txt,approved,1,pseudo_rule_clean,0.0122,v2_weak_rules,38.90,46,810,,false,150,1
X51005230621,test,test/img/X51005230621.jpg,test/box/X51005230621.txt,test/entities/X51005230621.txt,approved,1,pseudo_rule_clean,0.0000,v2_weak_rules,7.30,54,620,,false,150,1
X51005230648,test,test/img/X51005230648.jpg,test/box/X51005230648.txt,test/entities/X51005230648.txt,approved,1,pseudo_rule_clean,0.0000,v2_weak_rules,6.35,45,612,,false,150,1
X51005230657,test,test/img/X51005230657.jpg,test/box/X51005230657.txt,test/entities/X51005230657.txt,approved,1,pseudo_rule_clean,0.0000,v2_weak_rules,7.95,57,692,,false,150,1
X51005230659,test,test/img/X51005230659.jpg,test/box/X51005230659.txt,test/entities/X51005230659.txt,approved,1,pseudo_rule_clean,0.0000,v2_weak_rules,8.00,36,462,,false,150,1
X51005268275,test,test/img/X51005268275.jpg,test/box/X51005268275.txt,test/entities/X51005268275.txt,rejected,0,pseudo_rule_clean,0.1150,v2_weak_rules,278.80,89,1083,,false,150,1
X51005268408,test,test/img/X51005268408.jpg,test/box/X51005268408.txt,test/entities/X51005268408.txt,rejected,0,pseudo_rule_clean,0.1568,v2_weak_rules,169.80,38,597,,false,150,1
X51005288570,test,test/img/X51005288570.jpg,test/box/X51005288570.txt,test/entities/X51005288570.txt,rejected,0,pseudo_rule_clean,0.1340,v2_weak_rules,1.00,34,362,,false,150,1
X51005301666,test,test/img/X51005301666.jpg,test/box/X51005301666.txt,test/entities/X51005301666.txt,rejected,0,pseudo_rule_clean,0.1108,v2_weak_rules,278.80,89,1088,,false,150,1
X51005337867,test,test/img/X51005337867.jpg,test/box/X51005337867.txt,test/entities/X51005337867.txt,rejected,0,pseudo_rule_clean,0.2330,v2_weak_rules,30.25,61,609,,false,150,1
X51005337877,test,test/img/X51005337877.jpg,test/box/X51005337877.txt,test/entities/X51005337877.txt,approved,1,pseudo_rule_clean,0.0000,v2_weak_rules,53.00,53,528,,false,150,1
X51005361906,test,test/img/X51005361906.jpg,test/box/X51005361906.txt,test/entities/X51005361906.txt,rejected,0,pseudo_rule_clean,0.1057,v2_weak_rules,27.35,81,836,,false,150,1
X51005361908,test,test/img/X51005361908.jpg,test/box/X51005361908.txt,test/entities/X51005361908.txt,approved,1,pseudo_rule_clean,0.0000,v2_weak_rules,127.20,61,648,,false,150,1
X51005361912,test,test/img/X51005361912.jpg,test/box/X51005361912.txt,test/entities/X51005361912.txt,approved,1,pseudo_rule_clean,0.0000,v2_weak_rules,1.05,62,624,,false,150,1
X51005361923,test,test/img/X51005361923.jpg,test/box/X51005361923.txt,test/entities/X51005361923.txt,approved,1,pseudo_rule_clean,0.0212,v2_weak_rules,4.20,33,423,,false,150,1
X51005365187,test,test/img/X51005365187.jpg,test/box/X51005365187.txt,test/entities/X51005365187.txt,rejected,0,pseudo_rule_clean,0.0290,v2_weak_rules,31.90,106,938,,false,150,1
X51005433518,test,test/img/X51005433518.jpg,test/box/X51005433518.txt,test/entities/X51005433518.txt,rejected,0,pseudo_rule_clean,0.0743,v2_weak_rules,8.20,39,580,,false,150,1
X51005433543,test,test/img/X51005433543.jpg,test/box/X51005433543.txt,test/entities/X51005433543.txt,rejected,0,pseudo_rule_clean,0.0963,v2_weak_rules,8.20,39,580,,false,150,1
X51005433548,test,test/img/X51005433548.jpg,test/box/X51005433548.txt,test/entities/X51005433548.txt,approved,1,pseudo_rule_clean,0.0207,v2_weak_rules,33.80,56,604,,false,150,1
X51005433556,test,test/img/X51005433556.jpg,test/box/X51005433556.txt,test/entities/X51005433556.txt,approved,1,pseudo_rule_clean,0.0000,v2_weak_rules,49.70,79,708,,false,150,1
X51005442322,test,test/img/X51005442322.jpg,test/box/X51005442322.txt,test/entities/X51005442322.txt,rejected,0,pseudo_rule_clean,0.1994,v2_weak_rules,269.40,72,1074,,false,150,1
X51005442334,test,test/img/X51005442334.jpg,test/box/X51005442334.txt,test/entities/X51005442334.txt,rejected,0,pseudo_rule_clean,0.1202,v2_weak_rules,8.20,39,575,,false,150,1
X51005442343,test,test/img/X51005442343.jpg,test/box/X51005442343.txt,test/entities/X51005442343.txt,rejected,0,pseudo_rule_clean,0.0375,v2_weak_rules,72.00,64,686,,false,150,1
X51005442366,test,test/img/X51005442366.jpg,test/box/X51005442366.txt,test/entities/X51005442366.txt,approved,1,pseudo_rule_clean,0.0207,v2_weak_rules,22.60,41,453,,false,150,1
X51005442375,test,test/img/X51005442375.jpg,test/box/X51005442375.txt,test/entities/X51005442375.txt,rejected,0,pseudo_rule_clean,0.0897,v2_weak_rules,8.50,39,576,,false,150,1
X51005442382,test,test/img/X51005442382.jpg,test/box/X51005442382.txt,test/entities/X51005442382.txt,rejected,0,pseudo_rule_clean,0.0820,v2_weak_rules,6.60,35,530,,false,150,1
X51005442388,test,test/img/X51005442388.jpg,test/box/X51005442388.txt,test/entities/X51005442388.txt,approved,1,pseudo_rule_clean,0.0000,v2_weak_rules,21.60,33,289,,false,150,1
X51005444040,test,test/img/X51005444040.jpg,test/box/X51005444040.txt,test/entities/X51005444040.txt,approved,1,pseudo_rule_clean,0.0000,v2_weak_rules,133.70,52,737,,false,150,1
X51005444041,test,test/img/X51005444041.jpg,test/box/X51005444041.txt,test/entities/X51005444041.txt,rejected,0,pseudo_rule_clean,0.0279,v2_weak_rules,81.00,65,929,,false,150,1
X51005444044,test,test/img/X51005444044.jpg,test/box/X51005444044.txt,test/entities/X51005444044.txt,approved,1,pseudo_rule_clean,0.0000,v2_weak_rules,5.35,26,404,,false,150,1
X51005444046,test,test/img/X51005444046.jpg,test/box/X51005444046.txt,test/entities/X51005444046.txt,approved,1,pseudo_rule_clean,0.0202,v2_weak_rules,66.15,63,798,,false,150,1
X51005447841,test,test/img/X51005447841.jpg,test/box/X51005447841.txt,test/entities/X51005447841.txt,approved,1,pseudo_rule_clean,0.0264,v2_weak_rules,10.40,64,687,,false,150,1
X51005447842,test,test/img/X51005447842.jpg,test/box/X51005447842.txt,test/entities/X51005447842.txt,approved,1,pseudo_rule_clean,0.0212,v2_weak_rules,0.90,43,524,,false,150,1
X51005447844,test,test/img/X51005447844.jpg,test/box/X51005447844.txt,test/entities/X51005447844.txt,approved,1,pseudo_rule_clean,0.0000,v2_weak_rules,110.00,66,584,,false,150,1
X51005447851,test,test/img/X51005447851.jpg,test/box/X51005447851.txt,test/entities/X51005447851.txt,approved,1,pseudo_rule_clean,0.0000,v2_weak_rules,1.70,43,531,,false,150,1
X51005447859,test,test/img/X51005447859.jpg,test/box/X51005447859.txt,test/entities/X51005447859.txt,approved,1,pseudo_rule_clean,0.0254,v2_weak_rules,1.45,43,535,,false,150,1
X51005568855,test,test/img/X51005568855.jpg,test/box/X51005568855.txt,test/entities/X51005568855.txt,rejected,0,pseudo_rule_clean,0.0365,v2_weak_rules,140.65,84,1221,,false,150,1
X51005568866,test,test/img/X51005568866.jpg,test/box/X51005568866.txt,test/entities/X51005568866.txt,approved,1,pseudo_rule_clean,0.0115,v2_weak_rules,5.05,50,765,,false,150,1
X51005568885,test,test/img/X51005568885.jpg,test/box/X51005568885.txt,test/entities/X51005568885.txt,approved,1,pseudo_rule_clean,0.0000,v2_weak_rules,56.00,46,524,,false,150,1
X51005568887,test,test/img/X51005568887.jpg,test/box/X51005568887.txt,test/entities/X51005568887.txt,approved,1,pseudo_rule_clean,0.0000,v2_weak_rules,7.20,50,584,,false,150,1
X51005568889,test,test/img/X51005568889.jpg,test/box/X51005568889.txt,test/entities/X51005568889.txt,approved,1,pseudo_rule_clean,0.0000,v2_weak_rules,19.60,50,591,,false,150,1
X51005568890,test,test/img/X51005568890.jpg,test/box/X51005568890.txt,test/entities/X51005568890.txt,approved,1,pseudo_rule_clean,0.0000,v2_weak_rules,5.00,49,562,,false,150,1
X51005568892,test,test/img/X51005568892.jpg,test/box/X51005568892.txt,test/entities/X51005568892.txt,rejected,0,pseudo_rule_clean,0.0280,v2_weak_rules,26.00,46,522,,false,150,1
X51005568894,test,test/img/X51005568894.jpg,test/box/X51005568894.txt,test/entities/X51005568894.txt,approved,1,pseudo_rule_clean,0.0000,v2_weak_rules,46.65,80,974,,false,150,1
X51005568895,test,test/img/X51005568895.jpg,test/box/X51005568895.txt,test/entities/X51005568895.txt,approved,1,pseudo_rule_clean,0.0181,v2_weak_rules,52.45,68,900,,false,150,1
X51005577191,test,test/img/X51005577191.jpg,test/box/X51005577191.txt,test/entities/X51005577191.txt,approved,1,pseudo_rule_clean,0.0000,v2_weak_rules,10.00,53,560,,false,150,1
X51005582745,test,test/img/X51005582745.jpg,test/box/X51005582745.txt,test/entities/X51005582745.txt,rejected,0,pseudo_rule_clean,0.1049,v2_weak_rules,150.00,53,590,,false,150,1
X51005587261,test,test/img/X51005587261.jpg,test/box/X51005587261.txt,test/entities/X51005587261.txt,approved,1,pseudo_rule_clean,0.0000,v2_weak_rules,30.00,51,667,,false,150,1
X51005605287,test,test/img/X51005605287.jpg,test/box/X51005605287.txt,test/entities/X51005605287.txt,approved,1,pseudo_rule_clean,0.0000,v2_weak_rules,12.25,39,533,,false,150,1
X51005605295,test,test/img/X51005605295.jpg,test/box/X51005605295.txt,test/entities/X51005605295.txt,approved,1,pseudo_rule_clean,0.0073,v2_weak_rules,5.15,45,562,,false,150,1
X51005605332,test,test/img/X51005605332.jpg,test/box/X51005605332.txt,test/entities/X51005605332.txt,rejected,0,pseudo_rule_clean,0.0363,v2_weak_rules,7.95,38,567,,false,150,1
X51005621482,test,test/img/X51005621482.jpg,test/box/X51005621482.txt,test/entities/X51005621482.txt,approved,1,pseudo_rule_clean,0.0196,v2_weak_rules,13.40,57,1151,,false,150,1
X51005663274,test,test/img/X51005663274.jpg,test/box/X51005663274.txt,test/entities/X51005663274.txt,approved,1,pseudo_rule_clean,0.0156,v2_weak_rules,10.50,42,520,,false,150,1
X51005663300,test,test/img/X51005663300.jpg,test/box/X51005663300.txt,test/entities/X51005663300.txt,approved,1,pseudo_rule_clean,0.0203,v2_weak_rules,7.00,42,510,,false,150,1
X51005663307,test,test/img/X51005663307.jpg,test/box/X51005663307.txt,test/entities/X51005663307.txt,approved,1,pseudo_rule_clean,0.0000,v2_weak_rules,56.80,80,858,,false,150,1
X51005663309,test,test/img/X51005663309.jpg,test/box/X51005663309.txt,test/entities/X51005663309.txt,approved,1,pseudo_rule_clean,0.0194,v2_weak_rules,5.30,49,450,,false,150,1
X51005663310,test,test/img/X51005663310.jpg,test/box/X51005663310.txt,test/entities/X51005663310.txt,approved,1,pseudo_rule_clean,0.0000,v2_weak_rules,8.40,42,521,,false,150,1
X51005663323,test,test/img/X51005663323.jpg,test/box/X51005663323.txt,test/entities/X51005663323.txt,rejected,0,pseudo_rule_clean,0.1900,v2_weak_rules,848.00,47,477,,false,150,1
X51005675099,test,test/img/X51005675099.jpg,test/box/X51005675099.txt,test/entities/X51005675099.txt,approved,1,pseudo_rule_clean,0.0000,v2_weak_rules,132.50,55,595,,false,150,1
X51005675103,test,test/img/X51005675103.jpg,test/box/X51005675103.txt,test/entities/X51005675103.txt,approved,1,pseudo_rule_clean,0.0001,v2_weak_rules,100.17,70,685,,false,150,1
X51005675104,test,test/img/X51005675104.jpg,test/box/X51005675104.txt,test/entities/X51005675104.txt,rejected,0,pseudo_rule_clean,0.0939,v2_weak_rules,190.80,58,610,,false,150,1
X51005675914,test,test/img/X51005675914.jpg,test/box/X51005675914.txt,test/entities/X51005675914.txt,approved,1,pseudo_rule_clean,0.0000,v2_weak_rules,67.85,99,896,,false,150,1
X51005676534,test,test/img/X51005676534.jpg,test/box/X51005676534.txt,test/entities/X51005676534.txt,approved,1,pseudo_rule_clean,0.0118,v2_weak_rules,72.08,70,684,,false,150,1
X51005676535,test,test/img/X51005676535.jpg,test/box/X51005676535.txt,test/entities/X51005676535.txt,rejected,0,pseudo_rule_clean,0.0370,v2_weak_rules,89.04,64,639,,false,150,1
X51005676537,test,test/img/X51005676537.jpg,test/box/X51005676537.txt,test/entities/X51005676537.txt,approved,1,pseudo_rule_clean,0.0066,v2_weak_rules,94.34,64,649,,false,150,1
X51005676542,test,test/img/X51005676542.jpg,test/box/X51005676542.txt,test/entities/X51005676542.txt,approved,1,pseudo_rule_clean,0.0000,v2_weak_rules,10.60,58,598,,false,150,1
X51005676548,test,test/img/X51005676548.jpg,test/box/X51005676548.txt,test/entities/X51005676548.txt,rejected,0,pseudo_rule_clean,0.0312,v2_weak_rules,11.13,63,623,,false,150,1
X51005677327,test,test/img/X51005677327.jpg,test/box/X51005677327.txt,test/entities/X51005677327.txt,rejected,0,pseudo_rule_clean,0.0274,v2_weak_rules,36.04,58,597,,false,150,1
X51005677333,test,test/img/X51005677333.jpg,test/box/X51005677333.txt,test/entities/X51005677333.txt,approved,1,pseudo_rule_clean,0.0000,v2_weak_rules,101.76,71,715,,false,150,1
X51005677336,test,test/img/X51005677336.jpg,test/box/X51005677336.txt,test/entities/X51005677336.txt,approved,1,pseudo_rule_clean,0.0000,v2_weak_rules,22.26,58,577,,false,150,1
X51005677337,test,test/img/X51005677337.jpg,test/box/X51005677337.txt,test/entities/X51005677337.txt,approved,1,pseudo_rule_clean,0.0000,v2_weak_rules,94.13,64,617,,false,150,1
X510056849111,test,test/img/X510056849111.jpg,test/box/X510056849111.txt,test/entities/X510056849111.txt,rejected,0,pseudo_rule_clean,0.0362,v2_weak_rules,7.42,32,353,,false,150,1
X51005684949,test,test/img/X51005684949.jpg,test/box/X51005684949.txt,test/entities/X51005684949.txt,approved,1,pseudo_rule_clean,0.0205,v2_weak_rules,7.42,29,343,,false,150,1
X51005705727,test,test/img/X51005705727.jpg,test/box/X51005705727.txt,test/entities/X51005705727.txt,approved,1,pseudo_rule_clean,0.0000,v2_weak_rules,38.15,60,666,,false,150,1
X51005705729,test,test/img/X51005705729.jpg,test/box/X51005705729.txt,test/entities/X51005705729.txt,rejected,0,pseudo_rule_clean,0.0375,v2_weak_rules,94.60,66,701,,false,150,1
X51005705784,test,test/img/X51005705784.jpg,test/box/X51005705784.txt,test/entities/X51005705784.txt,approved,1,pseudo_rule_clean,0.0000,v2_weak_rules,48.00,81,832,,false,150,1
X51005710963,test,test/img/X51005710963.jpg,test/box/X51005710963.txt,test/entities/X51005710963.txt,approved,1,pseudo_rule_clean,0.0134,v2_weak_rules,7.40,52,535,,false,150,1
X51005711402,test,test/img/X51005711402.jpg,test/box/X51005711402.txt,test/entities/X51005711402.txt,rejected,0,pseudo_rule_clean,0.0275,v2_weak_rules,9.60,54,525,,false,150,1
X51005711443,test,test/img/X51005711443.jpg,test/box/X51005711443.txt,test/entities/X51005711443.txt,approved,1,pseudo_rule_clean,0.0000,v2_weak_rules,6.70,54,526,,false,150,1
X51005711444,test,test/img/X51005711444.jpg,test/box/X51005711444.txt,test/entities/X51005711444.txt,approved,1,pseudo_rule_clean,0.0000,v2_weak_rules,4.80,44,471,,false,150,1
X51005711446,test,test/img/X51005711446.jpg,test/box/X51005711446.txt,test/entities/X51005711446.txt,approved,1,pseudo_rule_clean,0.0000,v2_weak_rules,7.20,49,497,,false,150,1
X51005711449,test,test/img/X51005711449.jpg,test/box/X51005711449.txt,test/entities/X51005711449.txt,approved,1,pseudo_rule_clean,0.0000,v2_weak_rules,4.80,44,470,,false,150,1
X51005715007,test,test/img/X51005715007.jpg,test/box/X51005715007.txt,test/entities/X51005715007.txt,approved,1,pseudo_rule_clean,0.0000,v2_weak_rules,18.70,51,668,,false,150,1
X51005715455,test,test/img/X51005715455.jpg,test/box/X51005715455.txt,test/entities/X51005715455.txt,rejected,0,pseudo_rule_clean,0.0740,v2_weak_rules,10.60,28,429,,false,150,1
X51005719823,test,test/img/X51005719823.jpg,test/box/X51005719823.txt,test/entities/X51005719823.txt,approved,1,pseudo_rule_clean,0.0000,v2_weak_rules,46.20,68,670,,false,150,1
X51005719855,test,test/img/X51005719855.jpg,test/box/X51005719855.txt,test/entities/X51005719855.txt,rejected,0,pseudo_rule_clean,0.0901,v2_weak_rules,181.55,52,572,,false,150,1
X51005719857,test,test/img/X51005719857.jpg,test/box/X51005719857.txt,test/entities/X51005719857.txt,rejected,0,pseudo_rule_clean,0.0290,v2_weak_rules,23.80,48,652,,false,150,1
X51005719863,test,test/img/X51005719863.jpg,test/box/X51005719863.txt,test/entities/X51005719863.txt,approved,1,pseudo_rule_clean,0.0037,v2_weak_rules,77.40,56,533,,false,150,1
X51005719888,test,test/img/X51005719888.jpg,test/box/X51005719888.txt,test/entities/X51005719888.txt,approved,1,pseudo_rule_clean,0.0082,v2_weak_rules,39.80,43,556,,false,150,1
X51005719889,test,test/img/X51005719889.jpg,test/box/X51005719889.txt,test/entities/X51005719889.txt,rejected,0,pseudo_rule_clean,0.0396,v2_weak_rules,42.00,59,682,,false,150,1
X51005719895,test,test/img/X51005719895.jpg,test/box/X51005719895.txt,test/entities/X51005719895.txt,approved,1,pseudo_rule_clean,0.0000,v2_weak_rules,34.80,57,725,,false,150,1
X51005719898,test,test/img/X51005719898.jpg,test/box/X51005719898.txt,test/entities/X51005719898.txt,approved,1,pseudo_rule_clean,0.0114,v2_weak_rules,11.90,37,560,,false,150,1
X51005719903,test,test/img/X51005719903.jpg,test/box/X51005719903.txt,test/entities/X51005719903.txt,approved,1,pseudo_rule_clean,0.0141,v2_weak_rules,8.50,33,551,,false,150,1
X51005719905,test,test/img/X51005719905.jpg,test/box/X51005719905.txt,test/entities/X51005719905.txt,rejected,0,pseudo_rule_clean,0.0269,v2_weak_rules,8.20,77,699,,false,150,1
X51005724552,test,test/img/X51005724552.jpg,test/box/X51005724552.txt,test/entities/X51005724552.txt,approved,1,pseudo_rule_clean,0.0080,v2_weak_rules,68.90,68,722,,false,150,1
X51005724611,test,test/img/X51005724611.jpg,test/box/X51005724611.txt,test/entities/X51005724611.txt,approved,1,pseudo_rule_clean,0.0000,v2_weak_rules,144.16,68,731,,false,150,1
X51005724622,test,test/img/X51005724622.jpg,test/box/X51005724622.txt,test/entities/X51005724622.txt,approved,1,pseudo_rule_clean,0.0000,v2_weak_rules,91.16,75,767,,false,150,1
X51005724623,test,test/img/X51005724623.jpg,test/box/X51005724623.txt,test/entities/X51005724623.txt,rejected,0,pseudo_rule_clean,0.2098,v2_weak_rules,312.70,74,730,,false,150,1
X51005724624,test,test/img/X51005724624.jpg,test/box/X51005724624.txt,test/entities/X51005724624.txt,approved,1,pseudo_rule_clean,0.0224,v2_weak_rules,135.68,75,775,,false,150,1
X51005724625,test,test/img/X51005724625.jpg,test/box/X51005724625.txt,test/entities/X51005724625.txt,rejected,0,pseudo_rule_clean,0.1598,v2_weak_rules,283.55,82,814,,false,150,1
X51005724626,test,test/img/X51005724626.jpg,test/box/X51005724626.txt,test/entities/X51005724626.txt,rejected,0,pseudo_rule_clean,0.0802,v2_weak_rules,270.30,82,818,,false,150,1
X51005724628,test,test/img/X51005724628.jpg,test/box/X51005724628.txt,test/entities/X51005724628.txt,approved,1,pseudo_rule_clean,0.0000,v2_weak_rules,84.80,68,724,,false,150,1
X51005741929,test,test/img/X51005741929.jpg,test/box/X51005741929.txt,test/entities/X51005741929.txt,approved,1,pseudo_rule_clean,0.0042,v2_weak_rules,5.50,45,635,,false,150,1
X51005742110,test,test/img/X51005742110.jpg,test/box/X51005742110.txt,test/entities/X51005742110.txt,approved,1,pseudo_rule_clean,0.0000,v2_weak_rules,65.70,39,431,,false,150,1
X51005745213,test,test/img/X51005745213.jpg,test/box/X51005745213.txt,test/entities/X51005745213.txt,approved,1,pseudo_rule_clean,0.0000,v2_weak_rules,7.00,47,599,,false,150,1
X51005745244,test,test/img/X51005745244.jpg,test/box/X51005745244.txt,test/entities/X51005745244.txt,rejected,0,pseudo_rule_clean,0.0278,v2_weak_rules,11.90,34,584,,false,150,1
X51005745298,test,test/img/X51005745298.jpg,test/box/X51005745298.txt,test/entities/X51005745298.txt,approved,1,pseudo_rule_clean,0.0000,v2_weak_rules,4.00,34,491,,false,150,1
X51005746203,test,test/img/X51005746203.jpg,test/box/X51005746203.txt,test/entities/X51005746203.txt,rejected,0,pseudo_rule_clean,0.2001,v2_weak_rules,408.45,92,1145,,false,150,1
X51005746204,test,test/img/X51005746204.jpg,test/box/X51005746204.txt,test/entities/X51005746204.txt,rejected,0,pseudo_rule_clean,0.3103,v2_weak_rules,308.70,50,521,,false,150,1
X51005746206,test,test/img/X51005746206.jpg,test/box/X51005746206.txt,test/entities/X51005746206.txt,approved,1,pseudo_rule_clean,0.0251,v2_weak_rules,105.00,52,614,,false,150,1
X51005746207,test,test/img/X51005746207.jpg,test/box/X51005746207.txt,test/entities/X51005746207.txt,approved,1,pseudo_rule_clean,0.0236,v2_weak_rules,18.30,73,1004,,false,150,1
X51005746210,test,test/img/X51005746210.jpg,test/box/X51005746210.txt,test/entities/X51005746210.txt,rejected,0,pseudo_rule_clean,0.1071,v2_weak_rules,145.10,70,948,,false,150,1
X51005749904,test,test/img/X51005749904.jpg,test/box/X51005749904.txt,test/entities/X51005749904.txt,approved,1,pseudo_rule_clean,0.0215,v2_weak_rules,4.00,37,472,,false,150,1
X51005757233,test,test/img/X51005757233.jpg,test/box/X51005757233.txt,test/entities/X51005757233.txt,approved,1,pseudo_rule_clean,0.0000,v2_weak_rules,9.95,37,625,,false,150,1
X51005757282,test,test/img/X51005757282.jpg,test/box/X51005757282.txt,test/entities/X51005757282.txt,approved,1,pseudo_rule_clean,0.0058,v2_weak_rules,24.50,51,572,,false,150,1
X51005757292,test,test/img/X51005757292.jpg,test/box/X51005757292.txt,test/entities/X51005757292.txt,approved,1,pseudo_rule_clean,0.0000,v2_weak_rules,6.60,30,522,,false,150,1
X51005757308,test,test/img/X51005757308.jpg,test/box/X51005757308.txt,test/entities/X51005757308.txt,rejected,0,pseudo_rule_clean,0.0333,v2_weak_rules,21.50,59,816,,false,150,1
X51005757342,test,test/img/X51005757342.jpg,test/box/X51005757342.txt,test/entities/X51005757342.txt,rejected,0,pseudo_rule_clean,0.0284,v2_weak_rules,6.20,41,608,,false,150,1
X51005763958,test,test/img/X51005763958.jpg,test/box/X51005763958.txt,test/entities/X51005763958.txt,approved,1,pseudo_rule_clean,0.0000,v2_weak_rules,59.00,46,760,,false,150,1
X51005763964,test,test/img/X51005763964.jpg,test/box/X51005763964.txt,test/entities/X51005763964.txt,approved,1,pseudo_rule_clean,0.0000,v2_weak_rules,65.70,39,430,,false,150,1
X51005763999,test,test/img/X51005763999.jpg,test/box/X51005763999.txt,test/entities/X51005763999.txt,rejected,0,pseudo_rule_clean,0.2945,v2_weak_rules,674.00,63,873,,false,150,1
X51005764031,test,test/img/X51005764031.jpg,test/box/X51005764031.txt,test/entities/X51005764031.txt,approved,1,pseudo_rule_clean,0.0152,v2_weak_rules,42.10,60,892,,false,150,1
X51005764154,test,test/img/X51005764154.jpg,test/box/X51005764154.txt,test/entities/X51005764154.txt,rejected,0,pseudo_rule_clean,0.0810,v2_weak_rules,205.50,57,692,,false,150,1
X51005764161,test,test/img/X51005764161.jpg,test/box/X51005764161.txt,test/entities/X51005764161.txt,approved,1,pseudo_rule_clean,0.0000,v2_weak_rules,98.90,31,474,,false,150,1
X51005806692,test,test/img/X51005806692.jpg,test/box/X51005806692.txt,test/entities/X51005806692.txt,rejected,0,pseudo_rule_clean,0.1884,v2_weak_rules,367.30,107,1003,,false,150,1
X51005806695,test,test/img/X51005806695.jpg,test/box/X51005806695.txt,test/entities/X51005806695.txt,rejected,0,pseudo_rule_clean,0.1135,v2_weak_rules,4.10,44,688,,false,150,1
X51005806696,test,test/img/X51005806696.jpg,test/box/X51005806696.txt,test/entities/X51005806696.txt,approved,1,pseudo_rule_clean,0.0000,v2_weak_rules,7.20,42,462,,false,150,1
X51005806718,test,test/img/X51005806718.jpg,test/box/X51005806718.txt,test/entities/X51005806718.txt,rejected,0,pseudo_rule_clean,0.0398,v2_weak_rules,40.80,57,609,,false,150,1
X51005806719,test,test/img/X51005806719.jpg,test/box/X51005806719.txt,test/entities/X51005806719.txt,approved,1,pseudo_rule_clean,0.0000,v2_weak_rules,63.00,65,675,,false,150,1
X51005806720,test,test/img/X51005806720.jpg,test/box/X51005806720.txt,test/entities/X51005806720.txt,approved,1,pseudo_rule_clean,0.0000,v2_weak_rules,20.00,62,676,,false,150,1
X51006008081,test,test/img/X51006008081.jpg,test/box/X51006008081.txt,test/entities/X51006008081.txt,rejected,0,pseudo_rule_clean,0.1446,v2_weak_rules,226.60,63,674,,false,150,1
X51006008082,test,test/img/X51006008082.jpg,test/box/X51006008082.txt,test/entities/X51006008082.txt,rejected,0,pseudo_rule_clean,0.1325,v2_weak_rules,204.20,99,965,,false,150,1
X51006008083,test,test/img/X51006008083.jpg,test/box/X51006008083.txt,test/entities/X51006008083.txt,rejected,0,pseudo_rule_clean,0.0288,v2_weak_rules,119.55,69,757,,false,150,1
X51006008090,test,test/img/X51006008090.jpg,test/box/X51006008090.txt,test/entities/X51006008090.txt,rejected,0,pseudo_rule_clean,0.0286,v2_weak_rules,30.50,65,911,,false,150,1
X51006008092,test,test/img/X51006008092.jpg,test/box/X51006008092.txt,test/entities/X51006008092.txt,approved,1,pseudo_rule_clean,0.0000,v2_weak_rules,30.70,53,782,,false,150,1
X51006008093,test,test/img/X51006008093.jpg,test/box/X51006008093.txt,test/entities/X51006008093.txt,approved,1,pseudo_rule_clean,0.0254,v2_weak_rules,12.15,41,642,,false,150,1
X51006008105,test,test/img/X51006008105.jpg,test/box/X51006008105.txt,test/entities/X51006008105.txt,approved,1,pseudo_rule_clean,0.0000,v2_weak_rules,65.10,45,679,,false,150,1
X51006008166,test,test/img/X51006008166.jpg,test/box/X51006008166.txt,test/entities/X51006008166.txt,rejected,0,pseudo_rule_clean,0.1784,v2_weak_rules,750.00,49,538,,false,150,1
X51006008206,test,test/img/X51006008206.jpg,test/box/X51006008206.txt,test/entities/X51006008206.txt,approved,1,pseudo_rule_clean,0.0000,v2_weak_rules,63.90,34,527,,false,150,1
X51006248253,test,test/img/X51006248253.jpg,test/box/X51006248253.txt,test/entities/X51006248253.txt,approved,1,pseudo_rule_clean,0.0232,v2_weak_rules,15.00,45,553,,false,150,1
X51006311714,test,test/img/X51006311714.jpg,test/box/X51006311714.txt,test/entities/X51006311714.txt,approved,1,pseudo_rule_clean,0.0000,v2_weak_rules,22.45,44,758,,false,150,1
X51006327953,test,test/img/X51006327953.jpg,test/box/X51006327953.txt,test/entities/X51006327953.txt,approved,1,pseudo_rule_clean,0.0000,v2_weak_rules,68.90,40,501,,false,150,1
X51006327960,test,test/img/X51006327960.jpg,test/box/X51006327960.txt,test/entities/X51006327960.txt,approved,1,pseudo_rule_clean,0.0000,v2_weak_rules,9.90,39,553,,false,150,1
X51006328345,test,test/img/X51006328345.jpg,test/box/X51006328345.txt,test/entities/X51006328345.txt,approved,1,pseudo_rule_clean,0.0000,v2_weak_rules,7.20,40,539,,false,150,1
X51006328937,test,test/img/X51006328937.jpg,test/box/X51006328937.txt,test/entities/X51006328937.txt,rejected,0,pseudo_rule_clean,0.0339,v2_weak_rules,12.15,59,621,,false,150,1
X51006328967,test,test/img/X51006328967.jpg,test/box/X51006328967.txt,test/entities/X51006328967.txt,approved,1,pseudo_rule_clean,0.0000,v2_weak_rules,62.00,49,644,,false,150,1
X51006329183,test,test/img/X51006329183.jpg,test/box/X51006329183.txt,test/entities/X51006329183.txt,approved,1,pseudo_rule_clean,0.0095,v2_weak_rules,27.00,71,764,,false,150,1
X51006329388,test,test/img/X51006329388.jpg,test/box/X51006329388.txt,test/entities/X51006329388.txt,rejected,0,pseudo_rule_clean,0.2194,v2_weak_rules,165.00,43,478,,false,150,1
X51006332641,test,test/img/X51006332641.jpg,test/box/X51006332641.txt,test/entities/X51006332641.txt,approved,1,pseudo_rule_clean,0.0000,v2_weak_rules,19.10,39,413,,false,150,1
X51006334139,test,test/img/X51006334139.jpg,test/box/X51006334139.txt,test/entities/X51006334139.txt,rejected,0,pseudo_rule_clean,0.0288,v2_weak_rules,90.00,35,452,,false,150,1
X51006334742,test,test/img/X51006334742.jpg,test/box/X51006334742.txt,test/entities/X51006334742.txt,rejected,0,pseudo_rule_clean,0.1374,v2_weak_rules,167.55,62,570,,false,150,1
X51006334766,test,test/img/X51006334766.jpg,test/box/X51006334766.txt,test/entities/X51006334766.txt,rejected,0,pseudo_rule_clean,0.0388,v2_weak_rules,59.35,56,584,,false,150,1
X51006334770,test,test/img/X51006334770.jpg,test/box/X51006334770.txt,test/entities/X51006334770.txt,rejected,0,pseudo_rule_clean,0.1362,v2_weak_rules,1.40,45,686,,false,150,1
X51006334819,test,test/img/X51006334819.jpg,test/box/X51006334819.txt,test/entities/X51006334819.txt,rejected,0,pseudo_rule_clean,0.1872,v2_weak_rules,203.00,48,531,,false,150,1
X51006334927,test,test/img/X51006334927.jpg,test/box/X51006334927.txt,test/entities/X51006334927.txt,approved,1,pseudo_rule_clean,0.0000,v2_weak_rules,6.40,36,395,,false,150,1
X51006335818,test,test/img/X51006335818.jpg,test/box/X51006335818.txt,test/entities/X51006335818.txt,rejected,0,pseudo_rule_clean,0.0875,v2_weak_rules,27.00,47,710,,false,150,1
X51006349081,test,test/img/X51006349081.jpg,test/box/X51006349081.txt,test/entities/X51006349081.txt,rejected,0,pseudo_rule_clean,0.0339,v2_weak_rules,84.80,52,632,,false,150,1
X51006349083,test,test/img/X51006349083.jpg,test/box/X51006349083.txt,test/entities/X51006349083.txt,approved,1,pseudo_rule_clean,0.0179,v2_weak_rules,46.25,56,603,,false,150,1
X51006349085,test,test/img/X51006349085.jpg,test/box/X51006349085.txt,test/entities/X51006349085.txt,approved,1,pseudo_rule_clean,0.0194,v2_weak_rules,23.00,62,678,,false,150,1
X51006350737,test,test/img/X51006350737.jpg,test/box/X51006350737.txt,test/entities/X51006350737.txt,approved,1,pseudo_rule_clean,0.0000,v2_weak_rules,14.65,52,628,,false,150,1
X51006387660,test,test/img/X51006387660.jpg,test/box/X51006387660.txt,test/entities/X51006387660.txt,approved,1,pseudo_rule_clean,0.0000,v2_weak_rules,4.30,46,595,,false,150,1
X51006387737,test,test/img/X51006387737.jpg,test/box/X51006387737.txt,test/entities/X51006387737.txt,rejected,0,pseudo_rule_clean,0.2417,v2_weak_rules,165.00,44,475,,false,150,1
X51006387931,test,test/img/X51006387931.jpg,test/box/X51006387931.txt,test/entities/X51006387931.txt,approved,1,pseudo_rule_clean,0.0123,v2_weak_rules,3.00,35,447,,false,150,1
X51006387950,test,test/img/X51006387950.jpg,test/box/X51006387950.txt,test/entities/X51006387950.txt,approved,1,pseudo_rule_clean,0.0000,v2_weak_rules,1.00,34,440,,false,150,1
X51006387973,test,test/img/X51006387973.jpg,test/box/X51006387973.txt,test/entities/X51006387973.txt,rejected,0,pseudo_rule_clean,0.0357,v2_weak_rules,47.15,57,929,,false,150,1
X51006388068,test,test/img/X51006388068.jpg,test/box/X51006388068.txt,test/entities/X51006388068.txt,approved,1,pseudo_rule_clean,0.0000,v2_weak_rules,83.55,59,800,,false,150,1
X51006388081,test,test/img/X51006388081.jpg,test/box/X51006388081.txt,test/entities/X51006388081.txt,approved,1,pseudo_rule_clean,0.0138,v2_weak_rules,27.50,63,683,,false,150,1
X51006388089,test,test/img/X51006388089.jpg,test/box/X51006388089.txt,test/entities/X51006388089.txt,approved,1,pseudo_rule_clean,0.0069,v2_weak_rules,108.00,44,495,,false,150,1
X51006389894,test,test/img/X51006389894.jpg,test/box/X51006389894.txt,test/entities/X51006389894.txt,approved,1,pseudo_rule_clean,0.0000,v2_weak_rules,70.00,44,541,,false,150,1
X51006389898,test,test/img/X51006389898.jpg,test/box/X51006389898.txt,test/entities/X51006389898.txt,rejected,0,pseudo_rule_clean,0.0833,v2_weak_rules,164.40,43,503,,false,150,1
X51006392167,test,test/img/X51006392167.jpg,test/box/X51006392167.txt,test/entities/X51006392167.txt,approved,1,pseudo_rule_clean,0.0000,v2_weak_rules,23.80,50,679,,false,150,1
X51006401845,test,test/img/X51006401845.jpg,test/box/X51006401845.txt,test/entities/X51006401845.txt,approved,1,pseudo_rule_clean,0.0126,v2_weak_rules,26.90,36,471,,false,150,1
X51006401853,test,test/img/X51006401853.jpg,test/box/X51006401853.txt,test/entities/X51006401853.txt,approved,1,pseudo_rule_clean,0.0123,v2_weak_rules,37.45,32,496,,false,150,1
X51006401977,test,test/img/X51006401977.jpg,test/box/X51006401977.txt,test/entities/X51006401977.txt,approved,1,pseudo_rule_clean,0.0106,v2_weak_rules,14.85,32,470,,false,150,1
X51006414425,test,test/img/X51006414425.jpg,test/box/X51006414425.txt,test/entities/X51006414425.txt,rejected,0,pseudo_rule_clean,0.1101,v2_weak_rules,6.90,47,651,,false,150,1
X51006414427,test,test/img/X51006414427.jpg,test/box/X51006414427.txt,test/entities/X51006414427.txt,rejected,0,pseudo_rule_clean,0.1326,v2_weak_rules,7.60,39,583,,false,150,1
X51006414433,test,test/img/X51006414433.jpg,test/box/X51006414433.txt,test/entities/X51006414433.txt,rejected,0,pseudo_rule_clean,0.0637,v2_weak_rules,7.60,39,583,,false,150,1
X51006414512,test,test/img/X51006414512.jpg,test/box/X51006414512.txt,test/entities/X51006414512.txt,approved,1,pseudo_rule_clean,0.0000,v2_weak_rules,50.00,26,395,,false,150,1
X51006414532,test,test/img/X51006414532.jpg,test/box/X51006414532.txt,test/entities/X51006414532.txt,approved,1,pseudo_rule_clean,0.0252,v2_weak_rules,98.00,68,731,,false,150,1
X51006414593,test,test/img/X51006414593.jpg,test/box/X51006414593.txt,test/entities/X51006414593.txt,rejected,0,pseudo_rule_clean,0.1061,v2_weak_rules,8.90,43,625,,false,150,1
X51006414600,test,test/img/X51006414600.jpg,test/box/X51006414600.txt,test/entities/X51006414600.txt,rejected,0,pseudo_rule_clean,0.0601,v2_weak_rules,50.90,53,798,,false,150,1
X51006414702,test,test/img/X51006414702.jpg,test/box/X51006414702.txt,test/entities/X51006414702.txt,rejected,0,pseudo_rule_clean,0.0980,v2_weak_rules,157.90,59,579,,false,150,1
X51006414708,test,test/img/X51006414708.jpg,test/box/X51006414708.txt,test/entities/X51006414708.txt,approved,1,pseudo_rule_clean,0.0205,v2_weak_rules,91.50,59,660,,false,150,1
X51006414715,test,test/img/X51006414715.jpg,test/box/X51006414715.txt,test/entities/X51006414715.txt,approved,1,pseudo_rule_clean,0.0000,v2_weak_rules,41.81,42,530,,false,150,1
X51006414717,test,test/img/X51006414717.jpg,test/box/X51006414717.txt,test/entities/X51006414717.txt,approved,1,pseudo_rule_clean,0.0199,v2_weak_rules,24.10,59,814,,false,150,1
X51006414728,test,test/img/X51006414728.jpg,test/box/X51006414728.txt,test/entities/X51006414728.txt,rejected,0,pseudo_rule_clean,0.0893,v2_weak_rules,13.00,41,507,,false,150,1
X51006438346,test,test/img/X51006438346.jpg,test/box/X51006438346.txt,test/entities/X51006438346.txt,rejected,0,pseudo_rule_clean,0.0386,v2_weak_rules,95.48,50,544,,false,150,1
X51006466070,test,test/img/X51006466070.jpg,test/box/X51006466070.txt,test/entities/X51006466070.txt,approved,1,pseudo_rule_clean,0.0000,v2_weak_rules,42.88,35,381,,false,150,1
X51006502534,test,test/img/X51006502534.jpg,test/box/X51006502534.txt,test/entities/X51006502534.txt,rejected,0,pseudo_rule_clean,0.0334,v2_weak_rules,5.80,47,545,,false,150,1
X51006502540,test,test/img/X51006502540.jpg,test/box/X51006502540.txt,test/entities/X51006502540.txt,approved,1,pseudo_rule_clean,0.0000,v2_weak_rules,109.05,45,635,,false,150,1
X51006554841,test,test/img/X51006554841.jpg,test/box/X51006554841.txt,test/entities/X51006554841.txt,approved,1,pseudo_rule_clean,0.0000,v2_weak_rules,9.00,52,655,,false,150,1
X51006555819,test,test/img/X51006555819.jpg,test/box/X51006555819.txt,test/entities/X51006555819.txt,rejected,0,pseudo_rule_clean,0.0294,v2_weak_rules,26.58,81,967,,false,150,1
X51006555833,test,test/img/X51006555833.jpg,test/box/X51006555833.txt,test/entities/X51006555833.txt,approved,1,pseudo_rule_clean,0.0145,v2_weak_rules,1.52,72,932,,false,150,1
X51006555835,test,test/img/X51006555835.jpg,test/box/X51006555835.txt,test/entities/X51006555835.txt,rejected,0,pseudo_rule_clean,0.0367,v2_weak_rules,37.90,86,1000,,false,150,1
X51006556610,test,test/img/X51006556610.jpg,test/box/X51006556610.txt,test/entities/X51006556610.txt,rejected,0,pseudo_rule_clean,0.1813,v2_weak_rules,393.00,77,790,,false,150,1
X51006556648,test,test/img/X51006556648.jpg,test/box/X51006556648.txt,test/entities/X51006556648.txt,approved,1,pseudo_rule_clean,0.0000,v2_weak_rules,55.14,79,961,,false,150,1
X51006556654,test,test/img/X51006556654.jpg,test/box/X51006556654.txt,test/entities/X51006556654.txt,rejected,0,pseudo_rule_clean,0.1828,v2_weak_rules,-6.42,79,962,,false,150,1
X51006556657,test,test/img/X51006556657.jpg,test/box/X51006556657.txt,test/entities/X51006556657.txt,approved,1,pseudo_rule_clean,0.0000,v2_weak_rules,59.31,72,932,,false,150,1
X51006556658,test,test/img/X51006556658.jpg,test/box/X51006556658.txt,test/entities/X51006556658.txt,rejected,0,pseudo_rule_clean,0.0301,v2_weak_rules,32.13,72,928,,false,150,1
X51006556723,test,test/img/X51006556723.jpg,test/box/X51006556723.txt,test/entities/X51006556723.txt,rejected,0,pseudo_rule_clean,0.2218,v2_weak_rules,-5.09,47,795,,false,150,1
X51006556728,test,test/img/X51006556728.jpg,test/box/X51006556728.txt,test/entities/X51006556728.txt,approved,1,pseudo_rule_clean,0.0155,v2_weak_rules,60.26,95,1022,,false,150,1
X51006556734,test,test/img/X51006556734.jpg,test/box/X51006556734.txt,test/entities/X51006556734.txt,approved,1,pseudo_rule_clean,0.0000,v2_weak_rules,32.46,79,956,,false,150,1
X51006556740,test,test/img/X51006556740.jpg,test/box/X51006556740.txt,test/entities/X51006556740.txt,approved,1,pseudo_rule_clean,0.0075,v2_weak_rules,23.35,93,1017,,false,150,1
X51006556806,test,test/img/X51006556806.jpg,test/box/X51006556806.txt,test/entities/X51006556806.txt,approved,1,pseudo_rule_clean,0.0000,v2_weak_rules,14.47,65,906,,false,150,1
X51006556808,test,test/img/X51006556808.jpg,test/box/X51006556808.txt,test/entities/X51006556808.txt,approved,1,pseudo_rule_clean,0.0245,v2_weak_rules,79.26,94,1020,,false,150,1
X51006556809,test,test/img/X51006556809.jpg,test/box/X51006556809.txt,test/entities/X51006556809.txt,rejected,0,pseudo_rule_clean,0.0385,v2_weak_rules,43.36,86,985,,false,150,1
X51006556810,test,test/img/X51006556810.jpg,test/box/X51006556810.txt,test/entities/X51006556810.txt,rejected,0,pseudo_rule_clean,0.0298,v2_weak_rules,23.02,65,878,,false,150,1
X51006556812,test,test/img/X51006556812.jpg,test/box/X51006556812.txt,test/entities/X51006556812.txt,approved,1,pseudo_rule_clean,0.0000,v2_weak_rules,25.84,79,952,,false,150,1
X51006556821,test,test/img/X51006556821.jpg,test/box/X51006556821.txt,test/entities/X51006556821.txt,approved,1,pseudo_rule_clean,0.0000,v2_weak_rules,48.57,79,962,,false,150,1
X51006556826,test,test/img/X51006556826.jpg,test/box/X51006556826.txt,test/entities/X51006556826.txt,approved,1,pseudo_rule_clean,0.0000,v2_weak_rules,28.98,72,921,,false,150,1
X51006556827,test,test/img/X51006556827.jpg,test/box/X51006556827.txt,test/entities/X51006556827.txt,approved,1,pseudo_rule_clean,0.0000,v2_weak_rules,53.96,86,987,,false,150,1
X51006556829,test,test/img/X51006556829.jpg,test/box/X51006556829.txt,test/entities/X51006556829.txt,approved,1,pseudo_rule_clean,0.0000,v2_weak_rules,38.55,72,933,,false,150,1
X51006556851,test,test/img/X51006556851.jpg,test/box/X51006556851.txt,test/entities/X51006556851.txt,rejected,0,pseudo_rule_clean,0.0352,v2_weak_rules,84.78,100,1055,,false,150,1
X51006556865,test,test/img/X51006556865.jpg,test/box/X51006556865.txt,test/entities/X51006556865.txt,approved,1,pseudo_rule_clean,0.0000,v2_weak_rules,62.82,80,971,,false,150,1
X51006557115,test,test/img/X51006557115.jpg,test/box/X51006557115.txt,test/entities/X51006557115.txt,approved,1,pseudo_rule_clean,0.0052,v2_weak_rules,35.58,86,996,,false,150,1
X51006557169,test,test/img/X51006557169.jpg,test/box/X51006557169.txt,test/entities/X51006557169.txt,approved,1,pseudo_rule_clean,0.0000,v2_weak_rules,5.00,72,923,,false,150,1
X51006557173,test,test/img/X51006557173.jpg,test/box/X51006557173.txt,test/entities/X51006557173.txt,approved,1,pseudo_rule_clean,0.0000,v2_weak_rules,32.26,79,962,,false,150,1
X51006557187,test,test/img/X51006557187.jpg,test/box/X51006557187.txt,test/entities/X51006557187.txt,approved,1,pseudo_rule_clean,0.0000,v2_weak_rules,42.25,86,995,,false,150,1
X51006557194,test,test/img/X51006557194.jpg,test/box/X51006557194.txt,test/entities/X51006557194.txt,approved,1,pseudo_rule_clean,0.0163,v2_weak_rules,39.77,86,981,,false,150,1
X51006557196,test,test/img/X51006557196.jpg,test/box/X51006557196.txt,test/entities/X51006557196.txt,rejected,0,pseudo_rule_clean,0.0293,v2_weak_rules,27.10,73,931,,false,150,1
X51006557208,test,test/img/X51006557208.jpg,test/box/X51006557208.txt,test/entities/X51006557208.txt,approved,1,pseudo_rule_clean,0.0000,v2_weak_rules,32.12,65,905,,false,150,1
X51006557209,test,test/img/X51006557209.jpg,test/box/X51006557209.txt,test/entities/X51006557209.txt,approved,1,pseudo_rule_clean,0.0000,v2_weak_rules,33.84,59,785,,false,150,1
X51006557507,test,test/img/X51006557507.jpg,test/box/X51006557507.txt,test/entities/X51006557507.txt,approved,1,pseudo_rule_clean,0.0000,v2_weak_rules,35.88,72,928,,false,150,1
X51006619328,test,test/img/X51006619328.jpg,test/box/X51006619328.txt,test/entities/X51006619328.txt,rejected,0,pseudo_rule_clean,0.1180,v2_weak_rules,5.40,47,608,,false,150,1
X51006619338,test,test/img/X51006619338.jpg,test/box/X51006619338.txt,test/entities/X51006619338.txt,rejected,0,pseudo_rule_clean,0.1490,v2_weak_rules,262.20,27,430,,false,150,1
X51006619346,test,test/img/X51006619346.jpg,test/box/X51006619346.txt,test/entities/X51006619346.txt,approved,1,pseudo_rule_clean,0.0000,v2_weak_rules,96.90,50,742,,false,150,1
X51006619503,test,test/img/X51006619503.jpg,test/box/X51006619503.txt,test/entities/X51006619503.txt,approved,1,pseudo_rule_clean,0.0000,v2_weak_rules,8.00,59,544,,false,150,1
X51006619506,test,test/img/X51006619506.jpg,test/box/X51006619506.txt,test/entities/X51006619506.txt,approved,1,pseudo_rule_clean,0.0160,v2_weak_rules,25.55,75,636,,false,150,1
X51006619507,test,test/img/X51006619507.jpg,test/box/X51006619507.txt,test/entities/X51006619507.txt,approved,1,pseudo_rule_clean,0.0000,v2_weak_rules,14.70,29,528,,false,150,1
X51006619509,test,test/img/X51006619509.jpg,test/box/X51006619509.txt,test/entities/X51006619509.txt,rejected,0,pseudo_rule_clean,0.0276,v2_weak_rules,15.80,25,339,,false,150,1
X51006619564,test,test/img/X51006619564.jpg,test/box/X51006619564.txt,test/entities/X51006619564.txt,approved,1,pseudo_rule_clean,0.0000,v2_weak_rules,85.45,41,646,,false,150,1
X51006619567,test,test/img/X51006619567.jpg,test/box/X51006619567.txt,test/entities/X51006619567.txt,rejected,0,pseudo_rule_clean,0.2353,v2_weak_rules,676.00,55,539,,false,150,1
X51006619569,test,test/img/X51006619569.jpg,test/box/X51006619569.txt,test/entities/X51006619569.txt,approved,1,pseudo_rule_clean,0.0000,v2_weak_rules,26.40,38,552,,false,150,1
X51006619570,test,test/img/X51006619570.jpg,test/box/X51006619570.txt,test/entities/X51006619570.txt,approved,1,pseudo_rule_clean,0.0140,v2_weak_rules,30.90,44,685,,false,150,1
X51006619700,test,test/img/X51006619700.jpg,test/box/X51006619700.txt,test/entities/X51006619700.txt,approved,1,pseudo_rule_clean,0.0000,v2_weak_rules,8.10,31,499,,false,150,1
X51006619703,test,test/img/X51006619703.jpg,test/box/X51006619703.txt,test/entities/X51006619703.txt,approved,1,pseudo_rule_clean,0.0000,v2_weak_rules,7.00,31,489,,false,150,1
X51006619704,test,test/img/X51006619704.jpg,test/box/X51006619704.txt,test/entities/X51006619704.txt,approved,1,pseudo_rule_clean,0.0246,v2_weak_rules,32.80,51,690,,false,150,1
X51006619757,test,test/img/X51006619757.jpg,test/box/X51006619757.txt,test/entities/X51006619757.txt,approved,1,pseudo_rule_clean,0.0000,v2_weak_rules,71.60,40,681,,false,150,1
X51006619760,test,test/img/X51006619760.jpg,test/box/X51006619760.txt,test/entities/X51006619760.txt,approved,1,pseudo_rule_clean,0.0192,v2_weak_rules,29.10,55,531,,false,150,1
X51006619764,test,test/img/X51006619764.jpg,test/box/X51006619764.txt,test/entities/X51006619764.txt,approved,1,pseudo_rule_clean,0.0000,v2_weak_rules,34.40,50,675,,false,150,1
X51006619766,test,test/img/X51006619766.jpg,test/box/X51006619766.txt,test/entities/X51006619766.txt,approved,1,pseudo_rule_clean,0.0000,v2_weak_rules,59.20,80,943,,false,150,1
X51006619779,test,test/img/X51006619779.jpg,test/box/X51006619779.txt,test/entities/X51006619779.txt,approved,1,pseudo_rule_clean,0.0080,v2_weak_rules,7.95,29,379,,false,150,1
X51006619784,test,test/img/X51006619784.jpg,test/box/X51006619784.txt,test/entities/X51006619784.txt,rejected,0,pseudo_rule_clean,0.2007,v2_weak_rules,399.00,44,552,,false,150,1
X51006619790,test,test/img/X51006619790.jpg,test/box/X51006619790.txt,test/entities/X51006619790.txt,rejected,0,pseudo_rule_clean,0.1342,v2_weak_rules,14.50,42,618,,false,150,1
X51006619842,test,test/img/X51006619842.jpg,test/box/X51006619842.txt,test/entities/X51006619842.txt,rejected,0,pseudo_rule_clean,0.0983,v2_weak_rules,32.70,38,569,,false,150,1
X51006619863,test,test/img/X51006619863.jpg,test/box/X51006619863.txt,test/entities/X51006619863.txt,approved,1,pseudo_rule_clean,0.0000,v2_weak_rules,2.10,28,388,,false,150,1
X51006619869,test,test/img/X51006619869.jpg,test/box/X51006619869.txt,test/entities/X51006619869.txt,approved,1,pseudo_rule_clean,0.0000,v2_weak_rules,23.20,36,606,,false,150,1
X51006620175,test,test/img/X51006620175.jpg,test/box/X51006620175.txt,test/entities/X51006620175.txt,approved,1,pseudo_rule_clean,0.0000,v2_weak_rules,26.70,44,622,,false,150,1
X51006620182,test,test/img/X51006620182.jpg,test/box/X51006620182.txt,test/entities/X51006620182.txt,approved,1,pseudo_rule_clean,0.0000,v2_weak_rules,78.50,56,675,,false,150,1
X51006620192,test,test/img/X51006620192.jpg,test/box/X51006620192.txt,test/entities/X51006620192.txt,approved,1,pseudo_rule_clean,0.0166,v2_weak_rules,8.80,34,562,,false,150,1
X51006620437,test,test/img/X51006620437.jpg,test/box/X51006620437.txt,test/entities/X51006620437.txt,approved,1,pseudo_rule_clean,0.0062,v2_weak_rules,14.20,26,419,,false,150,1
X51006647933,test,test/img/X51006647933.jpg,test/box/X51006647933.txt,test/entities/X51006647933.txt,approved,1,pseudo_rule_clean,0.0000,v2_weak_rules,83.00,43,411,,false,150,1
X51006647984,test,test/img/X51006647984.jpg,test/box/X51006647984.txt,test/entities/X51006647984.txt,approved,1,pseudo_rule_clean,0.0000,v2_weak_rules,64.50,70,788,,false,150,1
X51006733495,test,test/img/X51006733495.jpg,test/box/X51006733495.txt,test/entities/X51006733495.txt,rejected,0,pseudo_rule_clean,0.0380,v2_weak_rules,14.20,23,403,,false,150,1
X51006828199,test,test/img/X51006828199.jpg,test/box/X51006828199.txt,test/entities/X51006828199.txt,approved,1,pseudo_rule_clean,0.0000,v2_weak_rules,36.96,49,585,,false,150,1
X51006828200,test,test/img/X51006828200.jpg,test/box/X51006828200.txt,test/entities/X51006828200.txt,approved,1,pseudo_rule_clean,0.0100,v2_weak_rules,21.60,59,534,,false,150,1
X51006828201,test,test/img/X51006828201.jpg,test/box/X51006828201.txt,test/entities/X51006828201.txt,rejected,0,pseudo_rule_clean,0.0318,v2_weak_rules,39.70,57,682,,false,150,1
X51006856982,test,test/img/X51006856982.jpg,test/box/X51006856982.txt,test/entities/X51006856982.txt,approved,1,pseudo_rule_clean,0.0180,v2_weak_rules,108.21,63,937,,false,150,1
X51006857126,test,test/img/X51006857126.jpg,test/box/X51006857126.txt,test/entities/X51006857126.txt,approved,1,pseudo_rule_clean,0.0092,v2_weak_rules,28.80,54,575,,false,150,1
X51006857132,test,test/img/X51006857132.jpg,test/box/X51006857132.txt,test/entities/X51006857132.txt,approved,1,pseudo_rule_clean,0.0000,v2_weak_rules,23.80,42,643,,false,150,1
X51006857137,test,test/img/X51006857137.jpg,test/box/X51006857137.txt,test/entities/X51006857137.txt,approved,1,pseudo_rule_clean,0.0122,v2_weak_rules,3.30,26,403,,false,150,1
X51006857540,test,test/img/X51006857540.jpg,test/box/X51006857540.txt,test/entities/X51006857540.txt,rejected,0,pseudo_rule_clean,0.0926,v2_weak_rules,270.10,70,900,,false,150,1
X51006912959,test,test/img/X51006912959.jpg,test/box/X51006912959.txt,test/entities/X51006912959.txt,approved,1,pseudo_rule_clean,0.0000,v2_weak_rules,10.90,53,589,,false,150,1
X51006912976,test,test/img/X51006912976.jpg,test/box/X51006912976.txt,test/entities/X51006912976.txt,approved,1,pseudo_rule_clean,0.0000,v2_weak_rules,71.10,105,836,,false,150,1
X51006912998,test,test/img/X51006912998.jpg,test/box/X51006912998.txt,test/entities/X51006912998.txt,rejected,0,pseudo_rule_clean,0.0383,v2_weak_rules,50.00,26,396,,false,150,1
X51006913018,test,test/img/X51006913018.jpg,test/box/X51006913018.txt,test/entities/X51006913018.txt,rejected,0,pseudo_rule_clean,0.1814,v2_weak_rules,458.55,70,1116,,false,150,1
X51006913032,test,test/img/X51006913032.jpg,test/box/X51006913032.txt,test/entities/X51006913032.txt,rejected,0,pseudo_rule_clean,0.0764,v2_weak_rules,12.20,51,713,,false,150,1
X51006913060,test,test/img/X51006913060.jpg,test/box/X51006913060.txt,test/entities/X51006913060.txt,rejected,0,pseudo_rule_clean,0.0674,v2_weak_rules,8.20,39,566,,false,150,1
X51006913061,test,test/img/X51006913061.jpg,test/box/X51006913061.txt,test/entities/X51006913061.txt,rejected,0,pseudo_rule_clean,0.0716,v2_weak_rules,9.20,39,573,,false,150,1
X51007103597,test,test/img/X51007103597.jpg,test/box/X51007103597.txt,test/entities/X51007103597.txt,rejected,0,pseudo_rule_clean,0.0973,v2_weak_rules,10.00,37,479,,false,150,1
X51007103610,test,test/img/X51007103610.jpg,test/box/X51007103610.txt,test/entities/X51007103610.txt,approved,1,pseudo_rule_clean,0.0230,v2_weak_rules,5.00,29,477,,false,150,1
X51007103649,test,test/img/X51007103649.jpg,test/box/X51007103649.txt,test/entities/X51007103649.txt,approved,1,pseudo_rule_clean,0.0000,v2_weak_rules,48.90,39,622,,false,150,1
X51007103668,test,test/img/X51007103668.jpg,test/box/X51007103668.txt,test/entities/X51007103668.txt,approved,1,pseudo_rule_clean,0.0000,v2_weak_rules,27.20,43,610,,false,150,1
X51007103687,test,test/img/X51007103687.jpg,test/box/X51007103687.txt,test/entities/X51007103687.txt,rejected,0,pseudo_rule_clean,0.0299,v2_weak_rules,1.90,36,507,,false,150,1
X51007225406,test,test/img/X51007225406.jpg,test/box/X51007225406.txt,test/entities/X51007225406.txt,rejected,0,pseudo_rule_clean,0.0926,v2_weak_rules,24.90,51,521,,false,150,1
X51007231274,test,test/img/X51007231274.jpg,test/box/X51007231274.txt,test/entities/X51007231274.txt,rejected,0,pseudo_rule_clean,0.0997,v2_weak_rules,7.30,39,569,,false,150,1
X51007231275,test,test/img/X51007231275.jpg,test/box/X51007231275.txt,test/entities/X51007231275.txt,rejected,0,pseudo_rule_clean,0.1113,v2_weak_rules,6.60,35,529,,false,150,1
X51007231276,test,test/img/X51007231276.jpg,test/box/X51007231276.txt,test/entities/X51007231276.txt,rejected,0,pseudo_rule_clean,0.0972,v2_weak_rules,8.20,39,565,,false,150,1
X51007231331,test,test/img/X51007231331.jpg,test/box/X51007231331.txt,test/entities/X51007231331.txt,rejected,0,pseudo_rule_clean,0.1120,v2_weak_rules,7.80,51,690,,false,150,1
X51007231341,test,test/img/X51007231341.jpg,test/box/X51007231341.txt,test/entities/X51007231341.txt,rejected,0,pseudo_rule_clean,0.0645,v2_weak_rules,8.20,39,579,,false,150,1
X51007231343,test,test/img/X51007231343.jpg,test/box/X51007231343.txt,test/entities/X51007231343.txt,rejected,0,pseudo_rule_clean,0.1301,v2_weak_rules,6.60,35,530,,false,150,1
X51007231346,test,test/img/X51007231346.jpg,test/box/X51007231346.txt,test/entities/X51007231346.txt,approved,1,pseudo_rule_clean,0.0000,v2_weak_rules,60.00,39,551,,false,150,1
X51007231364,test,test/img/X51007231364.jpg,test/box/X51007231364.txt,test/entities/X51007231364.txt,approved,1,pseudo_rule_clean,0.0001,v2_weak_rules,32.25,31,488,,false,150,1
X51007231372,test,test/img/X51007231372.jpg,test/box/X51007231372.txt,test/entities/X51007231372.txt,rejected,0,pseudo_rule_clean,0.0393,v2_weak_rules,38.35,54,710,,false,150,1
X51007339105,test,test/img/X51007339105.jpg,test/box/X51007339105.txt,test/entities/X51007339105.txt,approved,1,pseudo_rule_clean,0.0000,v2_weak_rules,3.30,46,768,,false,150,1
X51007339109,test,test/img/X51007339109.jpg,test/box/X51007339109.txt,test/entities/X51007339109.txt,rejected,0,pseudo_rule_clean,0.0296,v2_weak_rules,8.70,46,755,,false,150,1
X51007339116,test,test/img/X51007339116.jpg,test/box/X51007339116.txt,test/entities/X51007339116.txt,approved,1,pseudo_rule_clean,0.0245,v2_weak_rules,21.90,46,773,,false,150,1
X51007339119,test,test/img/X51007339119.jpg,test/box/X51007339119.txt,test/entities/X51007339119.txt,rejected,0,pseudo_rule_clean,0.0292,v2_weak_rules,2.00,46,751,,false,150,1
X51007339121,test,test/img/X51007339121.jpg,test/box/X51007339121.txt,test/entities/X51007339121.txt,approved,1,pseudo_rule_clean,0.0157,v2_weak_rules,8.70,46,755,,false,150,1
X51007339122,test,test/img/X51007339122.jpg,test/box/X51007339122.txt,test/entities/X51007339122.txt,approved,1,pseudo_rule_clean,0.0000,v2_weak_rules,8.70,46,756,,false,150,1
X51007339125,test,test/img/X51007339125.jpg,test/box/X51007339125.txt,test/entities/X51007339125.txt,approved,1,pseudo_rule_clean,0.0000,v2_weak_rules,8.70,46,755,,false,150,1
X51007339127,test,test/img/X51007339127.jpg,test/box/X51007339127.txt,test/entities/X51007339127.txt,approved,1,pseudo_rule_clean,0.0000,v2_weak_rules,3.00,46,760,,false,150,1
X51007339134,test,test/img/X51007339134.jpg,test/box/X51007339134.txt,test/entities/X51007339134.txt,rejected,0,pseudo_rule_clean,0.0265,v2_weak_rules,8.70,46,755,,false,150,1
X51007339159,test,test/img/X51007339159.jpg,test/box/X51007339159.txt,test/entities/X51007339159.txt,approved,1,pseudo_rule_clean,0.0000,v2_weak_rules,8.70,52,819,,false,150,1
X51007339160,test,test/img/X51007339160.jpg,test/box/X51007339160.txt,test/entities/X51007339160.txt,rejected,0,pseudo_rule_clean,0.0313,v2_weak_rules,3.90,52,834,,false,150,1
X51007339161,test,test/img/X51007339161.jpg,test/box/X51007339161.txt,test/entities/X51007339161.txt,approved,1,pseudo_rule_clean,0.0010,v2_weak_rules,2.30,52,830,,false,150,1
X51007339163,test,test/img/X51007339163.jpg,test/box/X51007339163.txt,test/entities/X51007339163.txt,approved,1,pseudo_rule_clean,0.0000,v2_weak_rules,10.90,57,873,,false,150,1
X51007339638,test,test/img/X51007339638.jpg,test/box/X51007339638.txt,test/entities/X51007339638.txt,rejected,0,pseudo_rule_clean,0.0265,v2_weak_rules,28.00,58,777,,false,150,1
X51007391390,test,test/img/X51007391390.jpg,test/box/X51007391390.txt,test/entities/X51007391390.txt,approved,1,pseudo_rule_clean,0.0000,v2_weak_rules,3.00,52,531,,false,150,1
X51007433809,test,test/img/X51007433809.jpg,test/box/X51007433809.txt,test/entities/X51007433809.txt,rejected,0,pseudo_rule_clean,0.1104,v2_weak_rules,190.00,60,634,,false,150,1
X51007579714,test,test/img/X51007579714.jpg,test/box/X51007579714.txt,test/entities/X51007579714.txt,approved,1,pseudo_rule_clean,0.0000,v2_weak_rules,61.70,103,834,,false,150,1
X51007579719,test,test/img/X51007579719.jpg,test/box/X51007579719.txt,test/entities/X51007579719.txt,approved,1,pseudo_rule_clean,0.0000,v2_weak_rules,20.70,73,639,,false,150,1
X51007579725,test,test/img/X51007579725.jpg,test/box/X51007579725.txt,test/entities/X51007579725.txt,rejected,0,pseudo_rule_clean,0.0334,v2_weak_rules,58.70,45,462,,false,150,1
X51007846266,test,test/img/X51007846266.jpg,test/box/X51007846266.txt,test/entities/X51007846266.txt,rejected,0,pseudo_rule_clean,0.1071,v2_weak_rules,8.75,41,571,,false,150,1
X51007846268,test,test/img/X51007846268.jpg,test/box/X51007846268.txt,test/entities/X51007846268.txt,rejected,0,pseudo_rule_clean,0.0728,v2_weak_rules,10.35,51,679,,false,150,1
X51007846282,test,test/img/X51007846282.jpg,test/box/X51007846282.txt,test/entities/X51007846282.txt,rejected,0,pseudo_rule_clean,0.0306,v2_weak_rules,16.20,62,700,,false,150,1
X51007846283,test,test/img/X51007846283.jpg,test/box/X51007846283.txt,test/entities/X51007846283.txt,rejected,0,pseudo_rule_clean,0.0297,v2_weak_rules,147.45,112,1307,,false,150,1
X51007846288,test,test/img/X51007846288.jpg,test/box/X51007846288.txt,test/entities/X51007846288.txt,rejected,0,pseudo_rule_clean,0.1363,v2_weak_rules,7.25,41,569,,false,150,1
X51007846289,test,test/img/X51007846289.jpg,test/box/X51007846289.txt,test/entities/X51007846289.txt,rejected,0,pseudo_rule_clean,0.0338,v2_weak_rules,15.00,69,762,,false,150,1
X51007846290,test,test/img/X51007846290.jpg,test/box/X51007846290.txt,test/entities/X51007846290.txt,rejected,0,pseudo_rule_clean,0.1351,v2_weak_rules,8.20,41,590,,false,150,1
X51007846303,test,test/img/X51007846303.jpg,test/box/X51007846303.txt,test/entities/X51007846303.txt,rejected,0,pseudo_rule_clean,0.1279,v2_weak_rules,6.70,36,540,,false,150,1
X51007846304,test,test/img/X51007846304.jpg,test/box/X51007846304.txt,test/entities/X51007846304.txt,rejected,0,pseudo_rule_clean,0.0774,v2_weak_rules,7.50,51,662,,false,150,1
X51007846310,test,test/img/X51007846310.jpg,test/box/X51007846310.txt,test/entities/X51007846310.txt,approved,1,pseudo_rule_clean,0.0000,v2_weak_rules,28.20,73,804,,false,150,1
X51007846321,test,test/img/X51007846321.jpg,test/box/X51007846321.txt,test/entities/X51007846321.txt,approved,1,pseudo_rule_clean,0.0000,v2_weak_rules,103.85,53,554,,false,150,1
X51007846355,test,test/img/X51007846355.jpg,test/box/X51007846355.txt,test/entities/X51007846355.txt,approved,1,pseudo_rule_clean,0.0000,v2_weak_rules,8.95,49,745,,false,150,1
X51007846358,test,test/img/X51007846358.jpg,test/box/X51007846358.txt,test/entities/X51007846358.txt,rejected,0,pseudo_rule_clean,0.0898,v2_weak_rules,28.00,70,760,,false,150,1
X51007846360,test,test/img/X51007846360.jpg,test/box/X51007846360.txt,test/entities/X51007846360.txt,approved,1,pseudo_rule_clean,0.0000,v2_weak_rules,46.20,53,700,,false,150,1
X51007846361,test,test/img/X51007846361.jpg,test/box/X51007846361.txt,test/entities/X51007846361.txt,approved,1,pseudo_rule_clean,0.0044,v2_weak_rules,102.40,55,507,,false,150,1
X51007846371,test,test/img/X51007846371.jpg,test/box/X51007846371.txt,test/entities/X51007846371.txt,rejected,0,pseudo_rule_clean,0.0611,v2_weak_rules,8.85,46,657,,false,150,1
X51007846372,test,test/img/X51007846372.jpg,test/box/X51007846372.txt,test/entities/X51007846372.txt,rejected,0,pseudo_rule_clean,0.0902,v2_weak_rules,10.15,43,631,,false,150,1
X51007846379,test,test/img/X51007846379.jpg,test/box/X51007846379.txt,test/entities/X51007846379.txt,approved,1,pseudo_rule_clean,0.0000,v2_weak_rules,79.45,73,1103,,false,150,1
X51007846387,test,test/img/X51007846387.jpg,test/box/X51007846387.txt,test/entities/X51007846387.txt,rejected,0,pseudo_rule_clean,0.0392,v2_weak_rules,9.30,54,590,,false,150,1
X51007846392,test,test/img/X51007846392.jpg,test/box/X51007846392.txt,test/entities/X51007846392.txt,rejected,0,pseudo_rule_clean,0.1113,v2_weak_rules,8.45,43,629,,false,150,1
X51007846396,test,test/img/X51007846396.jpg,test/box/X51007846396.txt,test/entities/X51007846396.txt,approved,1,pseudo_rule_clean,0.0000,v2_weak_rules,7.35,28,517,,false,150,1
X51007846397,test,test/img/X51007846397.jpg,test/box/X51007846397.txt,test/entities/X51007846397.txt,rejected,0,pseudo_rule_clean,0.0696,v2_weak_rules,7.70,39,584,,false,150,1
X51007846400,test,test/img/X51007846400.jpg,test/box/X51007846400.txt,test/entities/X51007846400.txt,rejected,0,pseudo_rule_clean,0.1548,v2_weak_rules,152.90,52,549,,false,150,1
X51007846403,test,test/img/X51007846403.jpg,test/box/X51007846403.txt,test/entities/X51007846403.txt,rejected,0,pseudo_rule_clean,0.0310,v2_weak_rules,13.10,47,553,,false,150,1
X51008030561,test,test/img/X51008030561.jpg,test/box/X51008030561.txt,test/entities/X51008030561.txt,approved,1,pseudo_rule_clean,0.0000,v2_weak_rules,17.60,54,544,,false,150,1
X51008030563,test,test/img/X51008030563.jpg,test/box/X51008030563.txt,test/entities/X51008030563.txt,approved,1,pseudo_rule_clean,0.0090,v2_weak_rules,6.00,44,474,,false,150,1
X51008042779,test,test/img/X51008042779.jpg,test/box/X51008042779.txt,test/entities/X51008042779.txt,approved,1,pseudo_rule_clean,0.0000,v2_weak_rules,7.60,49,500,,false,150,1
X51008042780,test,test/img/X51008042780.jpg,test/box/X51008042780.txt,test/entities/X51008042780.txt,rejected,0,pseudo_rule_clean,0.0309,v2_weak_rules,7.20,49,497,,false,150,1
X51008042781,test,test/img/X51008042781.jpg,test/box/X51008042781.txt,test/entities/X51008042781.txt,approved,1,pseudo_rule_clean,0.0000,v2_weak_rules,1.90,44,474,,false,150,1
X51008042786,test,test/img/X51008042786.jpg,test/box/X51008042786.txt,test/entities/X51008042786.txt,approved,1,pseudo_rule_clean,0.0000,v2_weak_rules,19.00,32,563,,false,150,1
X51008042787,test,test/img/X51008042787.jpg,test/box/X51008042787.txt,test/entities/X51008042787.txt,rejected,0,pseudo_rule_clean,0.1796,v2_weak_rules,412.90,121,1105,,false,150,1
X51008099047,test,test/img/X51008099047.jpg,test/box/X51008099047.txt,test/entities/X51008099047.txt,approved,1,pseudo_rule_clean,0.0000,v2_weak_rules,4.60,47,477,,false,150,1
X51008099086,test,test/img/X51008099086.jpg,test/box/X51008099086.txt,test/entities/X51008099086.txt,approved,1,pseudo_rule_clean,0.0000,v2_weak_rules,7.20,52,511,,false,150,1
X51008099088,test,test/img/X51008099088.jpg,test/box/X51008099088.txt,test/entities/X51008099088.txt,approved,1,pseudo_rule_clean,0.0000,v2_weak_rules,2.30,39,429,,false,150,1
X51008099090,test,test/img/X51008099090.jpg,test/box/X51008099090.txt,test/entities/X51008099090.txt,rejected,0,pseudo_rule_clean,0.0377,v2_weak_rules,4.80,42,451,,false,150,1
X51008099100,test,test/img/X51008099100.jpg,test/box/X51008099100.txt,test/entities/X51008099100.txt,rejected,0,pseudo_rule_clean,0.0882,v2_weak_rules,46.90,54,601,,false,150,1
X51009008095,test,test/img/X51009008095.jpg,test/box/X51009008095.txt,test/entities/X51009008095.txt,approved,1,pseudo_rule_clean,0.0000,v2_weak_rules,31.80,43,511,,false,150,1
X51009447842,test,test/img/X51009447842.jpg,test/box/X51009447842.txt,test/entities/X51009447842.txt,approved,1,pseudo_rule_clean,0.0000,v2_weak_rules,0.90,42,526,,false,150,1
X51009453729,test,test/img/X51009453729.jpg,test/box/X51009453729.txt,test/entities/X51009453729.txt,approved,1,pseudo_rule_clean,0.0114,v2_weak_rules,79.50,48,589,,false,150,1
X51009568881,test,test/img/X51009568881.jpg,test/box/X51009568881.txt,test/entities/X51009568881.txt,approved,1,pseudo_rule_clean,0.0008,v2_weak_rules,10.40,53,605,,false,150,1
