file_id,split,image_path,box_path,entities_path,decision,label,label_source,pseudo_risk_score,pseudo_rule_version,total_amount,ocr_box_count,text_length,missing_fields,noise_applied,recommended_iterations,recommended_epochs
X00016469612,train,train/img/X00016469612.jpg,train/box/X00016469612.txt,train/entities/X00016469612.txt,approved,1,pseudo_rule_clean,0.0109,v3_medium_rules,9.00,44,485,,false,200,1
X00016469619,train,train/img/X00016469619.jpg,train/box/X00016469619.txt,train/entities/X00016469619.txt,approved,1,pseudo_rule_clean,0.0111,v3_medium_rules,60.30,48,684,,false,200,1
X00016469620,train,train/img/X00016469620.jpg,train/box/X00016469620.txt,train/entities/X00016469620.txt,approved,1,pseudo_rule_noisy,0.1096,v3_medium_rules,33.90,54,723,,true,200,1
X00016469622,train,train/img/X00016469622.jpg,train/box/X00016469622.txt,train/entities/X00016469622.txt,approved,1,pseudo_rule_noisy,0.0329,v3_medium_rules,80.90,60,584,,true,200,1
X00016469669,train,train/img/X00016469669.jpg,train/box/X00016469669.txt,train/entities/X00016469669.txt,approved,1,pseudo_rule_clean,0.0000,v3_medium_rules,31.00,35,374,,false,200,1
X51005200938,train,train/img/X51005200938.jpg,train/box/X51005200938.txt,train/entities/X51005200938.txt,approved,1,pseudo_rule_clean,0.0156,v3_medium_rules,112.45,76,891,,false,200,1
X51005255805,train,train/img/X51005255805.jpg,train/box/X51005255805.txt,train/entities/X51005255805.txt,approved,1,pseudo_rule_clean,0.0000,v3_medium_rules,14.10,51,577,,false,200,1
X51005268200,train,train/img/X51005268200.jpg,train/box/X51005268200.txt,train/entities/X51005268200.txt,rejected,0,pseudo_rule_clean,0.0329,v3_medium_rules,15.00,58,780,,false,200,1
X51005268262,train,train/img/X51005268262.jpg,train/box/X51005268262.txt,train/entities/X51005268262.txt,approved,1,pseudo_rule_clean,0.0000,v3_medium_rules,15.90,47,584,,false,200,1
X51005301659,train,train/img/X51005301659.jpg,train/box/X51005301659.txt,train/entities/X51005301659.txt,approved,1,pseudo_rule_clean,0.0237,v3_medium_rules,15.90,44,503,,false,200,1
X51005301667,train,train/img/X51005301667.jpg,train/box/X51005301667.txt,train/entities/X51005301667.txt,approved,1,pseudo_rule_clean,0.0000,v3_medium_rules,39.80,76,921,,false,200,1
X51005303661,train,train/img/X51005303661.jpg,train/box/X51005303661.txt,train/entities/X51005303661.txt,approved,1,pseudo_rule_clean,0.0015,v3_medium_rules,73.00,75,911,,false,200,1
X51005306399,train,train/img/X51005306399.jpg,train/box/X51005306399.txt,train/entities/X51005306399.txt,approved,1,pseudo_rule_clean,0.0000,v3_medium_rules,86.00,46,515,,false,200,1
X51005361895,train,train/img/X51005361895.jpg,train/box/X51005361895.txt,train/entities/X51005361895.txt,approved,1,pseudo_rule_clean,0.0000,v3_medium_rules,9.00,41,527,,false,200,1
X51005361898,train,train/img/X51005361898.jpg,train/box/X51005361898.txt,train/entities/X51005361898.txt,approved,1,pseudo_rule_clean,0.0000,v3_medium_rules,55.10,66,713,,false,200,1
X51005361900,train,train/img/X51005361900.jpg,train/box/X51005361900.txt,train/entities/X51005361900.txt,rejected,0,pseudo_rule_clean,0.0334,v3_medium_rules,18.00,71,740,,false,200,1
X51005433514,train,train/img/X51005433514.jpg,train/box/X51005433514.txt,train/entities/X51005433514.txt,rejected,0,pseudo_rule_clean,0.1329,v3_medium_rules,8.20,39,580,,false,200,1
X51005433533,train,train/img/X51005433533.jpg,train/box/X51005433533.txt,train/entities/X51005433533.txt,rejected,0,pseudo_rule_clean,0.2151,v3_medium_rules,332.30,107,1214,,false,200,1
X51005433538,train,train/img/X51005433538.jpg,train/box/X51005433538.txt,train/entities/X51005433538.txt,rejected,0,pseudo_rule_clean,0.1027,v3_medium_rules,8.20,39,580,,false,200,1
X51005433541,train,train/img/X51005433541.jpg,train/box/X51005433541.txt,train/entities/X51005433541.txt,rejected,0,pseudo_rule_clean,0.0760,v3_medium_rules,8.20,39,564,,false,200,1
X51005433553,train,train/img/X51005433553.jpg,train/box/X51005433553.txt,train/entities/X51005433553.txt,approved,1,pseudo_rule_clean,0.0000,v3_medium_rules,13.10,69,609,,false,200,1
X51005441398,train,train/img/X51005441398.jpg,train/box/X51005441398.txt,train/entities/X51005441398.txt,rejected,0,pseudo_rule_clean,0.2445,v3_medium_rules,189.75,53,691,,false,200,1
X51005441401,train,train/img/X51005441401.jpg,train/box/X51005441401.txt,train/entities/X51005441401.txt,rejected,0,pseudo_rule_clean,0.1953,v3_medium_rules,343.95,44,443,,false,200,1
X51005441402,train,train/img/X51005441402.jpg,train/box/X51005441402.txt,train/entities/X51005441402.txt,rejected,0,pseudo_rule_clean,0.1176,v3_medium_rules,174.90,41,447,,false,200,1
X51005441407,train,train/img/X51005441407.jpg,train/box/X51005441407.txt,train/entities/X51005441407.txt,approved,1,pseudo_rule_clean,0.0000,v3_medium_rules,64.15,53,642,,false,200,1
X51005441408,train,train/img/X51005441408.jpg,train/box/X51005441408.txt,train/entities/X51005441408.txt,rejected,0,pseudo_rule_clean,0.1487,v3_medium_rules,190.00,43,503,,false,200,1
X51005442327,train,train/img/X51005442327.jpg,train/box/X51005442327.txt,train/entities/X51005442327.txt,rejected,0,pseudo_rule_clean,0.1385,v3_medium_rules,8.60,43,615,,false,200,1
X51005442344,train,train/img/X51005442344.jpg,train/box/X51005442344.txt,train/entities/X51005442344.txt,approved,1,pseudo_rule_clean,0.0000,v3_medium_rules,100.90,71,736,,false,200,1
X51005442346,train,train/img/X51005442346.jpg,train/box/X51005442346.txt,train/entities/X51005442346.txt,rejected,0,pseudo_rule_noisy,0.0000,v3_medium_rules,8.00,59,609,,true,200,1
X51005442376,train,train/img/X51005442376.jpg,train/box/X51005442376.txt,train/entities/X51005442376.txt,rejected,0,pseudo_rule_clean,0.1280,v3_medium_rules,7.60,39,583,,false,200,1
X51005442378,train,train/img/X51005442378.jpg,train/box/X51005442378.txt,train/entities/X51005442378.txt,approved,1,pseudo_rule_clean,0.0000,v3_medium_rules,10.00,34,558,,false,200,1
X51005442379,train,train/img/X51005442379.jpg,train/box/X51005442379.txt,train/entities/X51005442379.txt,rejected,0,pseudo_rule_clean,0.0832,v3_medium_rules,9.20,39,583,,false,200,1
X51005442383,train,train/img/X51005442383.jpg,train/box/X51005442383.txt,train/entities/X51005442383.txt,rejected,0,pseudo_rule_clean,0.0278,v3_medium_rules,13.80,55,505,,false,200,1
X51005442384,train,train/img/X51005442384.jpg,train/box/X51005442384.txt,train/entities/X51005442384.txt,rejected,0,pseudo_rule_clean,0.1042,v3_medium_rules,8.20,39,570,,false,200,1
X51005442394,train,train/img/X51005442394.jpg,train/box/X51005442394.txt,train/entities/X51005442394.txt,rejected,0,pseudo_rule_clean,0.1028,v3_medium_rules,8.20,39,581,,false,200,1
X51005442397,train,train/img/X51005442397.jpg,train/box/X51005442397.txt,train/entities/X51005442397.txt,rejected,0,pseudo_rule_clean,0.0288,v3_medium_rules,7.60,28,357,,false,200,1
X51005444033,train,train/img/X51005444033.jpg,train/box/X51005444033.txt,train/entities/X51005444033.txt,rejected,0,pseudo_rule_noisy,0.0000,v3_medium_rules,77.20,52,718,,true,200,1
X51005447832,train,train/img/X51005447832.jpg,train/box/X51005447832.txt,train/entities/X51005447832.txt,approved,1,pseudo_rule_clean,0.0000,v3_medium_rules,85.54,48,523,,false,200,1
X51005447840,train,train/img/X51005447840.jpg,train/box/X51005447840.txt,train/entities/X51005447840.txt,rejected,0,pseudo_rule_noisy,0.0000,v3_medium_rules,8.20,63,688,,true,200,1
X51005447853,train,train/img/X51005447853.jpg,train/box/X51005447853.txt,train/entities/X51005447853.txt,rejected,0,pseudo_rule_noisy,0.0000,v3_medium_rules,141.50,30,484,,true,200,1
X51005447860,train,train/img/X51005447860.jpg,train/box/X51005447860.txt,train/entities/X51005447860.txt,approved,1,pseudo_rule_clean,0.0159,v3_medium_rules,17.70,44,655,,false,200,1
X51005447861,train,train/img/X51005447861.jpg,train/box/X51005447861.txt,train/entities/X51005447861.txt,rejected,0,pseudo_rule_noisy,0.0240,v3_medium_rules,49.40,57,817,,true,200,1
X51005453729,train,train/img/X51005453729.jpg,train/box/X51005453729.txt,train/entities/X51005453729.txt,rejected,0,pseudo_rule_noisy,0.0010,v3_medium_rules,79.50,48,580,,true,200,1
X51005453804,train,train/img/X51005453804.jpg,train/box/X51005453804.txt,train/entities/X51005453804.txt,rejected,0,pseudo_rule_clean,0.0348,v3_medium_rules,12.00,43,532,,false,200,1
X51005568827,train,train/img/X51005568827.jpg,train/box/X51005568827.txt,train/entities/X51005568827.txt,approved,1,pseudo_rule_clean,0.0000,v3_medium_rules,23.25,52,722,,false,200,1
X51005568829,train,train/img/X51005568829.jpg,train/box/X51005568829.txt,train/entities/X51005568829.txt,approved,1,pseudo_rule_clean,0.0164,v3_medium_rules,92.80,83,630,,false,200,1
X51005568881,train,train/img/X51005568881.jpg,train/box/X51005568881.txt,train/entities/X51005568881.txt,approved,1,pseudo_rule_clean,0.0240,v3_medium_rules,10.40,52,605,,false,200,1
X51005568898,train,train/img/X51005568898.jpg,train/box/X51005568898.txt,train/entities/X51005568898.txt,approved,1,pseudo_rule_clean,0.0236,v3_medium_rules,18.80,74,930,,false,200,1
X51005568911,train,train/img/X51005568911.jpg,train/box/X51005568911.txt,train/entities/X51005568911.txt,rejected,0,pseudo_rule_noisy,0.0000,v3_medium_rules,37.80,60,717,,true,200,1
X51005568914,train,train/img/X51005568914.jpg,train/box/X51005568914.txt,train/entities/X51005568914.txt,rejected,0,pseudo_rule_clean,0.0305,v3_medium_rules,99.80,40,516,,false,200,1
X51005577192,train,train/img/X51005577192.jpg,train/box/X51005577192.txt,train/entities/X51005577192.txt,approved,1,pseudo_rule_clean,0.0053,v3_medium_rules,7.00,53,560,,false,200,1
X51005587254,train,train/img/X51005587254.jpg,train/box/X51005587254.txt,train/entities/X51005587254.txt,approved,1,pseudo_rule_clean,0.0000,v3_medium_rules,5.00,53,897,,false,200,1
X51005605286,train,train/img/X51005605286.jpg,train/box/X51005605286.txt,train/entities/X51005605286.txt,approved,1,pseudo_rule_clean,0.0000,v3_medium_rules,5.90,39,571,,false,200,1
X51005605333,train,train/img/X51005605333.jpg,train/box/X51005605333.txt,train/entities/X51005605333.txt,rejected,0,pseudo_rule_clean,0.0278,v3_medium_rules,31.45,45,645,,false,200,1
X51005605334,train,train/img/X51005605334.jpg,train/box/X51005605334.txt,train/entities/X51005605334.txt,approved,1,pseudo_rule_clean,0.0000,v3_medium_rules,9.65,42,610,,false,200,1
X51005605335,train,train/img/X51005605335.jpg,train/box/X51005605335.txt,train/entities/X51005605335.txt,approved,1,pseudo_rule_clean,0.0094,v3_medium_rules,21.00,46,636,,false,200,1
X51005663272,train,train/img/X51005663272.jpg,train/box/X51005663272.txt,train/entities/X51005663272.txt,approved,1,pseudo_rule_clean,0.0000,v3_medium_rules,42.40,61,687,,false,200,1
X51005663273,train,train/img/X51005663273.jpg,train/box/X51005663273.txt,train/entities/X51005663273.txt,approved,1,pseudo_rule_clean,0.0066,v3_medium_rules,47.70,58,594,,false,200,1
X51005663276,train,train/img/X51005663276.jpg,train/box/X51005663276.txt,train/entities/X51005663276.txt,approved,1,pseudo_rule_clean,0.0000,v3_medium_rules,7.42,58,551,,false,200,1
X51005663277,train,train/img/X51005663277.jpg,train/box/X51005663277.txt,train/entities/X51005663277.txt,approved,1,pseudo_rule_clean,0.0000,v3_medium_rules,29.68,57,565,,false,200,1
X51005663279,train,train/img/X51005663279.jpg,train/box/X51005663279.txt,train/entities/X51005663279.txt,approved,1,pseudo_rule_clean,0.0000,v3_medium_rules,148.40,58,611,,false,200,1
X51005663293,train,train/img/X51005663293.jpg,train/box/X51005663293.txt,train/entities/X51005663293.txt,approved,1,pseudo_rule_clean,0.0000,v3_medium_rules,30.30,61,616,,false,200,1
X51005663298,train,train/img/X51005663298.jpg,train/box/X51005663298.txt,train/entities/X51005663298.txt,approved,1,pseudo_rule_clean,0.0023,v3_medium_rules,48.15,67,785,,false,200,1
X51005663317,train,train/img/X51005663317.jpg,train/box/X51005663317.txt,train/entities/X51005663317.txt,rejected,0,pseudo_rule_noisy,0.0000,v3_medium_rules,6.00,42,518,,true,200,1
X51005663324,train,train/img/X51005663324.jpg,train/box/X51005663324.txt,train/entities/X51005663324.txt,rejected,0,pseudo_rule_clean,0.1639,v3_medium_rules,465.34,117,971,,false,200,1
X51005675095,train,train/img/X51005675095.jpg,train/box/X51005675095.txt,train/entities/X51005675095.txt,approved,1,pseudo_rule_clean,0.0146,v3_medium_rules,4.00,38,456,,false,200,1
X51005676536,train,train/img/X51005676536.jpg,train/box/X51005676536.txt,train/entities/X51005676536.txt,rejected,0,pseudo_rule_clean,0.0361,v3_medium_rules,93.07,70,689,,false,200,1
X51005676540,train,train/img/X51005676540.jpg,train/box/X51005676540.txt,train/entities/X51005676540.txt,approved,1,pseudo_rule_clean,0.0000,v3_medium_rules,116.28,70,690,,false,200,1
X51005676544,train,train/img/X51005676544.jpg,train/box/X51005676544.txt,train/entities/X51005676544.txt,rejected,0,pseudo_rule_clean,0.0299,v3_medium_rules,2.12,58,597,,false,200,1
X51005676547,train,train/img/X51005676547.jpg,train/box/X51005676547.txt,train/entities/X51005676547.txt,rejected,0,pseudo_rule_noisy,0.0000,v3_medium_rules,12.72,58,605,,true,200,1
X51005677331,train,train/img/X51005677331.jpg,train/box/X51005677331.txt,train/entities/X51005677331.txt,rejected,0,pseudo_rule_noisy,0.0000,v3_medium_rules,60.95,70,686,,true,200,1
X51005677332,train,train/img/X51005677332.jpg,train/box/X51005677332.txt,train/entities/X51005677332.txt,approved,1,pseudo_rule_clean,0.0000,v3_medium_rules,7.95,50,553,,false,200,1
X51005677335,train,train/img/X51005677335.jpg,train/box/X51005677335.txt,train/entities/X51005677335.txt,rejected,0,pseudo_rule_noisy,0.0000,v3_medium_rules,74.20,64,638,,true,200,1
X51005677339,train,train/img/X51005677339.jpg,train/box/X51005677339.txt,train/entities/X51005677339.txt,approved,1,pseudo_rule_clean,0.0000,v3_medium_rules,63.60,64,654,,false,200,1
X51005685355,train,train/img/X51005685355.jpg,train/box/X51005685355.txt,train/entities/X51005685355.txt,approved,1,pseudo_rule_noisy,0.0362,v3_medium_rules,5.30,60,600,,true,200,1
X51005685357,train,train/img/X51005685357.jpg,train/box/X51005685357.txt,train/entities/X51005685357.txt,approved,1,pseudo_rule_clean,0.0000,v3_medium_rules,79.35,46,692,,false,200,1
X51005705760,train,train/img/X51005705760.jpg,train/box/X51005705760.txt,train/entities/X51005705760.txt,rejected,0,pseudo_rule_clean,0.0276,v3_medium_rules,21.40,103,1279,,false,200,1
X51005705804,train,train/img/X51005705804.jpg,train/box/X51005705804.txt,train/entities/X51005705804.txt,approved,1,pseudo_rule_clean,0.0212,v3_medium_rules,99.00,66,707,,false,200,1
X51005711401,train,train/img/X51005711401.jpg,train/box/X51005711401.txt,train/entities/X51005711401.txt,approved,1,pseudo_rule_clean,0.0000,v3_medium_rules,6.00,43,475,,false,200,1
X51005711441,train,train/img/X51005711441.jpg,train/box/X51005711441.txt,train/entities/X51005711441.txt,approved,1,pseudo_rule_clean,0.0031,v3_medium_rules,6.70,49,499,,false,200,1
X51005711442,train,train/img/X51005711442.jpg,train/box/X51005711442.txt,train/entities/X51005711442.txt,rejected,0,pseudo_rule_clean,0.0340,v3_medium_rules,9.60,54,522,,false,200,1
X51005711445,train,train/img/X51005711445.jpg,train/box/X51005711445.txt,train/entities/X51005711445.txt,approved,1,pseudo_rule_clean,0.0000,v3_medium_rules,7.00,49,500,,false,200,1
X51005711452,train,train/img/X51005711452.jpg,train/box/X51005711452.txt,train/entities/X51005711452.txt,rejected,0,pseudo_rule_noisy,0.0229,v3_medium_rules,25.40,39,629,,true,200,1
X51005711453,train,train/img/X51005711453.jpg,train/box/X51005711453.txt,train/entities/X51005711453.txt,approved,1,pseudo_rule_noisy,0.0291,v3_medium_rules,8.50,34,568,,true,200,1
X51005711454,train,train/img/X51005711454.jpg,train/box/X51005711454.txt,train/entities/X51005711454.txt,rejected,0,pseudo_rule_clean,0.0950,v3_medium_rules,72.93,54,653,,false,200,1
X51005711456,train,train/img/X51005711456.jpg,train/box/X51005711456.txt,train/entities/X51005711456.txt,approved,1,pseudo_rule_clean,0.0171,v3_medium_rules,65.55,78,808,,false,200,1
X51005712021,train,train/img/X51005712021.jpg,train/box/X51005712021.txt,train/entities/X51005712021.txt,approved,1,pseudo_rule_clean,0.0148,v3_medium_rules,26.82,58,654,,false,200,1
X51005712039,train,train/img/X51005712039.jpg,train/box/X51005712039.txt,train/entities/X51005712039.txt,approved,1,pseudo_rule_clean,0.0000,v3_medium_rules,9.00,49,464,,false,200,1
X51005715456,train,train/img/X51005715456.jpg,train/box/X51005715456.txt,train/entities/X51005715456.txt,approved,1,pseudo_rule_clean,0.0233,v3_medium_rules,101.75,67,676,,false,200,1
X51005717526,train,train/img/X51005717526.jpg,train/box/X51005717526.txt,train/entities/X51005717526.txt,rejected,0,pseudo_rule_clean,0.1394,v3_medium_rules,28.50,38,617,,false,200,1
X51005719814,train,train/img/X51005719814.jpg,train/box/X51005719814.txt,train/entities/X51005719814.txt,approved,1,pseudo_rule_clean,0.0000,v3_medium_rules,29.70,51,563,,false,200,1
X51005719856,train,train/img/X51005719856.jpg,train/box/X51005719856.txt,train/entities/X51005719856.txt,approved,1,pseudo_rule_clean,0.0000,v3_medium_rules,21.50,50,629,,false,200,1
X51005719862,train,train/img/X51005719862.jpg,train/box/X51005719862.txt,train/entities/X51005719862.txt,rejected,0,pseudo_rule_noisy,0.0000,v3_medium_rules,3.70,31,378,,true,200,1
X51005719873,train,train/img/X51005719873.jpg,train/box/X51005719873.txt,train/entities/X51005719873.txt,approved,1,pseudo_rule_clean,0.0235,v3_medium_rules,8.60,56,691,,false,200,1
X51005719874,train,train/img/X51005719874.jpg,train/box/X51005719874.txt,train/entities/X51005719874.txt,approved,1,pseudo_rule_clean,0.0045,v3_medium_rules,39.00,26,437,,false,200,1
X51005719883,train,train/img/X51005719883.jpg,train/box/X51005719883.txt,train/entities/X51005719883.txt,approved,1,pseudo_rule_noisy,0.0377,v3_medium_rules,108.50,30,422,,true,200,1
X51005719893,train,train/img/X51005719893.jpg,train/box/X51005719893.txt,train/entities/X51005719893.txt,rejected,0,pseudo_rule_noisy,0.0000,v3_medium_rules,71.00,42,489,,true,200,1
X51005719896,train,train/img/X51005719896.jpg,train/box/X51005719896.txt,train/entities/X51005719896.txt,approved,1,pseudo_rule_clean,0.0258,v3_medium_rules,35.80,48,689,,false,200,1
X51005719902,train,train/img/X51005719902.jpg,train/box/X51005719902.txt,train/entities/X51005719902.txt,approved,1,pseudo_rule_clean,0.0000,v3_medium_rules,25.15,64,654,,false,200,1
X51005719904,train,train/img/X51005719904.jpg,train/box/X51005719904.txt,train/entities/X51005719904.txt,approved,1,pseudo_rule_clean,0.0201,v3_medium_rules,29.30,43,563,,false,200,1
X51005719906,train,train/img/X51005719906.jpg,train/box/X51005719906.txt,train/entities/X51005719906.txt,rejected,0,pseudo_rule_clean,0.1198,v3_medium_rules,105.00,47,723,,false,200,1
X51005719914,train,train/img/X51005719914.jpg,train/box/X51005719914.txt,train/entities/X51005719914.txt,rejected,0,pseudo_rule_noisy,0.0000,v3_medium_rules,53.30,79,1005,,true,200,1
X51005722668,train,train/img/X51005722668.jpg,train/box/X51005722668.txt,train/entities/X51005722668.txt,rejected,0,pseudo_rule_clean,0.0284,v3_medium_rules,20.50,59,644,,false,200,1
X51005724554,train,train/img/X51005724554.jpg,train/box/X51005724554.txt,train/entities/X51005724554.txt,approved,1,pseudo_rule_clean,0.0204,v3_medium_rules,101.76,68,726,,false,200,1
X51005724621,train,train/img/X51005724621.jpg,train/box/X51005724621.txt,train/entities/X51005724621.txt,rejected,0,pseudo_rule_noisy,0.0031,v3_medium_rules,127.20,68,732,,true,200,1
X51005724629,train,train/img/X51005724629.jpg,train/box/X51005724629.txt,train/entities/X51005724629.txt,rejected,0,pseudo_rule_clean,0.1117,v3_medium_rules,174.90,66,719,,false,200,1
X51005742068,train,train/img/X51005742068.jpg,train/box/X51005742068.txt,train/entities/X51005742068.txt,rejected,0,pseudo_rule_noisy,0.0000,v3_medium_rules,6.00,26,388,,true,200,1
X51005745187,train,train/img/X51005745187.jpg,train/box/X51005745187.txt,train/entities/X51005745187.txt,rejected,0,pseudo_rule_clean,0.0265,v3_medium_rules,21.20,60,647,,false,200,1
X51005745188,train,train/img/X51005745188.jpg,train/box/X51005745188.txt,train/entities/X51005745188.txt,rejected,0,pseudo_rule_clean,0.0386,v3_medium_rules,48.00,49,526,,false,200,1
X51005745190,train,train/img/X51005745190.jpg,train/box/X51005745190.txt,train/entities/X51005745190.txt,rejected,0,pseudo_rule_clean,0.2257,v3_medium_rules,367.10,68,1030,,false,200,1
X51005745249,train,train/img/X51005745249.jpg,train/box/X51005745249.txt,train/entities/X51005745249.txt,approved,1,pseudo_rule_clean,0.0000,v3_medium_rules,22.65,44,699,,false,200,1
X51005745296,train,train/img/X51005745296.jpg,train/box/X51005745296.txt,train/entities/X51005745296.txt,approved,1,pseudo_rule_clean,0.0000,v3_medium_rules,31.00,73,749,,false,200,1
X51005746140,train,train/img/X51005746140.jpg,train/box/X51005746140.txt,train/entities/X51005746140.txt,approved,1,pseudo_rule_clean,0.0000,v3_medium_rules,63.35,45,476,,false,200,1
X51005749895,train,train/img/X51005749895.jpg,train/box/X51005749895.txt,train/entities/X51005749895.txt,approved,1,pseudo_rule_clean,0.0000,v3_medium_rules,71.90,63,752,,false,200,1
X51005749905,train,train/img/X51005749905.jpg,train/box/X51005749905.txt,train/entities/X51005749905.txt,approved,1,pseudo_rule_clean,0.0139,v3_medium_rules,34.00,50,752,,false,200,1
X51005757199,train,train/img/X51005757199.jpg,train/box/X51005757199.txt,train/entities/X51005757199.txt,approved,1,pseudo_rule_clean,0.0000,v3_medium_rules,4.00,40,590,,false,200,1
X51005757201,train,train/img/X51005757201.jpg,train/box/X51005757201.txt,train/entities/X51005757201.txt,rejected,0,pseudo_rule_noisy,0.0000,v3_medium_rules,88.95,81,1120,,true,200,1
X51005757235,train,train/img/X51005757235.jpg,train/box/X51005757235.txt,train/entities/X51005757235.txt,approved,1,pseudo_rule_clean,0.0000,v3_medium_rules,31.00,43,655,,false,200,1
X51005757286,train,train/img/X51005757286.jpg,train/box/X51005757286.txt,train/entities/X51005757286.txt,approved,1,pseudo_rule_clean,0.0118,v3_medium_rules,8.00,39,466,,false,200,1
X51005757294,train,train/img/X51005757294.jpg,train/box/X51005757294.txt,train/entities/X51005757294.txt,approved,1,pseudo_rule_clean,0.0239,v3_medium_rules,10.60,30,526,,false,200,1
X51005757304,train,train/img/X51005757304.jpg,train/box/X51005757304.txt,train/entities/X51005757304.txt,approved,1,pseudo_rule_clean,0.0030,v3_medium_rules,35.40,34,445,,false,200,1
X51005757324,train,train/img/X51005757324.jpg,train/box/X51005757324.txt,train/entities/X51005757324.txt,approved,1,pseudo_rule_clean,0.0170,v3_medium_rules,50.80,37,597,,false,200,1
X51005757346,train,train/img/X51005757346.jpg,train/box/X51005757346.txt,train/entities/X51005757346.txt,rejected,0,pseudo_rule_clean,0.0358,v3_medium_rules,26.10,35,560,,false,200,1
X51005757349,train,train/img/X51005757349.jpg,train/box/X51005757349.txt,train/entities/X51005757349.txt,rejected,0,pseudo_rule_clean,0.0685,v3_medium_rules,21.00,41,517,,false,200,1
X51005757353,train,train/img/X51005757353.jpg,train/box/X51005757353.txt,train/entities/X51005757353.txt,approved,1,pseudo_rule_clean,0.0161,v3_medium_rules,12.30,42,637,,false,200,1
X51005763940,train,train/img/X51005763940.jpg,train/box/X51005763940.txt,train/entities/X51005763940.txt,rejected,0,pseudo_rule_clean,0.1233,v3_medium_rules,60.00,53,848,,false,200,1
X51005806678,train,train/img/X51005806678.jpg,train/box/X51005806678.txt,train/entities/X51005806678.txt,rejected,0,pseudo_rule_clean,0.2374,v3_medium_rules,7838.80,53,734,,false,200,1
X51005806702,train,train/img/X51005806702.jpg,train/box/X51005806702.txt,train/entities/X51005806702.txt,approved,1,pseudo_rule_clean,0.0000,v3_medium_rules,13.50,46,489,,false,200,1
X51005806703,train,train/img/X51005806703.jpg,train/box/X51005806703.txt,train/entities/X51005806703.txt,rejected,0,pseudo_rule_noisy,0.0000,v3_medium_rules,109.70,67,719,,true,200,1
X51005889296,train,train/img/X51005889296.jpg,train/box/X51005889296.txt,train/entities/X51005889296.txt,approved,1,pseudo_rule_clean,0.0249,v3_medium_rules,22.00,41,477,,false,200,1
X51006008073,train,train/img/X51006008073.jpg,train/box/X51006008073.txt,train/entities/X51006008073.txt,rejected,0,pseudo_rule_clean,0.0271,v3_medium_rules,100.00,63,634,,false,200,1
X51006008074,train,train/img/X51006008074.jpg,train/box/X51006008074.txt,train/entities/X51006008074.txt,approved,1,pseudo_rule_clean,0.0000,v3_medium_rules,4.25,64,642,,false,200,1
X51006008086,train,train/img/X51006008086.jpg,train/box/X51006008086.txt,train/entities/X51006008086.txt,approved,1,pseudo_rule_clean,0.0000,v3_medium_rules,30.10,49,696,,false,200,1
X51006008089,train,train/img/X51006008089.jpg,train/box/X51006008089.txt,train/entities/X51006008089.txt,rejected,0,pseudo_rule_noisy,0.0154,v3_medium_rules,41.00,62,854,,true,200,1
X51006008095,train,train/img/X51006008095.jpg,train/box/X51006008095.txt,train/entities/X51006008095.txt,approved,1,pseudo_rule_clean,0.0000,v3_medium_rules,31.80,43,505,,false,200,1
X51006008197,train,train/img/X51006008197.jpg,train/box/X51006008197.txt,train/entities/X51006008197.txt,approved,1,pseudo_rule_clean,0.0000,v3_medium_rules,56.00,27,371,,false,200,1
X51006311764,train,train/img/X51006311764.jpg,train/box/X51006311764.txt,train/entities/X51006311764.txt,approved,1,pseudo_rule_clean,0.0058,v3_medium_rules,39.90,48,596,,false,200,1
X51006311778,train,train/img/X51006311778.jpg,train/box/X51006311778.txt,train/entities/X51006311778.txt,approved,1,pseudo_rule_clean,0.0000,v3_medium_rules,7.40,48,663,,false,200,1
X51006311779,train,train/img/X51006311779.jpg,train/box/X51006311779.txt,train/entities/X51006311779.txt,rejected,0,pseudo_rule_clean,0.0386,v3_medium_rules,8.50,53,706,,false,200,1
X51006328919,train,train/img/X51006328919.jpg,train/box/X51006328919.txt,train/entities/X51006328919.txt,approved,1,pseudo_rule_clean,0.0000,v3_medium_rules,7.40,31,454,,false,200,1
X51006329395,train,train/img/X51006329395.jpg,train/box/X51006329395.txt,train/entities/X51006329395.txt,rejected,0,pseudo_rule_clean,0.0342,v3_medium_rules,7.40,31,454,,false,200,1
X51006329399,train,train/img/X51006329399.jpg,train/box/X51006329399.txt,train/entities/X51006329399.txt,approved,1,pseudo_rule_clean,0.0000,v3_medium_rules,12.15,64,622,,false,200,1
X51006329402,train,train/img/X51006329402.jpg,train/box/X51006329402.txt,train/entities/X51006329402.txt,approved,1,pseudo_rule_clean,0.0160,v3_medium_rules,50.45,36,554,,false,200,1
X51006332575,train,train/img/X51006332575.jpg,train/box/X51006332575.txt,train/entities/X51006332575.txt,approved,1,pseudo_rule_clean,0.0000,v3_medium_rules,62.00,50,643,,false,200,1
X51006332649,train,train/img/X51006332649.jpg,train/box/X51006332649.txt,train/entities/X51006332649.txt,rejected,0,pseudo_rule_clean,0.2335,v3_medium_rules,217.00,58,615,,false,200,1
X51006334699,train,train/img/X51006334699.jpg,train/box/X51006334699.txt,train/entities/X51006334699.txt,rejected,0,pseudo_rule_clean,0.1020,v3_medium_rules,12.60,46,787,,false,200,1
X51006335552,train,train/img/X51006335552.jpg,train/box/X51006335552.txt,train/entities/X51006335552.txt,rejected,0,pseudo_rule_clean,0.2336,v3_medium_rules,758.70,103,1098,,false,200,1
X51006349086,train,train/img/X51006349086.jpg,train/box/X51006349086.txt,train/entities/X51006349086.txt,approved,1,pseudo_rule_clean,0.0000,v3_medium_rules,7.00,39,462,,false,200,1
X51006350750,train,train/img/X51006350750.jpg,train/box/X51006350750.txt,train/entities/X51006350750.txt,approved,1,pseudo_rule_clean,0.0000,v3_medium_rules,130.00,44,495,,false,200,1
X51006387740,train,train/img/X51006387740.jpg,train/box/X51006387740.txt,train/entities/X51006387740.txt,rejected,0,pseudo_rule_noisy,0.0000,v3_medium_rules,15.40,58,660,,true,200,1
X51006387812,train,train/img/X51006387812.jpg,train/box/X51006387812.txt,train/entities/X51006387812.txt,approved,1,pseudo_rule_clean,0.0000,v3_medium_rules,12.37,73,771,,false,200,1
X51006387850,train,train/img/X51006387850.jpg,train/box/X51006387850.txt,train/entities/X51006387850.txt,approved,1,pseudo_rule_clean,0.0000,v3_medium_rules,94.00,50,528,,false,200,1
X51006387932,train,train/img/X51006387932.jpg,train/box/X51006387932.txt,train/entities/X51006387932.txt,approved,1,pseudo_rule_clean,0.0000,v3_medium_rules,12.00,45,580,,false,200,1
X51006387953,train,train/img/X51006387953.jpg,train/box/X51006387953.txt,train/entities/X51006387953.txt,approved,1,pseudo_rule_clean,0.0154,v3_medium_rules,1.00,35,442,,false,200,1
X51006388044,train,train/img/X51006388044.jpg,train/box/X51006388044.txt,train/entities/X51006388044.txt,approved,1,pseudo_rule_clean,0.0190,v3_medium_rules,22.60,36,384,,false,200,1
X51006388064,train,train/img/X51006388064.jpg,train/box/X51006388064.txt,train/entities/X51006388064.txt,approved,1,pseudo_rule_noisy,0.2518,v3_medium_rules,191.20,59,594,,true,200,1
X51006388066,train,train/img/X51006388066.jpg,train/box/X51006388066.txt,train/entities/X51006388066.txt,approved,1,pseudo_rule_clean,0.0191,v3_medium_rules,41.50,52,671,,false,200,1
X51006389865,train,train/img/X51006389865.jpg,train/box/X51006389865.txt,train/entities/X51006389865.txt,rejected,0,pseudo_rule_noisy,0.0000,v3_medium_rules,62.80,46,523,,true,200,1
X51006389893,train,train/img/X51006389893.jpg,train/box/X51006389893.txt,train/entities/X51006389893.txt,rejected,0,pseudo_rule_clean,0.1350,v3_medium_rules,250.00,42,597,,false,200,1
X51006392273,train,train/img/X51006392273.jpg,train/box/X51006392273.txt,train/entities/X51006392273.txt,approved,1,pseudo_rule_clean,0.0000,v3_medium_rules,18.00,47,537,,false,200,1
X51006393376,train,train/img/X51006393376.jpg,train/box/X51006393376.txt,train/entities/X51006393376.txt,approved,1,pseudo_rule_clean,0.0128,v3_medium_rules,11.50,29,465,,false,200,1
X51006401723,train,train/img/X51006401723.jpg,train/box/X51006401723.txt,train/entities/X51006401723.txt,rejected,0,pseudo_rule_clean,0.1283,v3_medium_rules,72.00,48,700,,false,200,1
X51006401978,train,train/img/X51006401978.jpg,train/box/X51006401978.txt,train/entities/X51006401978.txt,approved,1,pseudo_rule_noisy,0.0361,v3_medium_rules,22.25,32,471,,true,200,1
X51006414392,train,train/img/X51006414392.jpg,train/box/X51006414392.txt,train/entities/X51006414392.txt,approved,1,pseudo_rule_clean,0.0087,v3_medium_rules,35.00,49,641,,false,200,1
X51006414394,train,train/img/X51006414394.jpg,train/box/X51006414394.txt,train/entities/X51006414394.txt,approved,1,pseudo_rule_noisy,0.0866,v3_medium_rules,275.90,76,754,,true,200,1
X51006414429,train,train/img/X51006414429.jpg,train/box/X51006414429.txt,train/entities/X51006414429.txt,rejected,0,pseudo_rule_clean,0.0679,v3_medium_rules,8.20,39,579,,false,200,1
X51006414431,train,train/img/X51006414431.jpg,train/box/X51006414431.txt,train/entities/X51006414431.txt,rejected,0,pseudo_rule_clean,0.0753,v3_medium_rules,7.10,35,538,,false,200,1
X51006414483,train,train/img/X51006414483.jpg,train/box/X51006414483.txt,train/entities/X51006414483.txt,rejected,0,pseudo_rule_clean,0.0757,v3_medium_rules,7.60,39,582,,false,200,1
X51006414599,train,train/img/X51006414599.jpg,train/box/X51006414599.txt,train/entities/X51006414599.txt,rejected,0,pseudo_rule_noisy,0.0014,v3_medium_rules,12.30,56,947,,true,200,1
X51006414631,train,train/img/X51006414631.jpg,train/box/X51006414631.txt,train/entities/X51006414631.txt,approved,1,pseudo_rule_noisy,0.0712,v3_medium_rules,7.00,47,654,,true,200,1
X51006414633,train,train/img/X51006414633.jpg,train/box/X51006414633.txt,train/entities/X51006414633.txt,rejected,0,pseudo_rule_clean,0.0682,v3_medium_rules,8.20,39,579,,false,200,1
X51006414636,train,train/img/X51006414636.jpg,train/box/X51006414636.txt,train/entities/X51006414636.txt,rejected,0,pseudo_rule_clean,0.0808,v3_medium_rules,270.00,44,513,,false,200,1
X51006414671,train,train/img/X51006414671.jpg,train/box/X51006414671.txt,train/entities/X51006414671.txt,rejected,0,pseudo_rule_clean,0.1102,v3_medium_rules,9.90,47,659,,false,200,1
X51006414674,train,train/img/X51006414674.jpg,train/box/X51006414674.txt,train/entities/X51006414674.txt,approved,1,pseudo_rule_clean,0.0038,v3_medium_rules,25.60,73,963,,false,200,1
X51006414675,train,train/img/X51006414675.jpg,train/box/X51006414675.txt,train/entities/X51006414675.txt,rejected,0,pseudo_rule_clean,0.0342,v3_medium_rules,21.60,77,977,,false,200,1
X51006414679,train,train/img/X51006414679.jpg,train/box/X51006414679.txt,train/entities/X51006414679.txt,approved,1,pseudo_rule_clean,0.0104,v3_medium_rules,21.80,37,460,,false,200,1
X51006414700,train,train/img/X51006414700.jpg,train/box/X51006414700.txt,train/entities/X51006414700.txt,approved,1,pseudo_rule_noisy,0.0776,v3_medium_rules,10.20,45,663,,true,200,1
X51006414711,train,train/img/X51006414711.jpg,train/box/X51006414711.txt,train/entities/X51006414711.txt,approved,1,pseudo_rule_clean,0.0096,v3_medium_rules,30.90,77,976,,false,200,1
X51006414713,train,train/img/X51006414713.jpg,train/box/X51006414713.txt,train/entities/X51006414713.txt,approved,1,pseudo_rule_clean,0.0000,v3_medium_rules,81.80,118,961,,false,200,1
X51006414718,train,train/img/X51006414718.jpg,train/box/X51006414718.txt,train/entities/X51006414718.txt,rejected,0,pseudo_rule_noisy,0.0186,v3_medium_rules,46.55,44,648,,true,200,1
X51006414719,train,train/img/X51006414719.jpg,train/box/X51006414719.txt,train/entities/X51006414719.txt,approved,1,pseudo_rule_clean,0.0000,v3_medium_rules,4.40,42,623,,false,200,1
X51006414720,train,train/img/X51006414720.jpg,train/box/X51006414720.txt,train/entities/X51006414720.txt,approved,1,pseudo_rule_noisy,0.0356,v3_medium_rules,6.40,45,608,,true,200,1
X51006414721,train,train/img/X51006414721.jpg,train/box/X51006414721.txt,train/entities/X51006414721.txt,approved,1,pseudo_rule_clean,0.0027,v3_medium_rules,7.20,70,927,,false,200,1
X51006466056,train,train/img/X51006466056.jpg,train/box/X51006466056.txt,train/entities/X51006466056.txt,rejected,0,pseudo_rule_noisy,0.0223,v3_medium_rules,11.25,61,726,,true,200,1
X51006466062,train,train/img/X51006466062.jpg,train/box/X51006466062.txt,train/entities/X51006466062.txt,approved,1,pseudo_rule_clean,0.0000,v3_medium_rules,5.00,30,338,,false,200,1
X51006466065,train,train/img/X51006466065.jpg,train/box/X51006466065.txt,train/entities/X51006466065.txt,rejected,0,pseudo_rule_clean,0.0320,v3_medium_rules,25.00,44,537,,false,200,1
X51006466778,train,train/img/X51006466778.jpg,train/box/X51006466778.txt,train/entities/X51006466778.txt,rejected,0,pseudo_rule_noisy,0.0000,v3_medium_rules,20.40,33,317,,true,200,1
X51006502529,train,train/img/X51006502529.jpg,train/box/X51006502529.txt,train/entities/X51006502529.txt,approved,1,pseudo_rule_clean,0.0067,v3_medium_rules,3.70,37,521,,false,200,1
X51006502531,train,train/img/X51006502531.jpg,train/box/X51006502531.txt,train/entities/X51006502531.txt,approved,1,pseudo_rule_clean,0.0118,v3_medium_rules,18.80,42,574,,false,200,1
X51006554833,train,train/img/X51006554833.jpg,train/box/X51006554833.txt,train/entities/X51006554833.txt,approved,1,pseudo_rule_clean,0.0000,v3_medium_rules,28.90,61,645,,false,200,1
X51006555072,train,train/img/X51006555072.jpg,train/box/X51006555072.txt,train/entities/X51006555072.txt,rejected,0,pseudo_rule_clean,0.1535,v3_medium_rules,234.40,35,608,,false,200,1
X51006555125,train,train/img/X51006555125.jpg,train/box/X51006555125.txt,train/entities/X51006555125.txt,approved,1,pseudo_rule_clean,0.0000,v3_medium_rules,28.40,26,387,,false,200,1
X51006555570,train,train/img/X51006555570.jpg,train/box/X51006555570.txt,train/entities/X51006555570.txt,approved,1,pseudo_rule_clean,0.0000,v3_medium_rules,78.10,90,844,,false,200,1
X51006555780,train,train/img/X51006555780.jpg,train/box/X51006555780.txt,train/entities/X51006555780.txt,approved,1,pseudo_rule_clean,0.0005,v3_medium_rules,33.05,79,954,,false,200,1
X51006555806,train,train/img/X51006555806.jpg,train/box/X51006555806.txt,train/entities/X51006555806.txt,rejected,0,pseudo_rule_noisy,0.0000,v3_medium_rules,20.21,81,966,,true,200,1
X51006555817,train,train/img/X51006555817.jpg,train/box/X51006555817.txt,train/entities/X51006555817.txt,approved,1,pseudo_rule_noisy,0.0381,v3_medium_rules,24.83,79,960,,true,200,1
X51006555818,train,train/img/X51006555818.jpg,train/box/X51006555818.txt,train/entities/X51006555818.txt,approved,1,pseudo_rule_clean,0.0000,v3_medium_rules,27.10,100,1052,,false,200,1
X51006556591,train,train/img/X51006556591.jpg,train/box/X51006556591.txt,train/entities/X51006556591.txt,approved,1,pseudo_rule_clean,0.0121,v3_medium_rules,36.36,72,926,,false,200,1
X51006556596,train,train/img/X51006556596.jpg,train/box/X51006556596.txt,train/entities/X51006556596.txt,rejected,0,pseudo_rule_clean,0.0353,v3_medium_rules,41.44,79,969,,false,200,1
X51006556604,train,train/img/X51006556604.jpg,train/box/X51006556604.txt,train/entities/X51006556604.txt,approved,1,pseudo_rule_clean,0.0000,v3_medium_rules,39.78,79,964,,false,200,1
X51006556646,train,train/img/X51006556646.jpg,train/box/X51006556646.txt,train/entities/X51006556646.txt,approved,1,pseudo_rule_clean,0.0121,v3_medium_rules,73.55,92,1032,,false,200,1
X51006556650,train,train/img/X51006556650.jpg,train/box/X51006556650.txt,train/entities/X51006556650.txt,approved,1,pseudo_rule_clean,0.0000,v3_medium_rules,50.60,79,967,,false,200,1
X51006556656,train,train/img/X51006556656.jpg,train/box/X51006556656.txt,train/entities/X51006556656.txt,approved,1,pseudo_rule_clean,0.0000,v3_medium_rules,7.97,86,988,,false,200,1
X51006556726,train,train/img/X51006556726.jpg,train/box/X51006556726.txt,train/entities/X51006556726.txt,approved,1,pseudo_rule_clean,0.0219,v3_medium_rules,68.41,72,934,,false,200,1
X51006556732,train,train/img/X51006556732.jpg,train/box/X51006556732.txt,train/entities/X51006556732.txt,approved,1,pseudo_rule_clean,0.0000,v3_medium_rules,19.31,72,930,,false,200,1
X51006556738,train,train/img/X51006556738.jpg,train/box/X51006556738.txt,train/entities/X51006556738.txt,approved,1,pseudo_rule_clean,0.0150,v3_medium_rules,51.88,93,1025,,false,200,1
X51006556815,train,train/img/X51006556815.jpg,train/box/X51006556815.txt,train/entities/X51006556815.txt,approved,1,pseudo_rule_clean,0.0035,v3_medium_rules,54.15,79,961,,false,200,1
X51006556825,train,train/img/X51006556825.jpg,train/box/X51006556825.txt,train/entities/X51006556825.txt,approved,1,pseudo_rule_clean,0.0138,v3_medium_rules,48.04,72,933,,false,200,1
X51006556828,train,train/img/X51006556828.jpg,train/box/X51006556828.txt,train/entities/X51006556828.txt,approved,1,pseudo_rule_clean,0.0153,v3_medium_rules,36.55,93,1021,,false,200,1
X51006556830,train,train/img/X51006556830.jpg,train/box/X51006556830.txt,train/entities/X51006556830.txt,rejected,0,pseudo_rule_clean,0.1614,v3_medium_rules,1007.50,63,705,,false,200,1
X51006556839,train,train/img/X51006556839.jpg,train/box/X51006556839.txt,train/entities/X51006556839.txt,approved,1,pseudo_rule_clean,0.0000,v3_medium_rules,5.90,78,964,,false,200,1
X51006556852,train,train/img/X51006556852.jpg,train/box/X51006556852.txt,train/entities/X51006556852.txt,approved,1,pseudo_rule_clean,0.0000,v3_medium_rules,65.50,103,1079,,false,200,1
X51006556861,train,train/img/X51006556861.jpg,train/box/X51006556861.txt,train/entities/X51006556861.txt,approved,1,pseudo_rule_clean,0.0117,v3_medium_rules,23.20,72,927,,false,200,1
X51006557117,train,train/img/X51006557117.jpg,train/box/X51006557117.txt,train/entities/X51006557117.txt,approved,1,pseudo_rule_clean,0.0000,v3_medium_rules,62.60,87,991,,false,200,1
X51006557119,train,train/img/X51006557119.jpg,train/box/X51006557119.txt,train/entities/X51006557119.txt,approved,1,pseudo_rule_clean,0.0048,v3_medium_rules,14.79,65,894,,false,200,1
X51006557161,train,train/img/X51006557161.jpg,train/box/X51006557161.txt,train/entities/X51006557161.txt,approved,1,pseudo_rule_clean,0.0000,v3_medium_rules,41.87,72,932,,false,200,1
X51006557164,train,train/img/X51006557164.jpg,train/box/X51006557164.txt,train/entities/X51006557164.txt,rejected,0,pseudo_rule_clean,0.0291,v3_medium_rules,31.05,79,958,,false,200,1
X51006557179,train,train/img/X51006557179.jpg,train/box/X51006557179.txt,train/entities/X51006557179.txt,approved,1,pseudo_rule_clean,0.0000,v3_medium_rules,34.21,72,930,,false,200,1
X51006557184,train,train/img/X51006557184.jpg,train/box/X51006557184.txt,train/entities/X51006557184.txt,rejected,0,pseudo_rule_noisy,0.0217,v3_medium_rules,68.63,72,935,,true,200,1
X51006557185,train,train/img/X51006557185.jpg,train/box/X51006557185.txt,train/entities/X51006557185.txt,rejected,0,pseudo_rule_noisy,0.0000,v3_medium_rules,110.46,86,994,,true,200,1
X51006557188,train,train/img/X51006557188.jpg,train/box/X51006557188.txt,train/entities/X51006557188.txt,rejected,0,pseudo_rule_clean,0.0355,v3_medium_rules,23.56,79,958,,false,200,1
X51006557198,train,train/img/X51006557198.jpg,train/box/X51006557198.txt,train/entities/X51006557198.txt,approved,1,pseudo_rule_clean,0.0000,v3_medium_rules,27.20,94,1026,,false,200,1
X51006557202,train,train/img/X51006557202.jpg,train/box/X51006557202.txt,train/entities/X51006557202.txt,approved,1,pseudo_rule_clean,0.0196,v3_medium_rules,46.06,71,898,,false,200,1
X51006557210,train,train/img/X51006557210.jpg,train/box/X51006557210.txt,train/entities/X51006557210.txt,approved,1,pseudo_rule_noisy,0.0386,v3_medium_rules,51.42,79,961,,true,200,1
X51006557213,train,train/img/X51006557213.jpg,train/box/X51006557213.txt,train/entities/X51006557213.txt,rejected,0,pseudo_rule_noisy,0.0000,v3_medium_rules,31.32,72,931,,true,200,1
X51006557508,train,train/img/X51006557508.jpg,train/box/X51006557508.txt,train/entities/X51006557508.txt,approved,1,pseudo_rule_clean,0.0000,v3_medium_rules,54.19,87,990,,false,200,1
X51006619342,train,train/img/X51006619342.jpg,train/box/X51006619342.txt,train/entities/X51006619342.txt,approved,1,pseudo_rule_clean,0.0029,v3_medium_rules,3.30,27,455,,false,200,1
X51006619545,train,train/img/X51006619545.jpg,train/box/X51006619545.txt,train/entities/X51006619545.txt,approved,1,pseudo_rule_noisy,0.0301,v3_medium_rules,111.90,96,1368,,true,200,1
X51006619694,train,train/img/X51006619694.jpg,train/box/X51006619694.txt,train/entities/X51006619694.txt,approved,1,pseudo_rule_clean,0.0136,v3_medium_rules,2.56,46,704,,false,200,1
X51006619696,train,train/img/X51006619696.jpg,train/box/X51006619696.txt,train/entities/X51006619696.txt,approved,1,pseudo_rule_clean,0.0000,v3_medium_rules,82.80,27,427,,false,200,1
X51006619697,train,train/img/X51006619697.jpg,train/box/X51006619697.txt,train/entities/X51006619697.txt,rejected,0,pseudo_rule_clean,0.0275,v3_medium_rules,96.20,48,633,,false,200,1
X51006619709,train,train/img/X51006619709.jpg,train/box/X51006619709.txt,train/entities/X51006619709.txt,approved,1,pseudo_rule_clean,0.0000,v3_medium_rules,57.40,78,924,,false,200,1
X51006619765,train,train/img/X51006619765.jpg,train/box/X51006619765.txt,train/entities/X51006619765.txt,approved,1,pseudo_rule_clean,0.0000,v3_medium_rules,64.70,70,948,,false,200,1
X51006619780,train,train/img/X51006619780.jpg,train/box/X51006619780.txt,train/entities/X51006619780.txt,approved,1,pseudo_rule_clean,0.0134,v3_medium_rules,8.35,32,409,,false,200,1
X51006619783,train,train/img/X51006619783.jpg,train/box/X51006619783.txt,train/entities/X51006619783.txt,approved,1,pseudo_rule_clean,0.0000,v3_medium_rules,43.90,50,571,,false,200,1
X51006619854,train,train/img/X51006619854.jpg,train/box/X51006619854.txt,train/entities/X51006619854.txt,rejected,0,pseudo_rule_noisy,0.0172,v3_medium_rules,2.10,27,426,,true,200,1
X51006620176,train,train/img/X51006620176.jpg,train/box/X51006620176.txt,train/entities/X51006620176.txt,approved,1,pseudo_rule_clean,0.0000,v3_medium_rules,12.50,30,516,,false,200,1
X51006620181,train,train/img/X51006620181.jpg,train/box/X51006620181.txt,train/entities/X51006620181.txt,rejected,0,pseudo_rule_noisy,0.0000,v3_medium_rules,51.30,28,430,,true,200,1
X51006620186,train,train/img/X51006620186.jpg,train/box/X51006620186.txt,train/entities/X51006620186.txt,approved,1,pseudo_rule_clean,0.0000,v3_medium_rules,68.10,67,832,,false,200,1
X51006620187,train,train/img/X51006620187.jpg,train/box/X51006620187.txt,train/entities/X51006620187.txt,rejected,0,pseudo_rule_noisy,0.0000,v3_medium_rules,6.85,49,720,,true,200,1
X51006620189,train,train/img/X51006620189.jpg,train/box/X51006620189.txt,train/entities/X51006620189.txt,rejected,0,pseudo_rule_clean,0.1194,v3_medium_rules,177.20,57,936,,false,200,1
X51006620190,train,train/img/X51006620190.jpg,train/box/X51006620190.txt,train/entities/X51006620190.txt,approved,1,pseudo_rule_clean,0.0000,v3_medium_rules,21.50,37,570,,false,200,1
X51006647932,train,train/img/X51006647932.jpg,train/box/X51006647932.txt,train/entities/X51006647932.txt,approved,1,pseudo_rule_clean,0.0121,v3_medium_rules,87.10,49,546,,false,200,1
X51006679216,train,train/img/X51006679216.jpg,train/box/X51006679216.txt,train/entities/X51006679216.txt,rejected,0,pseudo_rule_noisy,0.0000,v3_medium_rules,31.60,73,869,,true,200,1
X51006679222,train,train/img/X51006679222.jpg,train/box/X51006679222.txt,train/entities/X51006679222.txt,rejected,0,pseudo_rule_noisy,0.0000,v3_medium_rules,39.90,47,578,,true,200,1
X51006714065,train,train/img/X51006714065.jpg,train/box/X51006714065.txt,train/entities/X51006714065.txt,rejected,0,pseudo_rule_clean,0.0363,v3_medium_rules,66.00,41,475,,false,200,1
X51006856981,train,train/img/X51006856981.jpg,train/box/X51006856981.txt,train/entities/X51006856981.txt,approved,1,pseudo_rule_clean,0.0000,v3_medium_rules,13.78,46,680,,false,200,1
X51006857071,train,train/img/X51006857071.jpg,train/box/X51006857071.txt,train/entities/X51006857071.txt,approved,1,pseudo_rule_clean,0.0000,v3_medium_rules,148.00,41,520,,false,200,1
X51006857660,train,train/img/X51006857660.jpg,train/box/X51006857660.txt,train/entities/X51006857660.txt,rejected,0,pseudo_rule_clean,0.1510,v3_medium_rules,247.55,70,882,,false,200,1
X51006867435,train,train/img/X51006867435.jpg,train/box/X51006867435.txt,train/entities/X51006867435.txt,rejected,0,pseudo_rule_noisy,0.0168,v3_medium_rules,2.28,41,652,,true,200,1
X51006867436,train,train/img/X51006867436.jpg,train/box/X51006867436.txt,train/entities/X51006867436.txt,rejected,0,pseudo_rule_noisy,0.0000,v3_medium_rules,4.50,49,729,,true,200,1
X51006912972,train,train/img/X51006912972.jpg,train/box/X51006912972.txt,train/entities/X51006912972.txt,rejected,0,pseudo_rule_clean,0.1308,v3_medium_rules,8.20,39,566,,false,200,1
X51006913007,train,train/img/X51006913007.jpg,train/box/X51006913007.txt,train/entities/X51006913007.txt,approved,1,pseudo_rule_clean,0.0000,v3_medium_rules,99.90,69,875,,false,200,1
X51006913019,train,train/img/X51006913019.jpg,train/box/X51006913019.txt,train/entities/X51006913019.txt,rejected,0,pseudo_rule_clean,0.1704,v3_medium_rules,476.80,80,1232,,false,200,1
X51006913024,train,train/img/X51006913024.jpg,train/box/X51006913024.txt,train/entities/X51006913024.txt,rejected,0,pseudo_rule_clean,0.1090,v3_medium_rules,8.90,39,579,,false,200,1
X51006913028,train,train/img/X51006913028.jpg,train/box/X51006913028.txt,train/entities/X51006913028.txt,rejected,0,pseudo_rule_clean,0.1328,v3_medium_rules,8.70,38,580,,false,200,1
X51006913030,train,train/img/X51006913030.jpg,train/box/X51006913030.txt,train/entities/X51006913030.txt,approved,1,pseudo_rule_noisy,0.0694,v3_medium_rules,10.30,39,576,,true,200,1
X51006913031,train,train/img/X51006913031.jpg,train/box/X51006913031.txt,train/entities/X51006913031.txt,rejected,0,pseudo_rule_clean,0.0702,v3_medium_rules,6.60,34,523,,false,200,1
X51006913054,train,train/img/X51006913054.jpg,train/box/X51006913054.txt,train/entities/X51006913054.txt,rejected,0,pseudo_rule_clean,0.0344,v3_medium_rules,12.00,52,692,,false,200,1
X51006913059,train,train/img/X51006913059.jpg,train/box/X51006913059.txt,train/entities/X51006913059.txt,rejected,0,pseudo_rule_clean,0.0797,v3_medium_rules,11.40,44,621,,false,200,1
X51006913068,train,train/img/X51006913068.jpg,train/box/X51006913068.txt,train/entities/X51006913068.txt,approved,1,pseudo_rule_clean,0.0000,v3_medium_rules,11.10,32,549,,false,200,1
X51006913070,train,train/img/X51006913070.jpg,train/box/X51006913070.txt,train/entities/X51006913070.txt,rejected,0,pseudo_rule_clean,0.1086,v3_medium_rules,8.40,43,636,,false,200,1
X51006913073,train,train/img/X51006913073.jpg,train/box/X51006913073.txt,train/entities/X51006913073.txt,rejected,0,pseudo_rule_clean,0.1247,v3_medium_rules,10.70,43,639,,false,200,1
X51007103578,train,train/img/X51007103578.jpg,train/box/X51007103578.txt,train/entities/X51007103578.txt,approved,1,pseudo_rule_clean,0.0020,v3_medium_rules,31.20,63,815,,false,200,1
X51007103599,train,train/img/X51007103599.jpg,train/box/X51007103599.txt,train/entities/X51007103599.txt,approved,1,pseudo_rule_clean,0.0000,v3_medium_rules,9.00,37,537,,false,200,1
X51007103641,train,train/img/X51007103641.jpg,train/box/X51007103641.txt,train/entities/X51007103641.txt,approved,1,pseudo_rule_clean,0.0012,v3_medium_rules,34.80,57,748,,false,200,1
X51007103681,train,train/img/X51007103681.jpg,train/box/X51007103681.txt,train/entities/X51007103681.txt,rejected,0,pseudo_rule_noisy,0.0000,v3_medium_rules,2.10,34,480,,true,200,1
X51007103688,train,train/img/X51007103688.jpg,train/box/X51007103688.txt,train/entities/X51007103688.txt,approved,1,pseudo_rule_clean,0.0000,v3_medium_rules,38.00,36,522,,false,200,1
X51007103691,train,train/img/X51007103691.jpg,train/box/X51007103691.txt,train/entities/X51007103691.txt,approved,1,pseudo_rule_clean,0.0207,v3_medium_rules,26.10,44,663,,false,200,1
X51007103692,train,train/img/X51007103692.jpg,train/box/X51007103692.txt,train/entities/X51007103692.txt,approved,1,pseudo_rule_noisy,0.0381,v3_medium_rules,53.20,51,631,,true,200,1
X51007103702,train,train/img/X51007103702.jpg,train/box/X51007103702.txt,train/entities/X51007103702.txt,rejected,0,pseudo_rule_noisy,0.0253,v3_medium_rules,5.00,44,593,,true,200,1
X51007135037,train,train/img/X51007135037.jpg,train/box/X51007135037.txt,train/entities/X51007135037.txt,approved,1,pseudo_rule_noisy,0.0778,v3_medium_rules,72.00,49,701,,true,200,1
X51007225398,train,train/img/X51007225398.jpg,train/box/X51007225398.txt,train/entities/X51007225398.txt,rejected,0,pseudo_rule_noisy,0.0000,v3_medium_rules,27.00,46,679,,true,200,1
X51007225417,train,train/img/X51007225417.jpg,train/box/X51007225417.txt,train/entities/X51007225417.txt,approved,1,pseudo_rule_noisy,0.0274,v3_medium_rules,51.00,55,760,,true,200,1
X51007225442,train,train/img/X51007225442.jpg,train/box/X51007225442.txt,train/entities/X51007225442.txt,approved,1,pseudo_rule_clean,0.0179,v3_medium_rules,23.00,49,662,,false,200,1
X51007228448,train,train/img/X51007228448.jpg,train/box/X51007228448.txt,train/entities/X51007228448.txt,approved,1,pseudo_rule_clean,0.0195,v3_medium_rules,11.60,42,428,,false,200,1
X51007231338,train,train/img/X51007231338.jpg,train/box/X51007231338.txt,train/entities/X51007231338.txt,approved,1,pseudo_rule_clean,0.0000,v3_medium_rules,9.45,66,705,,false,200,1
X51007231361,train,train/img/X51007231361.jpg,train/box/X51007231361.txt,train/entities/X51007231361.txt,rejected,0,pseudo_rule_clean,0.1314,v3_medium_rules,164.80,74,808,,false,200,1
X51007231370,train,train/img/X51007231370.jpg,train/box/X51007231370.txt,train/entities/X51007231370.txt,approved,1,pseudo_rule_clean,0.0000,v3_medium_rules,15.15,40,413,,false,200,1
X51007231374,train,train/img/X51007231374.jpg,train/box/X51007231374.txt,train/entities/X51007231374.txt,rejected,0,pseudo_rule_noisy,0.0000,v3_medium_rules,24.40,44,517,,true,200,1
X51007262315,train,train/img/X51007262315.jpg,train/box/X51007262315.txt,train/entities/X51007262315.txt,approved,1,pseudo_rule_clean,0.0000,v3_medium_rules,70.30,47,749,,false,200,1
X51007262328,train,train/img/X51007262328.jpg,train/box/X51007262328.txt,train/entities/X51007262328.txt,rejected,0,pseudo_rule_noisy,0.0000,v3_medium_rules,25.00,58,637,,true,200,1
X51007339095,train,train/img/X51007339095.jpg,train/box/X51007339095.txt,train/entities/X51007339095.txt,rejected,0,pseudo_rule_noisy,0.0076,v3_medium_rules,14.90,51,816,,true,200,1
X51007339097,train,train/img/X51007339097.jpg,train/box/X51007339097.txt,train/entities/X51007339097.txt,approved,1,pseudo_rule_clean,0.0258,v3_medium_rules,8.70,47,754,,false,200,1
X51007339098,train,train/img/X51007339098.jpg,train/box/X51007339098.txt,train/entities/X51007339098.txt,approved,1,pseudo_rule_clean,0.0000,v3_medium_rules,8.70,46,754,,false,200,1
X51007339107,train,train/img/X51007339107.jpg,train/box/X51007339107.txt,train/entities/X51007339107.txt,rejected,0,pseudo_rule_noisy,0.0000,v3_medium_rules,14.90,52,839,,true,200,1
X51007339110,train,train/img/X51007339110.jpg,train/box/X51007339110.txt,train/entities/X51007339110.txt,approved,1,pseudo_rule_clean,0.0239,v3_medium_rules,2.00,45,737,,false,200,1
X51007339111,train,train/img/X51007339111.jpg,train/box/X51007339111.txt,train/entities/X51007339111.txt,approved,1,pseudo_rule_clean,0.0000,v3_medium_rules,3.00,45,736,,false,200,1
X51007339112,train,train/img/X51007339112.jpg,train/box/X51007339112.txt,train/entities/X51007339112.txt,rejected,0,pseudo_rule_noisy,0.0125,v3_medium_rules,5.80,46,754,,true,200,1
X51007339113,train,train/img/X51007339113.jpg,train/box/X51007339113.txt,train/entities/X51007339113.txt,approved,1,pseudo_rule_clean,0.0000,v3_medium_rules,5.80,46,754,,false,200,1
X51007339114,train,train/img/X51007339114.jpg,train/box/X51007339114.txt,train/entities/X51007339114.txt,rejected,0,pseudo_rule_clean,0.0286,v3_medium_rules,36.00,53,858,,false,200,1
X51007339115,train,train/img/X51007339115.jpg,train/box/X51007339115.txt,train/entities/X51007339115.txt,approved,1,pseudo_rule_clean,0.0085,v3_medium_rules,3.90,46,769,,false,200,1
X51007339117,train,train/img/X51007339117.jpg,train/box/X51007339117.txt,train/entities/X51007339117.txt,rejected,0,pseudo_rule_clean,0.0312,v3_medium_rules,33.50,53,857,,false,200,1
X51007339118,train,train/img/X51007339118.jpg,train/box/X51007339118.txt,train/entities/X51007339118.txt,approved,1,pseudo_rule_clean,0.0193,v3_medium_rules,2.00,45,738,,false,200,1
X51007339126,train,train/img/X51007339126.jpg,train/box/X51007339126.txt,train/entities/X51007339126.txt,rejected,0,pseudo_rule_noisy,0.0006,v3_medium_rules,12.00,51,805,,true,200,1
X51007339132,train,train/img/X51007339132.jpg,train/box/X51007339132.txt,train/entities/X51007339132.txt,approved,1,pseudo_rule_clean,0.0000,v3_medium_rules,8.70,43,664,,false,200,1
X51007339133,train,train/img/X51007339133.jpg,train/box/X51007339133.txt,train/entities/X51007339133.txt,approved,1,pseudo_rule_clean,0.0264,v3_medium_rules,8.70,46,755,,false,200,1
X51007339135,train,train/img/X51007339135.jpg,train/box/X51007339135.txt,train/entities/X51007339135.txt,rejected,0,pseudo_rule_clean,0.0337,v3_medium_rules,8.70,46,754,,false,200,1
X51007339136,train,train/img/X51007339136.jpg,train/box/X51007339136.txt,train/entities/X51007339136.txt,approved,1,pseudo_rule_clean,0.0000,v3_medium_rules,46.90,65,989,,false,200,1
X51007339158,train,train/img/X51007339158.jpg,train/box/X51007339158.txt,train/entities/X51007339158.txt,approved,1,pseudo_rule_clean,0.0247,v3_medium_rules,5.00,46,753,,false,200,1
X51007339164,train,train/img/X51007339164.jpg,train/box/X51007339164.txt,train/entities/X51007339164.txt,rejected,0,pseudo_rule_noisy,0.0189,v3_medium_rules,9.30,52,831,,true,200,1
X51007339165,train,train/img/X51007339165.jpg,train/box/X51007339165.txt,train/entities/X51007339165.txt,approved,1,pseudo_rule_clean,0.0000,v3_medium_rules,33.60,56,908,,false,200,1
X51007339167,train,train/img/X51007339167.jpg,train/box/X51007339167.txt,train/entities/X51007339167.txt,approved,1,pseudo_rule_clean,0.0000,v3_medium_rules,7.00,50,827,,false,200,1
X51007339639,train,train/img/X51007339639.jpg,train/box/X51007339639.txt,train/entities/X51007339639.txt,rejected,0,pseudo_rule_clean,0.0290,v3_medium_rules,4.00,58,770,,false,200,1
X51007339642,train,train/img/X51007339642.jpg,train/box/X51007339642.txt,train/entities/X51007339642.txt,approved,1,pseudo_rule_clean,0.0183,v3_medium_rules,14.00,57,779,,false,200,1
X51007339648,train,train/img/X51007339648.jpg,train/box/X51007339648.txt,train/entities/X51007339648.txt,approved,1,pseudo_rule_clean,0.0231,v3_medium_rules,30.00,58,780,,false,200,1
X51007339650,train,train/img/X51007339650.jpg,train/box/X51007339650.txt,train/entities/X51007339650.txt,approved,1,pseudo_rule_clean,0.0235,v3_medium_rules,24.00,57,790,,false,200,1
X51007339651,train,train/img/X51007339651.jpg,train/box/X51007339651.txt,train/entities/X51007339651.txt,approved,1,pseudo_rule_clean,0.0000,v3_medium_rules,7.00,58,775,,false,200,1
X51007339653,train,train/img/X51007339653.jpg,train/box/X51007339653.txt,train/entities/X51007339653.txt,rejected,0,pseudo_rule_clean,0.0336,v3_medium_rules,24.00,57,653,,false,200,1
X51007339656,train,train/img/X51007339656.jpg,train/box/X51007339656.txt,train/entities/X51007339656.txt,rejected,0,pseudo_rule_noisy,0.0000,v3_medium_rules,16.00,58,773,,true,200,1
X51007339658,train,train/img/X51007339658.jpg,train/box/X51007339658.txt,train/entities/X51007339658.txt,approved,1,pseudo_rule_clean,0.0000,v3_medium_rules,28.00,58,777,,false,200,1
X51007391372,train,train/img/X51007391372.jpg,train/box/X51007391372.txt,train/entities/X51007391372.txt,approved,1,pseudo_rule_clean,0.0000,v3_medium_rules,52.00,63,671,,false,200,1
X51007419197,train,train/img/X51007419197.jpg,train/box/X51007419197.txt,train/entities/X51007419197.txt,approved,1,pseudo_rule_clean,0.0000,v3_medium_rules,6.00,38,569,,false,200,1
X51007579726,train,train/img/X51007579726.jpg,train/box/X51007579726.txt,train/entities/X51007579726.txt,approved,1,pseudo_rule_clean,0.0216,v3_medium_rules,30.00,56,702,,false,200,1
X51007843145,train,train/img/X51007843145.jpg,train/box/X51007843145.txt,train/entities/X51007843145.txt,approved,1,pseudo_rule_clean,0.0141,v3_medium_rules,50.00,47,582,,false,200,1
X51007846269,train,train/img/X51007846269.jpg,train/box/X51007846269.txt,train/entities/X51007846269.txt,rejected,0,pseudo_rule_clean,0.1274,v3_medium_rules,7.70,41,570,,false,200,1
X51007846286,train,train/img/X51007846286.jpg,train/box/X51007846286.txt,train/entities/X51007846286.txt,rejected,0,pseudo_rule_clean,0.1315,v3_medium_rules,7.70,45,625,,false,200,1
X51007846305,train,train/img/X51007846305.jpg,train/box/X51007846305.txt,train/entities/X51007846305.txt,approved,1,pseudo_rule_clean,0.0000,v3_medium_rules,127.35,105,1253,,false,200,1
X51007846325,train,train/img/X51007846325.jpg,train/box/X51007846325.txt,train/entities/X51007846325.txt,rejected,0,pseudo_rule_noisy,0.0141,v3_medium_rules,25.85,70,839,,true,200,1
X51007846326,train,train/img/X51007846326.jpg,train/box/X51007846326.txt,train/entities/X51007846326.txt,rejected,0,pseudo_rule_clean,0.0351,v3_medium_rules,10.30,56,612,,false,200,1
X51007846353,train,train/img/X51007846353.jpg,train/box/X51007846353.txt,train/entities/X51007846353.txt,approved,1,pseudo_rule_clean,0.0000,v3_medium_rules,28.15,67,630,,false,200,1
X51007846357,train,train/img/X51007846357.jpg,train/box/X51007846357.txt,train/entities/X51007846357.txt,rejected,0,pseudo_rule_clean,0.0310,v3_medium_rules,43.40,42,416,,false,200,1
X51007846368,train,train/img/X51007846368.jpg,train/box/X51007846368.txt,train/entities/X51007846368.txt,rejected,0,pseudo_rule_clean,0.1707,v3_medium_rules,473.30,141,969,,false,200,1
X51007846388,train,train/img/X51007846388.jpg,train/box/X51007846388.txt,train/entities/X51007846388.txt,rejected,0,pseudo_rule_clean,0.0605,v3_medium_rules,8.20,39,590,,false,200,1
X51007846393,train,train/img/X51007846393.jpg,train/box/X51007846393.txt,train/entities/X51007846393.txt,approved,1,pseudo_rule_clean,0.0000,v3_medium_rules,14.20,60,747,,false,200,1
X51007846395,train,train/img/X51007846395.jpg,train/box/X51007846395.txt,train/entities/X51007846395.txt,approved,1,pseudo_rule_clean,0.0178,v3_medium_rules,12.80,34,572,,false,200,1
X51007846398,train,train/img/X51007846398.jpg,train/box/X51007846398.txt,train/entities/X51007846398.txt,rejected,0,pseudo_rule_clean,0.0658,v3_medium_rules,8.50,43,624,,false,200,1
X51007846410,train,train/img/X51007846410.jpg,train/box/X51007846410.txt,train/entities/X51007846410.txt,approved,1,pseudo_rule_clean,0.0040,v3_medium_rules,12.00,68,665,,false,200,1
X51008030560,train,train/img/X51008030560.jpg,train/box/X51008030560.txt,train/entities/X51008030560.txt,approved,1,pseudo_rule_clean,0.0000,v3_medium_rules,11.60,57,536,,false,200,1
X51008042777,train,train/img/X51008042777.jpg,train/box/X51008042777.txt,train/entities/X51008042777.txt,approved,1,pseudo_rule_clean,0.0000,v3_medium_rules,4.80,44,472,,false,200,1
X51008042778,train,train/img/X51008042778.jpg,train/box/X51008042778.txt,train/entities/X51008042778.txt,approved,1,pseudo_rule_clean,0.0000,v3_medium_rules,19.40,49,505,,false,200,1
X51008042782,train,train/img/X51008042782.jpg,train/box/X51008042782.txt,train/entities/X51008042782.txt,approved,1,pseudo_rule_clean,0.0000,v3_medium_rules,6.70,49,500,,false,200,1
X51008042783,train,train/img/X51008042783.jpg,train/box/X51008042783.txt,train/entities/X51008042783.txt,rejected,0,pseudo_rule_noisy,0.0000,v3_medium_rules,18.90,35,601,,true,200,1
X51008042791,train,train/img/X51008042791.jpg,train/box/X51008042791.txt,train/entities/X51008042791.txt,approved,1,pseudo_rule_clean,0.0108,v3_medium_rules,2.40,43,466,,false,200,1
X51008042793,train,train/img/X51008042793.jpg,train/box/X51008042793.txt,train/entities/X51008042793.txt,approved,1,pseudo_rule_clean,0.0000,v3_medium_rules,2.50,45,493,,false,200,1
X51008063849,train,train/img/X51008063849.jpg,train/box/X51008063849.txt,train/entities/X51008063849.txt,approved,1,pseudo_rule_clean,0.0000,v3_medium_rules,2.70,35,541,,false,200,1
X51008064061,train,train/img/X51008064061.jpg,train/box/X51008064061.txt,train/entities/X51008064061.txt,approved,1,pseudo_rule_clean,0.0000,v3_medium_rules,69.20,46,687,,false,200,1
X51008099043,train,train/img/X51008099043.jpg,train/box/X51008099043.txt,train/entities/X51008099043.txt,approved,1,pseudo_rule_clean,0.0000,v3_medium_rules,4.60,43,476,,false,200,1
X51008099044,train,train/img/X51008099044.jpg,train/box/X51008099044.txt,train/entities/X51008099044.txt,approved,1,pseudo_rule_clean,0.0000,v3_medium_rules,6.50,52,505,,false,200,1
X51008099071,train,train/img/X51008099071.jpg,train/box/X51008099071.txt,train/entities/X51008099071.txt,approved,1,pseudo_rule_clean,0.0094,v3_medium_rules,50.00,41,554,,false,200,1
X51008099073,train,train/img/X51008099073.jpg,train/box/X51008099073.txt,train/entities/X51008099073.txt,rejected,0,pseudo_rule_noisy,0.0080,v3_medium_rules,100.00,43,565,,true,200,1
X51008099081,train,train/img/X51008099081.jpg,train/box/X51008099081.txt,train/entities/X51008099081.txt,approved,1,pseudo_rule_clean,0.0000,v3_medium_rules,4.80,42,451,,false,200,1
X51008099084,train,train/img/X51008099084.jpg,train/box/X51008099084.txt,train/entities/X51008099084.txt,rejected,0,pseudo_rule_clean,0.0390,v3_medium_rules,4.60,47,477,,false,200,1
X51008099089,train,train/img/X51008099089.jpg,train/box/X51008099089.txt,train/entities/X51008099089.txt,approved,1,pseudo_rule_clean,0.0004,v3_medium_rules,9.60,52,508,,false,200,1
X51008099102,train,train/img/X51008099102.jpg,train/box/X51008099102.txt,train/entities/X51008099102.txt,rejected,0,pseudo_rule_noisy,0.0000,v3_medium_rules,68.00,75,804,,true,200,1
X51008114216,train,train/img/X51008114216.jpg,train/box/X51008114216.txt,train/entities/X51008114216.txt,rejected,0,pseudo_rule_noisy,0.0079,v3_medium_rules,8.95,35,515,,true,200,1
X51008114217,train,train/img/X51008114217.jpg,train/box/X51008114217.txt,train/entities/X51008114217.txt,approved,1,pseudo_rule_clean,0.0000,v3_medium_rules,27.25,52,705,,false,200,1
X51008114262,train,train/img/X51008114262.jpg,train/box/X51008114262.txt,train/entities/X51008114262.txt,rejected,0,pseudo_rule_noisy,0.0066,v3_medium_rules,137.15,32,489,,true,200,1
X51008122920,train,train/img/X51008122920.jpg,train/box/X51008122920.txt,train/entities/X51008122920.txt,approved,1,pseudo_rule_clean,0.0000,v3_medium_rules,19.00,54,673,,false,200,1
X51008123446,train,train/img/X51008123446.jpg,train/box/X51008123446.txt,train/entities/X51008123446.txt,approved,1,pseudo_rule_clean,0.0179,v3_medium_rules,5.00,22,457,,false,200,1
X51008123447,train,train/img/X51008123447.jpg,train/box/X51008123447.txt,train/entities/X51008123447.txt,approved,1,pseudo_rule_clean,0.0000,v3_medium_rules,5.00,24,473,,false,200,1
X51008123450,train,train/img/X51008123450.jpg,train/box/X51008123450.txt,train/entities/X51008123450.txt,approved,1,pseudo_rule_clean,0.0073,v3_medium_rules,1.50,23,473,,false,200,1
X51008123451,train,train/img/X51008123451.jpg,train/box/X51008123451.txt,train/entities/X51008123451.txt,approved,1,pseudo_rule_clean,0.0000,v3_medium_rules,48.00,46,584,,false,200,1
X51008123476,train,train/img/X51008123476.jpg,train/box/X51008123476.txt,train/entities/X51008123476.txt,approved,1,pseudo_rule_clean,0.0084,v3_medium_rules,5.00,25,477,,false,200,1
X51008123586,train,train/img/X51008123586.jpg,train/box/X51008123586.txt,train/entities/X51008123586.txt,approved,1,pseudo_rule_clean,0.0000,v3_medium_rules,7.70,50,646,,false,200,1
X51008123599,train,train/img/X51008123599.jpg,train/box/X51008123599.txt,train/entities/X51008123599.txt,approved,1,pseudo_rule_noisy,0.0354,v3_medium_rules,28.30,51,631,,true,200,1
X51008123604,train,train/img/X51008123604.jpg,train/box/X51008123604.txt,train/entities/X51008123604.txt,approved,1,pseudo_rule_clean,0.0000,v3_medium_rules,52.40,63,725,,false,200,1
X51008128052,train,train/img/X51008128052.jpg,train/box/X51008128052.txt,train/entities/X51008128052.txt,rejected,0,pseudo_rule_noisy,0.0195,v3_medium_rules,93.00,38,415,,true,200,1
X51008128065,train,train/img/X51008128065.jpg,train/box/X51008128065.txt,train/entities/X51008128065.txt,approved,1,pseudo_rule_clean,0.0256,v3_medium_rules,19.90,28,453,,false,200,1
X51008142033,train,train/img/X51008142033.jpg,train/box/X51008142033.txt,train/entities/X51008142033.txt,approved,1,pseudo_rule_clean,0.0000,v3_medium_rules,42.40,52,629,,false,200,1
X51008142034,train,train/img/X51008142034.jpg,train/box/X51008142034.txt,train/entities/X51008142034.txt,approved,1,pseudo_rule_clean,0.0005,v3_medium_rules,4.70,49,619,,false,200,1
X51008142038,train,train/img/X51008142038.jpg,train/box/X51008142038.txt,train/entities/X51008142038.txt,approved,1,pseudo_rule_clean,0.0000,v3_medium_rules,27.90,29,449,,false,200,1
X51008142058,train,train/img/X51008142058.jpg,train/box/X51008142058.txt,train/entities/X51008142058.txt,approved,1,pseudo_rule_clean,0.0000,v3_medium_rules,87.45,77,710,,false,200,1
X51008142059,train,train/img/X51008142059.jpg,train/box/X51008142059.txt,train/entities/X51008142059.txt,rejected,0,pseudo_rule_clean,0.0971,v3_medium_rules,190.80,84,767,,false,200,1
X51008142068,train,train/img/X51008142068.jpg,train/box/X51008142068.txt,train/entities/X51008142068.txt,approved,1,pseudo_rule_clean,0.0000,v3_medium_rules,68.90,77,722,,false,200,1
X51008145504,train,train/img/X51008145504.jpg,train/box/X51008145504.txt,train/entities/X51008145504.txt,rejected,0,pseudo_rule_noisy,0.0000,v3_medium_rules,136.00,54,604,,true,200,1
X51008145505,train,train/img/X51008145505.jpg,train/box/X51008145505.txt,train/entities/X51008145505.txt,rejected,0,pseudo_rule_clean,0.1943,v3_medium_rules,489.30,50,534,,false,200,1
X51008164420,train,train/img/X51008164420.jpg,train/box/X51008164420.txt,train/entities/X51008164420.txt,rejected,0,pseudo_rule_clean,0.0265,v3_medium_rules,7.30,42,611,,false,200,1
X51008164510,train,train/img/X51008164510.jpg,train/box/X51008164510.txt,train/entities/X51008164510.txt,rejected,0,pseudo_rule_clean,0.1036,v3_medium_rules,152.00,23,291,,false,200,1
X51008164524,train,train/img/X51008164524.jpg,train/box/X51008164524.txt,train/entities/X51008164524.txt,approved,1,pseudo_rule_clean,0.0000,v3_medium_rules,7.15,48,593,,false,200,1
X51008164525,train,train/img/X51008164525.jpg,train/box/X51008164525.txt,train/entities/X51008164525.txt,approved,1,pseudo_rule_clean,0.0000,v3_medium_rules,30.45,53,649,,false,200,1
X51008164969,train,train/img/X51008164969.jpg,train/box/X51008164969.txt,train/entities/X51008164969.txt,approved,1,pseudo_rule_clean,0.0024,v3_medium_rules,59.00,60,631,,false,200,1
X51008164996,train,train/img/X51008164996.jpg,train/box/X51008164996.txt,train/entities/X51008164996.txt,rejected,0,pseudo_rule_noisy,0.0127,v3_medium_rules,58.00,58,672,,true,200,1
X51008164997,train,train/img/X51008164997.jpg,train/box/X51008164997.txt,train/entities/X51008164997.txt,approved,1,pseudo_rule_clean,0.0000,v3_medium_rules,148.50,53,612,,false,200,1
X51008164998,train,train/img/X51008164998.jpg,train/box/X51008164998.txt,train/entities/X51008164998.txt,approved,1,pseudo_rule_clean,0.0204,v3_medium_rules,38.00,50,587,,false,200,1
X51009453801,train,train/img/X51009453801.jpg,train/box/X51009453801.txt,train/entities/X51009453801.txt,approved,1,pseudo_rule_clean,0.0000,v3_medium_rules,102.00,45,506,,false,200,1
X00016469670,test,test/img/X00016469670.jpg,test/box/X00016469670.txt,test/entities/X00016469670.txt,rejected,0,pseudo_rule_clean,0.1218,v3_medium_rules,193.00,47,664,,false,200,1
X00016469671,test,test/img/X00016469671.jpg,test/box/X00016469671.txt,test/entities/X00016469671.txt,rejected,0,pseudo_rule_clean,0.0937,v3_medium_rules,170.00,41,576,,false,200,1
X51005200931,test,test/img/X51005200931.jpg,test/box/X51005200931.txt,test/entities/X51005200931.txt,rejected,0,pseudo_rule_clean,0.1945,v3_medium_rules,436.20,81,901,,false,200,1
X51005230605,test,test/img/X51005230605.jpg,test/box/X51005230605.txt,test/entities/X51005230605.txt,approved,1,pseudo_rule_clean,0.0000,v3_medium_rules,4.90,44,501,,false,200,1
X51005230616,test,test/img/X51005230616.jpg,test/box/X51005230616.txt,test/entities/X51005230616.txt,approved,1,pseudo_rule_clean,0.0122,v3_medium_rules,38.90,46,810,,false,200,1
X51005230621,test,test/img/X51005230621.jpg,test/box/X51005230621.txt,test/entities/X51005230621.txt,approved,1,pseudo_rule_clean,0.0000,v3_medium_rules,7.30,54,620,,false,200,1
X51005230648,test,test/img/X51005230648.jpg,test/box/X51005230648.txt,test/entities/X51005230648.txt,approved,1,pseudo_rule_clean,0.0000,v3_medium_rules,6.35,45,612,,false,200,1
X51005230657,test,test/img/X51005230657.jpg,test/box/X51005230657.txt,test/entities/X51005230657.txt,approved,1,pseudo_rule_clean,0.0000,v3_medium_rules,7.95,57,692,,false,200,1
X51005230659,test,test/img/X51005230659.jpg,test/box/X51005230659.txt,test/entities/X51005230659.txt,approved,1,pseudo_rule_clean,0.0000,v3_medium_rules,8.00,36,462,,false,200,1
X51005268275,test,test/img/X51005268275.jpg,test/box/X51005268275.txt,test/entities/X51005268275.txt,rejected,0,pseudo_rule_clean,0.1150,v3_medium_rules,278.80,89,1083,,false,200,1
X51005268408,test,test/img/X51005268408.jpg,test/box/X51005268408.txt,test/entities/X51005268408.txt,rejected,0,pseudo_rule_clean,0.1568,v3_medium_rules,169.80,38,597,,false,200,1
X51005288570,test,test/img/X51005288570.jpg,test/box/X51005288570.txt,test/entities/X51005288570.txt,rejected,0,pseudo_rule_clean,0.1340,v3_medium_rules,1.00,34,362,,false,200,1
X51005301666,test,test/img/X51005301666.jpg,test/box/X51005301666.txt,test/entities/X51005301666.txt,rejected,0,pseudo_rule_clean,0.1108,v3_medium_rules,278.80,89,1088,,false,200,1
X51005337867,test,test/img/X51005337867.jpg,test/box/X51005337867.txt,test/entities/X51005337867.txt,rejected,0,pseudo_rule_clean,0.2330,v3_medium_rules,30.25,61,609,,false,200,1
X51005337877,test,test/img/X51005337877.jpg,test/box/X51005337877.txt,test/entities/X51005337877.txt,approved,1,pseudo_rule_clean,0.0000,v3_medium_rules,53.00,53,528,,false,200,1
X51005361906,test,test/img/X51005361906.jpg,test/box/X51005361906.txt,test/entities/X51005361906.txt,rejected,0,pseudo_rule_clean,0.1057,v3_medium_rules,27.35,81,836,,false,200,1
X51005361908,test,test/img/X51005361908.jpg,test/box/X51005361908.txt,test/entities/X51005361908.txt,approved,1,pseudo_rule_clean,0.0000,v3_medium_rules,127.20,61,648,,false,200,1
X51005361912,test,test/img/X51005361912.jpg,test/box/X51005361912.txt,test/entities/X51005361912.txt,approved,1,pseudo_rule_clean,0.0000,v3_medium_rules,1.05,62,624,,false,200,1
X51005361923,test,test/img/X51005361923.jpg,test/box/X51005361923.txt,test/entities/X51005361923.txt,approved,1,pseudo_rule_clean,0.0212,v3_medium_rules,4.20,33,423,,false,200,1
X51005365187,test,test/img/X51005365187.jpg,test/box/X51005365187.txt,test/entities/X51005365187.txt,rejected,0,pseudo_rule_clean,0.0290,v3_medium_rules,31.90,106,938,,false,200,1
X51005433518,test,test/img/X51005433518.jpg,test/box/X51005433518.txt,test/entities/X51005433518.txt,rejected,0,pseudo_rule_clean,0.0743,v3_medium_rules,8.20,39,580,,false,200,1
X51005433543,test,test/img/X51005433543.jpg,test/box/X51005433543.txt,test/entities/X51005433543.txt,rejected,0,pseudo_rule_clean,0.0963,v3_medium_rules,8.20,39,580,,false,200,1
X51005433548,test,test/img/X51005433548.jpg,test/box/X51005433548.txt,test/entities/X51005433548.txt,approved,1,pseudo_rule_clean,0.0207,v3_medium_rules,33.80,56,604,,false,200,1
X51005433556,test,test/img/X51005433556.jpg,test/box/X51005433556.txt,test/entities/X51005433556.txt,approved,1,pseudo_rule_clean,0.0000,v3_medium_rules,49.70,79,708,,false,200,1
X51005442322,test,test/img/X51005442322.jpg,test/box/X51005442322.txt,test/entities/X51005442322.txt,rejected,0,pseudo_rule_clean,0.1994,v3_medium_rules,269.40,72,1074,,false,200,1
X51005442334,test,test/img/X51005442334.jpg,test/box/X51005442334.txt,test/entities/X51005442334.txt,rejected,0,pseudo_rule_clean,0.1202,v3_medium_rules,8.20,39,575,,false,200,1
X51005442343,test,test/img/X51005442343.jpg,test/box/X51005442343.txt,test/entities/X51005442343.txt,rejected,0,pseudo_rule_clean,0.0375,v3_medium_rules,72.00,64,686,,false,200,1
X51005442366,test,test/img/X51005442366.jpg,test/box/X51005442366.txt,test/entities/X51005442366.txt,approved,1,pseudo_rule_clean,0.0207,v3_medium_rules,22.60,41,453,,false,200,1
X51005442375,test,test/img/X51005442375.jpg,test/box/X51005442375.txt,test/entities/X51005442375.txt,rejected,0,pseudo_rule_clean,0.0897,v3_medium_rules,8.50,39,576,,false,200,1
X51005442382,test,test/img/X51005442382.jpg,test/box/X51005442382.txt,test/entities/X51005442382.txt,rejected,0,pseudo_rule_clean,0.0820,v3_medium_rules,6.60,35,530,,false,200,1
X51005442388,test,test/img/X51005442388.jpg,test/box/X51005442388.txt,test/entities/X51005442388.txt,approved,1,pseudo_rule_clean,0.0000,v3_medium_rules,21.60,33,289,,false,200,1
X51005444040,test,test/img/X51005444040.jpg,test/box/X51005444040.txt,test/entities/X51005444040.txt,approved,1,pseudo_rule_clean,0.0000,v3_medium_rules,133.70,52,737,,false,200,1
X51005444041,test,test/img/X51005444041.jpg,test/box/X51005444041.txt,test/entities/X51005444041.txt,rejected,0,pseudo_rule_clean,0.0279,v3_medium_rules,81.00,65,929,,false,200,1
X51005444044,test,test/img/X51005444044.jpg,test/box/X51005444044.txt,test/entities/X51005444044.txt,approved,1,pseudo_rule_clean,0.0000,v3_medium_rules,5.35,26,404,,false,200,1
X51005444046,test,test/img/X51005444046.jpg,test/box/X51005444046.txt,test/entities/X51005444046.txt,approved,1,pseudo_rule_clean,0.0202,v3_medium_rules,66.15,63,798,,false,200,1
X51005447841,test,test/img/X51005447841.jpg,test/box/X51005447841.txt,test/entities/X51005447841.txt,approved,1,pseudo_rule_clean,0.0264,v3_medium_rules,10.40,64,687,,false,200,1
X51005447842,test,test/img/X51005447842.jpg,test/box/X51005447842.txt,test/entities/X51005447842.txt,approved,1,pseudo_rule_clean,0.0212,v3_medium_rules,0.90,43,524,,false,200,1
X51005447844,test,test/img/X51005447844.jpg,test/box/X51005447844.txt,test/entities/X51005447844.txt,approved,1,pseudo_rule_clean,0.0000,v3_medium_rules,110.00,66,584,,false,200,1
X51005447851,test,test/img/X51005447851.jpg,test/box/X51005447851.txt,test/entities/X51005447851.txt,approved,1,pseudo_rule_clean,0.0000,v3_medium_rules,1.70,43,531,,false,200,1
X51005447859,test,test/img/X51005447859.jpg,test/box/X51005447859.txt,test/entities/X51005447859.txt,approved,1,pseudo_rule_clean,0.0254,v3_medium_rules,1.45,43,535,,false,200,1
X51005568855,test,test/img/X51005568855.jpg,test/box/X51005568855.txt,test/entities/X51005568855.txt,rejected,0,pseudo_rule_clean,0.0365,v3_medium_rules,140.65,84,1221,,false,200,1
X51005568866,test,test/img/X51005568866.jpg,test/box/X51005568866.txt,test/entities/X51005568866.txt,approved,1,pseudo_rule_clean,0.0115,v3_medium_rules,5.05,50,765,,false,200,1
X51005568885,test,test/img/X51005568885.jpg,test/box/X51005568885.txt,test/entities/X51005568885.txt,approved,1,pseudo_rule_clean,0.0000,v3_medium_rules,56.00,46,524,,false,200,1
X51005568887,test,test/img/X51005568887.jpg,test/box/X51005568887.txt,test/entities/X51005568887.txt,approved,1,pseudo_rule_clean,0.0000,v3_medium_rules,7.20,50,584,,false,200,1
X51005568889,test,test/img/X51005568889.jpg,test/box/X51005568889.txt,test/entities/X51005568889.txt,approved,1,pseudo_rule_clean,0.0000,v3_medium_rules,19.60,50,591,,false,200,1
X51005568890,test,test/img/X51005568890.jpg,test/box/X51005568890.txt,test/entities/X51005568890.txt,approved,1,pseudo_rule_clean,0.0000,v3_medium_rules,5.00,49,562,,false,200,1
X51005568892,test,test/img/X51005568892.jpg,test/box/X51005568892.txt,test/entities/X51005568892.txt,rejected,0,pseudo_rule_clean,0.0280,v3_medium_rules,26.00,46,522,,false,200,1
X51005568894,test,test/img/X51005568894.jpg,test/box/X51005568894.txt,test/entities/X51005568894.txt,approved,1,pseudo_rule_clean,0.0000,v3_medium_rules,46.65,80,974,,false,200,1
X51005568895,test,test/img/X51005568895.jpg,test/box/X51005568895.txt,test/entities/X51005568895.txt,approved,1,pseudo_rule_clean,0.0181,v3_medium_rules,52.45,68,900,,false,200,1
X51005577191,test,test/img/X51005577191.jpg,test/box/X51005577191.txt,test/entities/X51005577191.txt,approved,1,pseudo_rule_clean,0.0000,v3_medium_rules,10.00,53,560,,false,200,1
X51005582745,test,test/img/X51005582745.jpg,test/box/X51005582745.txt,test/entities/X51005582745.txt,rejected,0,pseudo_rule_clean,0.1049,v3_medium_rules,150.00,53,590,,false,200,1
X51005587261,test,test/img/X51005587261.jpg,test/box/X51005587261.txt,test/entities/X51005587261.txt,approved,1,pseudo_rule_clean,0.0000,v3_medium_rules,30.00,51,667,,false,200,1
X51005605287,test,test/img/X51005605287.jpg,test/box/X51005605287.txt,test/entities/X51005605287.txt,approved,1,pseudo_rule_clean,0.0000,v3_medium_rules,12.25,39,533,,false,200,1
X51005605295,test,test/img/X51005605295.jpg,test/box/X51005605295.txt,test/entities/X51005605295.txt,approved,1,pseudo_rule_clean,0.0073,v3_medium_rules,5.15,45,562,,false,200,1
X51005605332,test,test/img/X51005605332.jpg,test/box/X51005605332.txt,test/entities/X51005605332.txt,rejected,0,pseudo_rule_clean,0.0363,v3_medium_rules,7.95,38,567,,false,200,1
X51005621482,test,test/img/X51005621482.jpg,test/box/X51005621482.txt,test/entities/X51005621482.txt,approved,1,pseudo_rule_clean,0.0196,v3_medium_rules,13.40,57,1151,,false,200,1
X51005663274,test,test/img/X51005663274.jpg,test/box/X51005663274.txt,test/entities/X51005663274.txt,approved,1,pseudo_rule_clean,0.0156,v3_medium_rules,10.50,42,520,,false,200,1
X51005663300,test,test/img/X51005663300.jpg,test/box/X51005663300.txt,test/entities/X51005663300.txt,approved,1,pseudo_rule_clean,0.0203,v3_medium_rules,7.00,42,510,,false,200,1
X51005663307,test,test/img/X51005663307.jpg,test/box/X51005663307.txt,test/entities/X51005663307.txt,approved,1,pseudo_rule_clean,0.0000,v3_medium_rules,56.80,80,858,,false,200,1
X51005663309,test,test/img/X51005663309.jpg,test/box/X51005663309.txt,test/entities/X51005663309.txt,approved,1,pseudo_rule_clean,0.0194,v3_medium_rules,5.30,49,450,,false,200,1
X51005663310,test,test/img/X51005663310.jpg,test/box/X51005663310.txt,test/entities/X51005663310.txt,approved,1,pseudo_rule_clean,0.0000,v3_medium_rules,8.40,42,521,,false,200,1
X51005663323,test,test/img/X51005663323.jpg,test/box/X51005663323.txt,test/entities/X51005663323.txt,rejected,0,pseudo_rule_clean,0.1900,v3_medium_rules,848.00,47,477,,false,200,1
X51005675099,test,test/img/X51005675099.jpg,test/box/X51005675099.txt,test/entities/X51005675099.txt,approved,1,pseudo_rule_clean,0.0000,v3_medium_rules,132.50,55,595,,false,200,1
X51005675103,test,test/img/X51005675103.jpg,test/box/X51005675103.txt,test/entities/X51005675103.txt,approved,1,pseudo_rule_clean,0.0001,v3_medium_rules,100.17,70,685,,false,200,1
X51005675104,test,test/img/X51005675104.jpg,test/box/X51005675104.txt,test/entities/X51005675104.txt,rejected,0,pseudo_rule_clean,0.0939,v3_medium_rules,190.80,58,610,,false,200,1
X51005675914,test,test/img/X51005675914.jpg,test/box/X51005675914.txt,test/entities/X51005675914.txt,approved,1,pseudo_rule_clean,0.0000,v3_medium_rules,67.85,99,896,,false,200,1
X51005676534,test,test/img/X51005676534.jpg,test/box/X51005676534.txt,test/entities/X51005676534.txt,approved,1,pseudo_rule_clean,0.0118,v3_medium_rules,72.08,70,684,,false,200,1
X51005676535,test,test/img/X51005676535.jpg,test/box/X51005676535.txt,test/entities/X51005676535.txt,rejected,0,pseudo_rule_clean,0.0370,v3_medium_rules,89.04,64,639,,false,200,1
X51005676537,test,test/img/X51005676537.jpg,test/box/X51005676537.txt,test/entities/X51005676537.txt,approved,1,pseudo_rule_clean,0.0066,v3_medium_rules,94.34,64,649,,false,200,1
X51005676542,test,test/img/X51005676542.jpg,test/box/X51005676542.txt,test/entities/X51005676542.txt,approved,1,pseudo_rule_clean,0.0000,v3_medium_rules,10.60,58,598,,false,200,1
X51005676548,test,test/img/X51005676548.jpg,test/box/X51005676548.txt,test/entities/X51005676548.txt,rejected,0,pseudo_rule_clean,0.0312,v3_medium_rules,11.13,63,623,,false,200,1
X51005677327,test,test/img/X51005677327.jpg,test/box/X51005677327.txt,test/entities/X51005677327.txt,rejected,0,pseudo_rule_clean,0.0274,v3_medium_rules,36.04,58,597,,false,200,1
X51005677333,test,test/img/X51005677333.jpg,test/box/X51005677333.txt,test/entities/X51005677333.txt,approved,1,pseudo_rule_clean,0.0000,v3_medium_rules,101.76,71,715,,false,200,1
X51005677336,test,test/img/X51005677336.jpg,test/box/X51005677336.txt,test/entities/X51005677336.txt,approved,1,pseudo_rule_clean,0.0000,v3_medium_rules,22.26,58,577,,false,200,1
X51005677337,test,test/img/X51005677337.jpg,test/box/X51005677337.txt,test/entities/X51005677337.txt,approved,1,pseudo_rule_clean,0.0000,v3_medium_rules,94.13,64,617,,false,200,1
X510056849111,test,test/img/X510056849111.jpg,test/box/X510056849111.txt,test/entities/X510056849111.txt,rejected,0,pseudo_rule_clean,0.0362,v3_medium_rules,7.42,32,353,,false,200,1
X51005684949,test,test/img/X51005684949.jpg,test/box/X51005684949.txt,test/entities/X51005684949.txt,approved,1,pseudo_rule_clean,0.0205,v3_medium_rules,7.42,29,343,,false,200,1
X51005705727,test,test/img/X51005705727.jpg,test/box/X51005705727.txt,test/entities/X51005705727.txt,approved,1,pseudo_rule_clean,0.0000,v3_medium_rules,38.15,60,666,,false,200,1
X51005705729,test,test/img/X51005705729.jpg,test/box/X51005705729.txt,test/entities/X51005705729.txt,rejected,0,pseudo_rule_clean,0.0375,v3_medium_rules,94.60,66,701,,false,200,1
X51005705784,test,test/img/X51005705784.jpg,test/box/X51005705784.txt,test/entities/X51005705784.txt,approved,1,pseudo_rule_clean,0.0000,v3_medium_rules,48.00,81,832,,false,200,1
X51005710963,test,test/img/X51005710963.jpg,test/box/X51005710963.txt,test/entities/X51005710963.txt,approved,1,pseudo_rule_clean,0.0134,v3_medium_rules,7.40,52,535,,false,200,1
X51005711402,test,test/img/X51005711402.jpg,test/box/X51005711402.txt,test/entities/X51005711402.txt,rejected,0,pseudo_rule_clean,0.0275,v3_medium_rules,9.60,54,525,,false,200,1
X51005711443,test,test/img/X51005711443.jpg,test/box/X51005711443.txt,test/entities/X51005711443.txt,approved,1,pseudo_rule_clean,0.0000,v3_medium_rules,6.70,54,526,,false,200,1
X51005711444,test,test/img/X51005711444.jpg,test/box/X51005711444.txt,test/entities/X51005711444.txt,approved,1,pseudo_rule_clean,0.0000,v3_medium_rules,4.80,44,471,,false,200,1
X51005711446,test,test/img/X51005711446.jpg,test/box/X51005711446.txt,test/entities/X51005711446.txt,approved,1,pseudo_rule_clean,0.0000,v3_medium_rules,7.20,49,497,,false,200,1
X51005711449,test,test/img/X51005711449.jpg,test/box/X51005711449.txt,test/entities/X51005711449.txt,approved,1,pseudo_rule_clean,0.0000,v3_medium_rules,4.80,44,470,,false,200,1
X51005715007,test,test/img/X51005715007.jpg,test/box/X51005715007.txt,test/entities/X51005715007.txt,approved,1,pseudo_rule_clean,0.0000,v3_medium_rules,18.70,51,668,,false,200,1
X51005715455,test,test/img/X51005715455.jpg,test/box/X51005715455.txt,test/entities/X51005715455.txt,rejected,0,pseudo_rule_clean,0.0740,v3_medium_rules,10.60,28,429,,false,200,1
X51005719823,test,test/img/X51005719823.jpg,test/box/X51005719823.txt,test/entities/X51005719823.txt,approved,1,pseudo_rule_clean,0.0000,v3_medium_rules,46.20,68,670,,false,200,1
X51005719855,test,test/img/X51005719855.jpg,test/box/X51005719855.txt,test/entities/X51005719855.txt,rejected,0,pseudo_rule_clean,0.0901,v3_medium_rules,181.55,52,572,,false,200,1
X51005719857,test,test/img/X51005719857.jpg,test/box/X51005719857.txt,test/entities/X51005719857.txt,rejected,0,pseudo_rule_clean,0.0290,v3_medium_rules,23.80,48,652,,false,200,1
X51005719863,test,test/img/X51005719863.jpg,test/box/X51005719863.txt,test/entities/X51005719863.txt,approved,1,pseudo_rule_clean,0.0037,v3_medium_rules,77.40,56,533,,false,200,1
X51005719888,test,test/img/X51005719888.jpg,test/box/X51005719888.txt,test/entities/X51005719888.txt,approved,1,pseudo_rule_clean,0.0082,v3_medium_rules,39.80,43,556,,false,200,1
X51005719889,test,test/img/X51005719889.jpg,test/box/X51005719889.txt,test/entities/X51005719889.txt,rejected,0,pseudo_rule_clean,0.0396,v3_medium_rules,42.00,59,682,,false,200,1
X51005719895,test,test/img/X51005719895.jpg,test/box/X51005719895.txt,test/entities/X51005719895.txt,approved,1,pseudo_rule_clean,0.0000,v3_medium_rules,34.80,57,725,,false,200,1
X51005719898,test,test/img/X51005719898.jpg,test/box/X51005719898.txt,test/entities/X51005719898.txt,approved,1,pseudo_rule_clean,0.0114,v3_medium_rules,11.90,37,560,,false,200,1
X51005719903,test,test/img/X51005719903.jpg,test/box/X51005719903.txt,test/entities/X51005719903.txt,approved,1,pseudo_rule_clean,0.0141,v3_medium_rules,8.50,33,551,,false,200,1
X51005719905,test,test/img/X51005719905.jpg,test/box/X51005719905.txt,test/entities/X51005719905.txt,rejected,0,pseudo_rule_clean,0.0269,v3_medium_rules,8.20,77,699,,false,200,1
X51005724552,test,test/img/X51005724552.jpg,test/box/X51005724552.txt,test/entities/X51005724552.txt,approved,1,pseudo_rule_clean,0.0080,v3_medium_rules,68.90,68,722,,false,200,1
X51005724611,test,test/img/X51005724611.jpg,test/box/X51005724611.txt,test/entities/X51005724611.txt,approved,1,pseudo_rule_clean,0.0000,v3_medium_rules,144.16,68,731,,false,200,1
X51005724622,test,test/img/X51005724622.jpg,test/box/X51005724622.txt,test/entities/X51005724622.txt,approved,1,pseudo_rule_clean,0.0000,v3_medium_rules,91.16,75,767,,false,200,1
X51005724623,test,test/img/X51005724623.jpg,test/box/X51005724623.txt,test/entities/X51005724623.txt,rejected,0,pseudo_rule_clean,0.2098,v3_medium_rules,312.70,74,730,,false,200,1
X51005724624,test,test/img/X51005724624.jpg,test/box/X51005724624.txt,test/entities/X51005724624.txt,approved,1,pseudo_rule_clean,0.0224,v3_medium_rules,135.68,75,775,,false,200,1
X51005724625,test,test/img/X51005724625.jpg,test/box/X51005724625.txt,test/entities/X51005724625.txt,rejected,0,pseudo_rule_clean,0.1598,v3_medium_rules,283.55,82,814,,false,200,1
X51005724626,test,test/img/X51005724626.jpg,test/box/X51005724626.txt,test/entities/X51005724626.txt,rejected,0,pseudo_rule_clean,0.0802,v3_medium_rules,270.30,82,818,,false,200,1
X51005724628,test,test/img/X51005724628.jpg,test/box/X51005724628.txt,test/entities/X51005724628.txt,approved,1,pseudo_rule_clean,0.0000,v3_medium_rules,84.80,68,724,,false,200,1
X51005741929,test,test/img/X51005741929.jpg,test/box/X51005741929.txt,test/entities/X51005741929.txt,approved,1,pseudo_rule_clean,0.0042,v3_medium_rules,5.50,45,635,,false,200,1
X51005742110,test,test/img/X51005742110.jpg,test/box/X51005742110.txt,test/entities/X51005742110.txt,approved,1,pseudo_rule_clean,0.0000,v3_medium_rules,65.70,39,431,,false,200,1
X51005745213,test,test/img/X51005745213.jpg,test/box/X51005745213.txt,test/entities/X51005745213.txt,approved,1,pseudo_rule_clean,0.0000,v3_medium_rules,7.00,47,599,,false,200,1
X51005745244,test,test/img/X51005745244.jpg,test/box/X51005745244.txt,test/entities/X51005745244.txt,rejected,0,pseudo_rule_clean,0.0278,v3_medium_rules,11.90,34,584,,false,200,1
X51005745298,test,test/img/X51005745298.jpg,test/box/X51005745298.txt,test/entities/X51005745298.txt,approved,1,pseudo_rule_clean,0.0000,v3_medium_rules,4.00,34,491,,false,200,1
X51005746203,test,test/img/X51005746203.jpg,test/box/X51005746203.txt,test/entities/X51005746203.txt,rejected,0,pseudo_rule_clean,0.2001,v3_medium_rules,408.45,92,1145,,false,200,1
X51005746204,test,test/img/X51005746204.jpg,test/box/X51005746204.txt,test/entities/X51005746204.txt,rejected,0,pseudo_rule_clean,0.3103,v3_medium_rules,308.70,50,521,,false,200,1
X51005746206,test,test/img/X51005746206.jpg,test/box/X51005746206.txt,test/entities/X51005746206.txt,approved,1,pseudo_rule_clean,0.0251,v3_medium_rules,105.00,52,614,,false,200,1
X51005746207,test,test/img/X51005746207.jpg,test/box/X51005746207.txt,test/entities/X51005746207.txt,approved,1,pseudo_rule_clean,0.0236,v3_medium_rules,18.30,73,1004,,false,200,1
X51005746210,test,test/img/X51005746210.jpg,test/box/X51005746210.txt,test/entities/X51005746210.txt,rejected,0,pseudo_rule_clean,0.1071,v3_medium_rules,145.10,70,948,,false,200,1
X51005749904,test,test/img/X51005749904.jpg,test/box/X51005749904.txt,test/entities/X51005749904.txt,approved,1,pseudo_rule_clean,0.0215,v3_medium_rules,4.00,37,472,,false,200,1
X51005757233,test,test/img/X51005757233.jpg,test/box/X51005757233.txt,test/entities/X51005757233.txt,approved,1,pseudo_rule_clean,0.0000,v3_medium_rules,9.95,37,625,,false,200,1
X51005757282,test,test/img/X51005757282.jpg,test/box/X51005757282.txt,test/entities/X51005757282.txt,approved,1,pseudo_rule_clean,0.0058,v3_medium_rules,24.50,51,572,,false,200,1
X51005757292,test,test/img/X51005757292.jpg,test/box/X51005757292.txt,test/entities/X51005757292.txt,approved,1,pseudo_rule_clean,0.0000,v3_medium_rules,6.60,30,522,,false,200,1
X51005757308,test,test/img/X51005757308.jpg,test/box/X51005757308.txt,test/entities/X51005757308.txt,rejected,0,pseudo_rule_clean,0.0333,v3_medium_rules,21.50,59,816,,false,200,1
X51005757342,test,test/img/X51005757342.jpg,test/box/X51005757342.txt,test/entities/X51005757342.txt,rejected,0,pseudo_rule_clean,0.0284,v3_medium_rules,6.20,41,608,,false,200,1
X51005763958,test,test/img/X51005763958.jpg,test/box/X51005763958.txt,test/entities/X51005763958.txt,approved,1,pseudo_rule_clean,0.0000,v3_medium_rules,59.00,46,760,,false,200,1
X51005763964,test,test/img/X51005763964.jpg,test/box/X51005763964.txt,test/entities/X51005763964.txt,approved,1,pseudo_rule_clean,0.0000,v3_medium_rules,65.70,39,430,,false,200,1
X51005763999,test,test/img/X51005763999.jpg,test/box/X51005763999.txt,test/entities/X51005763999.txt,rejected,0,pseudo_rule_clean,0.2945,v3_medium_rules,674.00,63,873,,false,200,1
X51005764031,test,test/img/X51005764031.jpg,test/box/X51005764031.txt,test/entities/X51005764031.txt,approved,1,pseudo_rule_clean,0.0152,v3_medium_rules,42.10,60,892,,false,200,1
X51005764154,test,test/img/X51005764154.jpg,test/box/X51005764154.txt,test/entities/X51005764154.txt,rejected,0,pseudo_rule_clean,0.0810,v3_medium_rules,205.50,57,692,,false,200,1
X51005764161,test,test/img/X51005764161.jpg,test/box/X51005764161.txt,test/entities/X51005764161.txt,approved,1,pseudo_rule_clean,0.0000,v3_medium_rules,98.90,31,474,,false,200,1
X51005806692,test,test/img/X51005806692.jpg,test/box/X51005806692.txt,test/entities/X51005806692.txt,rejected,0,pseudo_rule_clean,0.1884,v3_medium_rules,367.30,107,1003,,false,200,1
X51005806695,test,test/img/X51005806695.jpg,test/box/X51005806695.txt,test/entities/X51005806695.txt,rejected,0,pseudo_rule_clean,0.1135,v3_medium_rules,4.10,44,688,,false,200,1
X51005806696,test,test/img/X51005806696.jpg,test/box/X51005806696.txt,test/entities/X51005806696.txt,approved,1,pseudo_rule_clean,0.0000,v3_medium_rules,7.20,42,462,,false,200,1
X51005806718,test,test/img/X51005806718.jpg,test/box/X51005806718.txt,test/entities/X51005806718.txt,rejected,0,pseudo_rule_clean,0.0398,v3_medium_rules,40.80,57,609,,false,200,1
X51005806719,test,test/img/X51005806719.jpg,test/box/X51005806719.txt,test/entities/X51005806719.txt,approved,1,pseudo_rule_clean,0.0000,v3_medium_rules,63.00,65,675,,false,200,1
X51005806720,test,test/img/X51005806720.jpg,test/box/X51005806720.txt,test/entities/X51005806720.txt,approved,1,pseudo_rule_clean,0.0000,v3_medium_rules,20.00,62,676,,false,200,1
X51006008081,test,test/img/X51006008081.jpg,test/box/X51006008081.txt,test/entities/X51006008081.txt,rejected,0,pseudo_rule_clean,0.1446,v3_medium_rules,226.60,63,674,,false,200,1
X51006008082,test,test/img/X51006008082.jpg,test/box/X51006008082.txt,test/entities/X51006008082.txt,rejected,0,pseudo_rule_clean,0.1325,v3_medium_rules,204.20,99,965,,false,200,1
X51006008083,test,test/img/X51006008083.jpg,test/box/X51006008083.txt,test/entities/X51006008083.txt,rejected,0,pseudo_rule_clean,0.0288,v3_medium_rules,119.55,69,757,,false,200,1
X51006008090,test,test/img/X51006008090.jpg,test/box/X51006008090.txt,test/entities/X51006008090.txt,rejected,0,pseudo_rule_clean,0.0286,v3_medium_rules,30.50,65,911,,false,200,1
X51006008092,test,test/img/X51006008092.jpg,test/box/X51006008092.txt,test/entities/X51006008092.txt,approved,1,pseudo_rule_clean,0.0000,v3_medium_rules,30.70,53,782,,false,200,1
X51006008093,test,test/img/X51006008093.jpg,test/box/X51006008093.txt,test/entities/X51006008093.txt,approved,1,pseudo_rule_clean,0.0254,v3_medium_rules,12.15,41,642,,false,200,1
X51006008105,test,test/img/X51006008105.jpg,test/box/X51006008105.txt,test/entities/X51006008105.txt,approved,1,pseudo_rule_clean,0.0000,v3_medium_rules,65.10,45,679,,false,200,1
X51006008166,test,test/img/X51006008166.jpg,test/box/X51006008166.txt,test/entities/X51006008166.txt,rejected,0,pseudo_rule_clean,0.1784,v3_medium_rules,750.00,49,538,,false,200,1
X51006008206,test,test/img/X51006008206.jpg,test/box/X51006008206.txt,test/entities/X51006008206.txt,approved,1,pseudo_rule_clean,0.0000,v3_medium_rules,63.90,34,527,,false,200,1
X51006248253,test,test/img/X51006248253.jpg,test/box/X51006248253.txt,test/entities/X51006248253.txt,approved,1,pseudo_rule_clean,0.0232,v3_medium_rules,15.00,45,553,,false,200,1
X51006311714,test,test/img/X51006311714.jpg,test/box/X51006311714.txt,test/entities/X51006311714.txt,approved,1,pseudo_rule_clean,0.0000,v3_medium_rules,22.45,44,758,,false,200,1
X51006327953,test,test/img/X51006327953.jpg,test/box/X51006327953.txt,test/entities/X51006327953.txt,approved,1,pseudo_rule_clean,0.0000,v3_medium_rules,68.90,40,501,,false,200,1
X51006327960,test,test/img/X51006327960.jpg,test/box/X51006327960.txt,test/entities/X51006327960.txt,approved,1,pseudo_rule_clean,0.0000,v3_medium_rules,9.90,39,553,,false,200,1
X51006328345,test,test/img/X51006328345.jpg,test/box/X51006328345.txt,test/entities/X51006328345.txt,approved,1,pseudo_rule_clean,0.0000,v3_medium_rules,7.20,40,539,,false,200,1
X51006328937,test,test/img/X51006328937.jpg,test/box/X51006328937.txt,test/entities/X51006328937.txt,rejected,0,pseudo_rule_clean,0.0339,v3_medium_rules,12.15,59,621,,false,200,1
X51006328967,test,test/img/X51006328967.jpg,test/box/X51006328967.txt,test/entities/X51006328967.txt,approved,1,pseudo_rule_clean,0.0000,v3_medium_rules,62.00,49,644,,false,200,1
X51006329183,test,test/img/X51006329183.jpg,test/box/X51006329183.txt,test/entities/X51006329183.txt,approved,1,pseudo_rule_clean,0.0095,v3_medium_rules,27.00,71,764,,false,200,1
X51006329388,test,test/img/X51006329388.jpg,test/box/X51006329388.txt,test/entities/X51006329388.txt,rejected,0,pseudo_rule_clean,0.2194,v3_medium_rules,165.00,43,478,,false,200,1
X51006332641,test,test/img/X51006332641.jpg,test/box/X51006332641.txt,test/entities/X51006332641.txt,approved,1,pseudo_rule_clean,0.0000,v3_medium_rules,19.10,39,413,,false,200,1
X51006334139,test,test/img/X51006334139.jpg,test/box/X51006334139.txt,test/entities/X51006334139.txt,rejected,0,pseudo_rule_clean,0.0288,v3_medium_rules,90.00,35,452,,false,200,1
X51006334742,test,test/img/X51006334742.jpg,test/box/X51006334742.txt,test/entities/X51006334742.txt,rejected,0,pseudo_rule_clean,0.1374,v3_medium_rules,167.55,62,570,,false,200,1
X51006334766,test,test/img/X51006334766.jpg,test/box/X51006334766.txt,test/entities/X51006334766.txt,rejected,0,pseudo_rule_clean,0.0388,v3_medium_rules,59.35,56,584,,false,200,1
X51006334770,test,test/img/X51006334770.jpg,test/box/X51006334770.txt,test/entities/X51006334770.txt,rejected,0,pseudo_rule_clean,0.1362,v3_medium_rules,1.40,45,686,,false,200,1
X51006334819,test,test/img/X51006334819.jpg,test/box/X51006334819.txt,test/entities/X51006334819.txt,rejected,0,pseudo_rule_clean,0.1872,v3_medium_rules,203.00,48,531,,false,200,1
X51006334927,test,test/img/X51006334927.jpg,test/box/X51006334927.txt,test/entities/X51006334927.txt,approved,1,pseudo_rule_clean,0.0000,v3_medium_rules,6.40,36,395,,false,200,1
X51006335818,test,test/img/X51006335818.jpg,test/box/X51006335818.txt,test/entities/X51006335818.txt,rejected,0,pseudo_rule_clean,0.0875,v3_medium_rules,27.00,47,710,,false,200,1
X51006349081,test,test/img/X51006349081.jpg,test/box/X51006349081.txt,test/entities/X51006349081.txt,rejected,0,pseudo_rule_clean,0.0339,v3_medium_rules,84.80,52,632,,false,200,1
X51006349083,test,test/img/X51006349083.jpg,test/box/X51006349083.txt,test/entities/X51006349083.txt,approved,1,pseudo_rule_clean,0.0179,v3_medium_rules,46.25,56,603,,false,200,1
X51006349085,test,test/img/X51006349085.jpg,test/box/X51006349085.txt,test/entities/X51006349085.txt,approved,1,pseudo_rule_clean,0.0194,v3_medium_rules,23.00,62,678,,false,200,1
X51006350737,test,test/img/X51006350737.jpg,test/box/X51006350737.txt,test/entities/X51006350737.txt,approved,1,pseudo_rule_clean,0.0000,v3_medium_rules,14.65,52,628,,false,200,1
X51006387660,test,test/img/X51006387660.jpg,test/box/X51006387660.txt,test/entities/X51006387660.txt,approved,1,pseudo_rule_clean,0.0000,v3_medium_rules,4.30,46,595,,false,200,1
X51006387737,test,test/img/X51006387737.jpg,test/box/X51006387737.txt,test/entities/X51006387737.txt,rejected,0,pseudo_rule_clean,0.2417,v3_medium_rules,165.00,44,475,,false,200,1
X51006387931,test,test/img/X51006387931.jpg,test/box/X51006387931.txt,test/entities/X51006387931.txt,approved,1,pseudo_rule_clean,0.0123,v3_medium_rules,3.00,35,447,,false,200,1
X51006387950,test,test/img/X51006387950.jpg,test/box/X51006387950.txt,test/entities/X51006387950.txt,approved,1,pseudo_rule_clean,0.0000,v3_medium_rules,1.00,34,440,,false,200,1
X51006387973,test,test/img/X51006387973.jpg,test/box/X51006387973.txt,test/entities/X51006387973.txt,rejected,0,pseudo_rule_clean,0.0357,v3_medium_rules,47.15,57,929,,false,200,1
X51006388068,test,test/img/X51006388068.jpg,test/box/X51006388068.txt,test/entities/X51006388068.txt,approved,1,pseudo_rule_clean,0.0000,v3_medium_rules,83.55,59,800,,false,200,1
X51006388081,test,test/img/X51006388081.jpg,test/box/X51006388081.txt,test/entities/X51006388081.txt,approved,1,pseudo_rule_clean,0.0138,v3_medium_rules,27.50,63,683,,false,200,1
X51006388089,test,test/img/X51006388089.jpg,test/box/X51006388089.txt,test/entities/X51006388089.txt,approved,1,pseudo_rule_clean,0.0069,v3_medium_rules,108.00,44,495,,false,200,1
X51006389894,test,test/img/X51006389894.jpg,test/box/X51006389894.txt,test/entities/X51006389894.txt,approved,1,pseudo_rule_clean,0.0000,v3_medium_rules,70.00,44,541,,false,200,1
X51006389898,test,test/img/X51006389898.jpg,test/box/X51006389898.txt,test/entities/X51006389898.txt,rejected,0,pseudo_rule_clean,0.0833,v3_medium_rules,164.40,43,503,,false,200,1
X51006392167,test,test/img/X51006392167.jpg,test/box/X51006392167.txt,test/entities/X51006392167.txt,approved,1,pseudo_rule_clean,0.0000,v3_medium_rules,23.80,50,679,,false,200,1
X51006401845,test,test/img/X51006401845.jpg,test/box/X51006401845.txt,test/entities/X51006401845.txt,approved,1,pseudo_rule_clean,0.0126,v3_medium_rules,26.90,36,471,,false,200,1
X51006401853,test,test/img/X51006401853.jpg,test/box/X51006401853.txt,test/entities/X51006401853.txt,approved,1,pseudo_rule_clean,0.0123,v3_medium_rules,37.45,32,496,,false,200,1
X51006401977,test,test/img/X51006401977.jpg,test/box/X51006401977.txt,test/entities/X51006401977.txt,approved,1,pseudo_rule_clean,0.0106,v3_medium_rules,14.85,32,470,,false,200,1
X51006414425,test,test/img/X51006414425.jpg,test/box/X51006414425.txt,test/entities/X51006414425.txt,rejected,0,pseudo_rule_clean,0.1101,v3_medium_rules,6.90,47,651,,false,200,1
X51006414427,test,test/img/X51006414427.jpg,test/box/X51006414427.txt,test/entities/X51006414427.txt,rejected,0,pseudo_rule_clean,0.1326,v3_medium_rules,7.60,39,583,,false,200,1
X51006414433,test,test/img/X51006414433.jpg,test/box/X51006414433.txt,test/entities/X51006414433.txt,rejected,0,pseudo_rule_clean,0.0637,v3_medium_rules,7.60,39,583,,false,200,1
X51006414512,test,test/img/X51006414512.jpg,test/box/X51006414512.txt,test/entities/X51006414512.txt,approved,1,pseudo_rule_clean,0.0000,v3_medium_rules,50.00,26,395,,false,200,1
X51006414532,test,test/img/X51006414532.jpg,test/box/X51006414532.txt,test/entities/X51006414532.txt,approved,1,pseudo_rule_clean,0.0252,v3_medium_rules,98.00,68,731,,false,200,1
X51006414593,test,test/img/X51006414593.jpg,test/box/X51006414593.txt,test/entities/X51006414593.txt,rejected,0,pseudo_rule_clean,0.1061,v3_medium_rules,8.90,43,625,,false,200,1
X51006414600,test,test/img/X51006414600.jpg,test/box/X51006414600.txt,test/entities/X51006414600.txt,rejected,0,pseudo_rule_clean,0.0601,v3_medium_rules,50.90,53,798,,false,200,1
X51006414702,test,test/img/X51006414702.jpg,test/box/X51006414702.txt,test/entities/X51006414702.txt,rejected,0,pseudo_rule_clean,0.0980,v3_medium_rules,157.90,59,579,,false,200,1
X51006414708,test,test/img/X51006414708.jpg,test/box/X51006414708.txt,test/entities/X51006414708.txt,approved,1,pseudo_rule_clean,0.0205,v3_medium_rules,91.50,59,660,,false,200,1
X51006414715,test,test/img/X51006414715.jpg,test/box/X51006414715.txt,test/entities/X51006414715.txt,approved,1,pseudo_rule_clean,0.0000,v3_medium_rules,41.81,42,530,,false,200,1
X51006414717,test,test/img/X51006414717.jpg,test/box/X51006414717.txt,test/entities/X51006414717.txt,approved,1,pseudo_rule_clean,0.0199,v3_medium_rules,24.10,59,814,,false,200,1
X51006414728,test,test/img/X51006414728.jpg,test/box/X51006414728.txt,test/entities/X51006414728.txt,rejected,0,pseudo_rule_clean,0.0893,v3_medium_rules,13.00,41,507,,false,200,1
X51006438346,test,test/img/X51006438346.jpg,test/box/X51006438346.txt,test/entities/X51006438346.txt,rejected,0,pseudo_rule_clean,0.0386,v3_medium_rules,95.48,50,544,,false,200,1
X51006466070,test,test/img/X51006466070.jpg,test/box/X51006466070.txt,test/entities/X51006466070.txt,approved,1,pseudo_rule_clean,0.0000,v3_medium_rules,42.88,35,381,,false,200,1
X51006502534,test,test/img/X51006502534.jpg,test/box/X51006502534.txt,test/entities/X51006502534.txt,rejected,0,pseudo_rule_clean,0.0334,v3_medium_rules,5.80,47,545,,false,200,1
X51006502540,test,test/img/X51006502540.jpg,test/box/X51006502540.txt,test/entities/X51006502540.txt,approved,1,pseudo_rule_clean,0.0000,v3_medium_rules,109.05,45,635,,false,200,1
X51006554841,test,test/img/X51006554841.jpg,test/box/X51006554841.txt,test/entities/X51006554841.txt,approved,1,pseudo_rule_clean,0.0000,v3_medium_rules,9.00,52,655,,false,200,1
X51006555819,test,test/img/X51006555819.jpg,test/box/X51006555819.txt,test/entities/X51006555819.txt,rejected,0,pseudo_rule_clean,0.0294,v3_medium_rules,26.58,81,967,,false,200,1
X51006555833,test,test/img/X51006555833.jpg,test/box/X51006555833.txt,test/entities/X51006555833.txt,approved,1,pseudo_rule_clean,0.0145,v3_medium_rules,1.52,72,932,,false,200,1
X51006555835,test,test/img/X51006555835.jpg,test/box/X51006555835.txt,test/entities/X51006555835.txt,rejected,0,pseudo_rule_clean,0.0367,v3_medium_rules,37.90,86,1000,,false,200,1
X51006556610,test,test/img/X51006556610.jpg,test/box/X51006556610.txt,test/entities/X51006556610.txt,rejected,0,pseudo_rule_clean,0.1813,v3_medium_rules,393.00,77,790,,false,200,1
X51006556648,test,test/img/X51006556648.jpg,test/box/X51006556648.txt,test/entities/X51006556648.txt,approved,1,pseudo_rule_clean,0.0000,v3_medium_rules,55.14,79,961,,false,200,1
X51006556654,test,test/img/X51006556654.jpg,test/box/X51006556654.txt,test/entities/X51006556654.txt,rejected,0,pseudo_rule_clean,0.1828,v3_medium_rules,-6.42,79,962,,false,200,1
X51006556657,test,test/img/X51006556657.jpg,test/box/X51006556657.txt,test/entities/X51006556657.txt,approved,1,pseudo_rule_clean,0.0000,v3_medium_rules,59.31,72,932,,false,200,1
X51006556658,test,test/img/X51006556658.jpg,test/box/X51006556658.txt,test/entities/X51006556658.txt,rejected,0,pseudo_rule_clean,0.0301,v3_medium_rules,32.13,72,928,,false,200,1
X51006556723,test,test/img/X51006556723.jpg,test/box/X51006556723.txt,test/entities/X51006556723.txt,rejected,0,pseudo_rule_clean,0.2218,v3_medium_rules,-5.09,47,795,,false,200,1
X51006556728,test,test/img/X51006556728.jpg,test/box/X51006556728.txt,test/entities/X51006556728.txt,approved,1,pseudo_rule_clean,0.0155,v3_medium_rules,60.26,95,1022,,false,200,1
X51006556734,test,test/img/X51006556734.jpg,test/box/X51006556734.txt,test/entities/X51006556734.txt,approved,1,pseudo_rule_clean,0.0000,v3_medium_rules,32.46,79,956,,false,200,1
X51006556740,test,test/img/X51006556740.jpg,test/box/X51006556740.txt,test/entities/X51006556740.txt,approved,1,pseudo_rule_clean,0.0075,v3_medium_rules,23.35,93,1017,,false,200,1
X51006556806,test,test/img/X51006556806.jpg,test/box/X51006556806.txt,test/entities/X51006556806.txt,approved,1,pseudo_rule_clean,0.0000,v3_medium_rules,14.47,65,906,,false,200,1
X51006556808,test,test/img/X51006556808.jpg,test/box/X51006556808.txt,test/entities/X51006556808.txt,approved,1,pseudo_rule_clean,0.0245,v3_medium_rules,79.26,94,1020,,false,200,1
X51006556809,test,test/img/X51006556809.jpg,test/box/X51006556809.txt,test/entities/X51006556809.txt,rejected,0,pseudo_rule_clean,0.0385,v3_medium_rules,43.36,86,985,,false,200,1
X51006556810,test,test/img/X51006556810.jpg,test/box/X51006556810.txt,test/entities/X51006556810.txt,rejected,0,pseudo_rule_clean,0.0298,v3_medium_rules,23.02,65,878,,false,200,1
X51006556812,test,test/img/X51006556812.jpg,test/box/X51006556812.txt,test/entities/X51006556812.txt,approved,1,pseudo_rule_clean,0.0000,v3_medium_rules,25.84,79,952,,false,200,1
X51006556821,test,test/img/X51006556821.jpg,test/box/X51006556821.txt,test/entities/X51006556821.txt,approved,1,pseudo_rule_clean,0.0000,v3_medium_rules,48.57,79,962,,false,200,1
X51006556826,test,test/img/X51006556826.jpg,test/box/X51006556826.txt,test/entities/X51006556826.txt,approved,1,pseudo_rule_clean,0.0000,v3_medium_rules,28.98,72,921,,false,200,1
X51006556827,test,test/img/X51006556827.jpg,test/box/X51006556827.txt,test/entities/X51006556827.txt,approved,1,pseudo_rule_clean,0.0000,v3_medium_rules,53.96,86,987,,false,200,1
X51006556829,test,test/img/X51006556829.jpg,test/box/X51006556829.txt,test/entities/X51006556829.txt,approved,1,pseudo_rule_clean,0.0000,v3_medium_rules,38.55,72,933,,false,200,1
X51006556851,test,test/img/X51006556851.jpg,test/box/X51006556851.txt,test/entities/X51006556851.txt,rejected,0,pseudo_rule_clean,0.0352,v3_medium_rules,84.78,100,1055,,false,200,1
X51006556865,test,test/img/X51006556865.jpg,test/box/X51006556865.txt,test/entities/X51006556865.txt,approved,1,pseudo_rule_clean,0.0000,v3_medium_rules,62.82,80,971,,false,200,1
X51006557115,test,test/img/X51006557115.jpg,test/box/X51006557115.txt,test/entities/X51006557115.txt,approved,1,pseudo_rule_clean,0.0052,v3_medium_rules,35.58,86,996,,false,200,1
X51006557169,test,test/img/X51006557169.jpg,test/box/X51006557169.txt,test/entities/X51006557169.txt,approved,1,pseudo_rule_clean,0.0000,v3_medium_rules,5.00,72,923,,false,200,1
X51006557173,test,test/img/X51006557173.jpg,test/box/X51006557173.txt,test/entities/X51006557173.txt,approved,1,pseudo_rule_clean,0.0000,v3_medium_rules,32.26,79,962,,false,200,1
X51006557187,test,test/img/X51006557187.jpg,test/box/X51006557187.txt,test/entities/X51006557187.txt,approved,1,pseudo_rule_clean,0.0000,v3_medium_rules,42.25,86,995,,false,200,1
X51006557194,test,test/img/X51006557194.jpg,test/box/X51006557194.txt,test/entities/X51006557194.txt,approved,1,pseudo_rule_clean,0.0163,v3_medium_rules,39.77,86,981,,false,200,1
X51006557196,test,test/img/X51006557196.jpg,test/box/X51006557196.txt,test/entities/X51006557196.txt,rejected,0,pseudo_rule_clean,0.0293,v3_medium_rules,27.10,73,931,,false,200,1
X51006557208,test,test/img/X51006557208.jpg,test/box/X51006557208.txt,test/entities/X51006557208.txt,approved,1,pseudo_rule_clean,0.0000,v3_medium_rules,32.12,65,905,,false,200,1
X51006557209,test,test/img/X51006557209.jpg,test/box/X51006557209.txt,test/entities/X51006557209.txt,approved,1,pseudo_rule_clean,0.0000,v3_medium_rules,33.84,59,785,,false,200,1
X51006557507,test,test/img/X51006557507.jpg,test/box/X51006557507.txt,test/entities/X51006557507.txt,approved,1,pseudo_rule_clean,0.0000,v3_medium_rules,35.88,72,928,,false,200,1
X51006619328,test,test/img/X51006619328.jpg,test/box/X51006619328.txt,test/entities/X51006619328.txt,rejected,0,pseudo_rule_clean,0.1180,v3_medium_rules,5.40,47,608,,false,200,1
X51006619338,test,test/img/X51006619338.jpg,test/box/X51006619338.txt,test/entities/X51006619338.txt,rejected,0,pseudo_rule_clean,0.1490,v3_medium_rules,262.20,27,430,,false,200,1
X51006619346,test,test/img/X51006619346.jpg,test/box/X51006619346.txt,test/entities/X51006619346.txt,approved,1,pseudo_rule_clean,0.0000,v3_medium_rules,96.90,50,742,,false,200,1
X51006619503,test,test/img/X51006619503.jpg,test/box/X51006619503.txt,test/entities/X51006619503.txt,approved,1,pseudo_rule_clean,0.0000,v3_medium_rules,8.00,59,544,,false,200,1
X51006619506,test,test/img/X51006619506.jpg,test/box/X51006619506.txt,test/entities/X51006619506.txt,approved,1,pseudo_rule_clean,0.0160,v3_medium_rules,25.55,75,636,,false,200,1
X51006619507,test,test/img/X51006619507.jpg,test/box/X51006619507.txt,test/entities/X51006619507.txt,approved,1,pseudo_rule_clean,0.0000,v3_medium_rules,14.70,29,528,,false,200,1
X51006619509,test,test/img/X51006619509.jpg,test/box/X51006619509.txt,test/entities/X51006619509.txt,rejected,0,pseudo_rule_clean,0.0276,v3_medium_rules,15.80,25,339,,false,200,1
X51006619564,test,test/img/X51006619564.jpg,test/box/X51006619564.txt,test/entities/X51006619564.txt,approved,1,pseudo_rule_clean,0.0000,v3_medium_rules,85.45,41,646,,false,200,1
X51006619567,test,test/img/X51006619567.jpg,test/box/X51006619567.txt,test/entities/X51006619567.txt,rejected,0,pseudo_rule_clean,0.2353,v3_medium_rules,676.00,55,539,,false,200,1
X51006619569,test,test/img/X51006619569.jpg,test/box/X51006619569.txt,test/entities/X51006619569.txt,approved,1,pseudo_rule_clean,0.0000,v3_medium_rules,26.40,38,552,,false,200,1
X51006619570,test,test/img/X51006619570.jpg,test/box/X51006619570.txt,test/entities/X51006619570.txt,approved,1,pseudo_rule_clean,0.0140,v3_medium_rules,30.90,44,685,,false,200,1
X51006619700,test,test/img/X51006619700.jpg,test/box/X51006619700.txt,test/entities/X51006619700.txt,approved,1,pseudo_rule_clean,0.0000,v3_medium_rules,8.10,31,499,,false,200,1
X51006619703,test,test/img/X51006619703.jpg,test/box/X51006619703.txt,test/entities/X51006619703.txt,approved,1,pseudo_rule_clean,0.0000,v3_medium_rules,7.00,31,489,,false,200,1
X51006619704,test,test/img/X51006619704.jpg,test/box/X51006619704.txt,test/entities/X51006619704.txt,approved,1,pseudo_rule_clean,0.0246,v3_medium_rules,32.80,51,690,,false,200,1
X51006619757,test,test/img/X51006619757.jpg,test/box/X51006619757.txt,test/entities/X51006619757.txt,approved,1,pseudo_rule_clean,0.0000,v3_medium_rules,71.60,40,681,,false,200,1
X51006619760,test,test/img/X51006619760.jpg,test/box/X51006619760.txt,test/entities/X51006619760.txt,approved,1,pseudo_rule_clean,0.0192,v3_medium_rules,29.10,55,531,,false,200,1
X51006619764,test,test/img/X51006619764.jpg,test/box/X51006619764.txt,test/entities/X51006619764.txt,approved,1,pseudo_rule_clean,0.0000,v3_medium_rules,34.40,50,675,,false,200,1
X51006619766,test,test/img/X51006619766.jpg,test/box/X51006619766.txt,test/entities/X51006619766.txt,approved,1,pseudo_rule_clean,0.0000,v3_medium_rules,59.20,80,943,,false,200,1
X51006619779,test,test/img/X51006619779.jpg,test/box/X51006619779.txt,test/entities/X51006619779.txt,approved,1,pseudo_rule_clean,0.0080,v3_medium_rules,7.95,29,379,,false,200,1
X51006619784,test,test/img/X51006619784.jpg,test/box/X51006619784.txt,test/entities/X51006619784.txt,rejected,0,pseudo_rule_clean,0.2007,v3_medium_rules,399.00,44,552,,false,200,1
X51006619790,test,test/img/X51006619790.jpg,test/box/X51006619790.txt,test/entities/X51006619790.txt,rejected,0,pseudo_rule_clean,0.1342,v3_medium_rules,14.50,42,618,,false,200,1
X51006619842,test,test/img/X51006619842.jpg,test/box/X51006619842.txt,test/entities/X51006619842.txt,rejected,0,pseudo_rule_clean,0.0983,v3_medium_rules,32.70,38,569,,false,200,1
X51006619863,test,test/img/X51006619863.jpg,test/box/X51006619863.txt,test/entities/X51006619863.txt,approved,1,pseudo_rule_clean,0.0000,v3_medium_rules,2.10,28,388,,false,200,1
X51006619869,test,test/img/X51006619869.jpg,test/box/X51006619869.txt,test/entities/X51006619869.txt,approved,1,pseudo_rule_clean,0.0000,v3_medium_rules,23.20,36,606,,false,200,1
X51006620175,test,test/img/X51006620175.jpg,test/box/X51006620175.txt,test/entities/X51006620175.txt,approved,1,pseudo_rule_clean,0.0000,v3_medium_rules,26.70,44,622,,false,200,1
X51006620182,test,test/img/X51006620182.jpg,test/box/X51006620182.txt,test/entities/X51006620182.txt,approved,1,pseudo_rule_clean,0.0000,v3_medium_rules,78.50,56,675,,false,200,1
X51006620192,test,test/img/X51006620192.jpg,test/box/X51006620192.txt,test/entities/X51006620192.txt,approved,1,pseudo_rule_clean,0.0166,v3_medium_rules,8.80,34,562,,false,200,1
X51006620437,test,test/img/X51006620437.jpg,test/box/X51006620437.txt,test/entities/X51006620437.txt,approved,1,pseudo_rule_clean,0.0062,v3_medium_rules,14.20,26,419,,false,200,1
X51006647933,test,test/img/X51006647933.jpg,test/box/X51006647933.txt,test/entities/X51006647933.txt,approved,1,pseudo_rule_clean,0.0000,v3_medium_rules,83.00,43,411,,false,200,1
X51006647984,test,test/img/X51006647984.jpg,test/box/X51006647984.txt,test/entities/X51006647984.txt,approved,1,pseudo_rule_clean,0.0000,v3_medium_rules,64.50,70,788,,false,200,1
X51006733495,test,test/img/X51006733495.jpg,test/box/X51006733495.txt,test/entities/X51006733495.txt,rejected,0,pseudo_rule_clean,0.0380,v3_medium_rules,14.20,23,403,,false,200,1
X51006828199,test,test/img/X51006828199.jpg,test/box/X51006828199.txt,test/entities/X51006828199.txt,approved,1,pseudo_rule_clean,0.0000,v3_medium_rules,36.96,49,585,,false,200,1
X51006828200,test,test/img/X51006828200.jpg,test/box/X51006828200.txt,test/entities/X51006828200.txt,approved,1,pseudo_rule_clean,0.0100,v3_medium_rules,21.60,59,534,,false,200,1
X51006828201,test,test/img/X51006828201.jpg,test/box/X51006828201.txt,test/entities/X51006828201.txt,rejected,0,pseudo_rule_clean,0.0318,v3_medium_rules,39.70,57,682,,false,200,1
X51006856982,test,test/img/X51006856982.jpg,test/box/X51006856982.txt,test/entities/X51006856982.txt,approved,1,pseudo_rule_clean,0.0180,v3_medium_rules,108.21,63,937,,false,200,1
X51006857126,test,test/img/X51006857126.jpg,test/box/X51006857126.txt,test/entities/X51006857126.txt,approved,1,pseudo_rule_clean,0.0092,v3_medium_rules,28.80,54,575,,false,200,1
X51006857132,test,test/img/X51006857132.jpg,test/box/X51006857132.txt,test/entities/X51006857132.txt,approved,1,pseudo_rule_clean,0.0000,v3_medium_rules,23.80,42,643,,false,200,1
X51006857137,test,test/img/X51006857137.jpg,test/box/X51006857137.txt,test/entities/X51006857137.txt,approved,1,pseudo_rule_clean,0.0122,v3_medium_rules,3.30,26,403,,false,200,1
X51006857540,test,test/img/X51006857540.jpg,test/box/X51006857540.txt,test/entities/X51006857540.txt,rejected,0,pseudo_rule_clean,0.0926,v3_medium_rules,270.10,70,900,,false,200,1
X51006912959,test,test/img/X51006912959.jpg,test/box/X51006912959.txt,test/entities/X51006912959.txt,approved,1,pseudo_rule_clean,0.0000,v3_medium_rules,10.90,53,589,,false,200,1
X51006912976,test,test/img/X51006912976.jpg,test/box/X51006912976.txt,test/entities/X51006912976.txt,approved,1,pseudo_rule_clean,0.0000,v3_medium_rules,71.10,105,836,,false,200,1
X51006912998,test,test/img/X51006912998.jpg,test/box/X51006912998.txt,test/entities/X51006912998.txt,rejected,0,pseudo_rule_clean,0.0383,v3_medium_rules,50.00,26,396,,false,200,1
X51006913018,test,test/img/X51006913018.jpg,test/box/X51006913018.txt,test/entities/X51006913018.txt,rejected,0,pseudo_rule_clean,0.1814,v3_medium_rules,458.55,70,1116,,false,200,1
X51006913032,test,test/img/X51006913032.jpg,test/box/X51006913032.txt,test/entities/X51006913032.txt,rejected,0,pseudo_rule_clean,0.0764,v3_medium_rules,12.20,51,713,,false,200,1
X51006913060,test,test/img/X51006913060.jpg,test/box/X51006913060.txt,test/entities/X51006913060.txt,rejected,0,pseudo_rule_clean,0.0674,v3_medium_rules,8.20,39,566,,false,200,1
X51006913061,test,test/img/X51006913061.jpg,test/box/X51006913061.txt,test/entities/X51006913061.txt,rejected,0,pseudo_rule_clean,0.0716,v3_medium_rules,9.20,39,573,,false,200,1
X51007103597,test,test/img/X51007103597.jpg,test/box/X51007103597.txt,test/entities/X51007103597.txt,rejected,0,pseudo_rule_clean,0.0973,v3_medium_rules,10.00,37,479,,false,200,1
X51007103610,test,test/img/X51007103610.jpg,test/box/X51007103610.txt,test/entities/X51007103610.txt,approved,1,pseudo_rule_clean,0.0230,v3_medium_rules,5.00,29,477,,false,200,1
X51007103649,test,test/img/X51007103649.jpg,test/box/X51007103649.txt,test/entities/X51007103649.txt,approved,1,pseudo_rule_clean,0.0000,v3_medium_rules,48.90,39,622,,false,200,1
X51007103668,test,test/img/X51007103668.jpg,test/box/X51007103668.txt,test/entities/X51007103668.txt,approved,1,pseudo_rule_clean,0.0000,v3_medium_rules,27.20,43,610,,false,200,1
X51007103687,test,test/img/X51007103687.jpg,test/box/X51007103687.txt,test/entities/X51007103687.txt,rejected,0,pseudo_rule_clean,0.0299,v3_medium_rules,1.90,36,507,,false,200,1
X51007225406,test,test/img/X51007225406.jpg,test/box/X51007225406.txt,test/entities/X51007225406.txt,rejected,0,pseudo_rule_clean,0.0926,v3_medium_rules,24.90,51,521,,false,200,1
X51007231274,test,test/img/X51007231274.jpg,test/box/X51007231274.txt,test/entities/X51007231274.txt,rejected,0,pseudo_rule_clean,0.0997,v3_medium_rules,7.30,39,569,,false,200,1
X51007231275,test,test/img/X51007231275.jpg,test/box/X51007231275.txt,test/entities/X51007231275.txt,rejected,0,pseudo_rule_clean,0.1113,v3_medium_rules,6.60,35,529,,false,200,1
X51007231276,test,test/img/X51007231276.jpg,test/box/X51007231276.txt,test/entities/X51007231276.txt,rejected,0,pseudo_rule_clean,0.0972,v3_medium_rules,8.20,39,565,,false,200,1
X51007231331,test,test/img/X51007231331.jpg,test/box/X51007231331.txt,test/entities/X51007231331.txt,rejected,0,pseudo_rule_clean,0.1120,v3_medium_rules,7.80,51,690,,false,200,1
X51007231341,test,test/img/X51007231341.jpg,test/box/X51007231341.txt,test/entities/X51007231341.txt,rejected,0,pseudo_rule_clean,0.0645,v3_medium_rules,8.20,39,579,,false,200,1
X51007231343,test,test/img/X51007231343.jpg,test/box/X51007231343.txt,test/entities/X51007231343.txt,rejected,0,pseudo_rule_clean,0.1301,v3_medium_rules,6.60,35,530,,false,200,1
X51007231346,test,test/img/X51007231346.jpg,test/box/X51007231346.txt,test/entities/X51007231346.txt,approved,1,pseudo_rule_clean,0.0000,v3_medium_rules,60.00,39,551,,false,200,1
X51007231364,test,test/img/X51007231364.jpg,test/box/X51007231364.txt,test/entities/X51007231364.txt,approved,1,pseudo_rule_clean,0.0001,v3_medium_rules,32.25,31,488,,false,200,1
X51007231372,test,test/img/X51007231372.jpg,test/box/X51007231372.txt,test/entities/X51007231372.txt,rejected,0,pseudo_rule_clean,0.0393,v3_medium_rules,38.35,54,710,,false,200,1
X51007339105,test,test/img/X51007339105.jpg,test/box/X51007339105.txt,test/entities/X51007339105.txt,approved,1,pseudo_rule_clean,0.0000,v3_medium_rules,3.30,46,768,,false,200,1
X51007339109,test,test/img/X51007339109.jpg,test/box/X51007339109.txt,test/entities/X51007339109.txt,rejected,0,pseudo_rule_clean,0.0296,v3_medium_rules,8.70,46,755,,false,200,1
X51007339116,test,test/img/X51007339116.jpg,test/box/X51007339116.txt,test/entities/X51007339116.txt,approved,1,pseudo_rule_clean,0.0245,v3_medium_rules,21.90,46,773,,false,200,1
X51007339119,test,test/img/X51007339119.jpg,test/box/X51007339119.txt,test/entities/X51007339119.txt,rejected,0,pseudo_rule_clean,0.0292,v3_medium_rules,2.00,46,751,,false,200,1
X51007339121,test,test/img/X51007339121.jpg,test/box/X51007339121.txt,test/entities/X51007339121.txt,approved,1,pseudo_rule_clean,0.0157,v3_medium_rules,8.70,46,755,,false,200,1
X51007339122,test,test/img/X51007339122.jpg,test/box/X51007339122.txt,test/entities/X51007339122.txt,approved,1,pseudo_rule_clean,0.0000,v3_medium_rules,8.70,46,756,,false,200,1
X51007339125,test,test/img/X51007339125.jpg,test/box/X51007339125.txt,test/entities/X51007339125.txt,approved,1,pseudo_rule_clean,0.0000,v3_medium_rules,8.70,46,755,,false,200,1
X51007339127,test,test/img/X51007339127.jpg,test/box/X51007339127.txt,test/entities/X51007339127.txt,approved,1,pseudo_rule_clean,0.0000,v3_medium_rules,3.00,46,760,,false,200,1
X51007339134,test,test/img/X51007339134.jpg,test/box/X51007339134.txt,test/entities/X51007339134.txt,rejected,0,pseudo_rule_clean,0.0265,v3_medium_rules,8.70,46,755,,false,200,1
X51007339159,test,test/img/X51007339159.jpg,test/box/X51007339159.txt,test/entities/X51007339159.txt,approved,1,pseudo_rule_clean,0.0000,v3_medium_rules,8.70,52,819,,false,200,1
X51007339160,test,test/img/X51007339160.jpg,test/box/X51007339160.txt,test/entities/X51007339160.txt,rejected,0,pseudo_rule_clean,0.0313,v3_medium_rules,3.90,52,834,,false,200,1
X51007339161,test,test/img/X51007339161.jpg,test/box/X51007339161.txt,test/entities/X51007339161.txt,approved,1,pseudo_rule_clean,0.0010,v3_medium_rules,2.30,52,830,,false,200,1
X51007339163,test,test/img/X51007339163.jpg,test/box/X51007339163.txt,test/entities/X51007339163.txt,approved,1,pseudo_rule_clean,0.0000,v3_medium_rules,10.90,57,873,,false,200,1
X51007339638,test,test/img/X51007339638.jpg,test/box/X51007339638.txt,test/entities/X51007339638.txt,rejected,0,pseudo_rule_clean,0.0265,v3_medium_rules,28.00,58,777,,false,200,1
X51007391390,test,test/img/X51007391390.jpg,test/box/X51007391390.txt,test/entities/X51007391390.txt,approved,1,pseudo_rule_clean,0.0000,v3_medium_rules,3.00,52,531,,false,200,1
X51007433809,test,test/img/X51007433809.jpg,test/box/X51007433809.txt,test/entities/X51007433809.txt,rejected,0,pseudo_rule_clean,0.1104,v3_medium_rules,190.00,60,634,,false,200,1
X51007579714,test,test/img/X51007579714.jpg,test/box/X51007579714.txt,test/entities/X51007579714.txt,approved,1,pseudo_rule_clean,0.0000,v3_medium_rules,61.70,103,834,,false,200,1
X51007579719,test,test/img/X51007579719.jpg,test/box/X51007579719.txt,test/entities/X51007579719.txt,approved,1,pseudo_rule_clean,0.0000,v3_medium_rules,20.70,73,639,,false,200,1
X51007579725,test,test/img/X51007579725.jpg,test/box/X51007579725.txt,test/entities/X51007579725.txt,rejected,0,pseudo_rule_clean,0.0334,v3_medium_rules,58.70,45,462,,false,200,1
X51007846266,test,test/img/X51007846266.jpg,test/box/X51007846266.txt,test/entities/X51007846266.txt,rejected,0,pseudo_rule_clean,0.1071,v3_medium_rules,8.75,41,571,,false,200,1
X51007846268,test,test/img/X51007846268.jpg,test/box/X51007846268.txt,test/entities/X51007846268.txt,rejected,0,pseudo_rule_clean,0.0728,v3_medium_rules,10.35,51,679,,false,200,1
X51007846282,test,test/img/X51007846282.jpg,test/box/X51007846282.txt,test/entities/X51007846282.txt,rejected,0,pseudo_rule_clean,0.0306,v3_medium_rules,16.20,62,700,,false,200,1
X51007846283,test,test/img/X51007846283.jpg,test/box/X51007846283.txt,test/entities/X51007846283.txt,rejected,0,pseudo_rule_clean,0.0297,v3_medium_rules,147.45,112,1307,,false,200,1
X51007846288,test,test/img/X51007846288.jpg,test/box/X51007846288.txt,test/entities/X51007846288.txt,rejected,0,pseudo_rule_clean,0.1363,v3_medium_rules,7.25,41,569,,false,200,1
X51007846289,test,test/img/X51007846289.jpg,test/box/X51007846289.txt,test/entities/X51007846289.txt,rejected,0,pseudo_rule_clean,0.0338,v3_medium_rules,15.00,69,762,,false,200,1
X51007846290,test,test/img/X51007846290.jpg,test/box/X51007846290.txt,test/entities/X51007846290.txt,rejected,0,pseudo_rule_clean,0.1351,v3_medium_rules,8.20,41,590,,false,200,1
X51007846303,test,test/img/X51007846303.jpg,test/box/X51007846303.txt,test/entities/X51007846303.txt,rejected,0,pseudo_rule_clean,0.1279,v3_medium_rules,6.70,36,540,,false,200,1
X51007846304,test,test/img/X51007846304.jpg,test/box/X51007846304.txt,test/entities/X51007846304.txt,rejected,0,pseudo_rule_clean,0.0774,v3_medium_rules,7.50,51,662,,false,200,1
X51007846310,test,test/img/X51007846310.jpg,test/box/X51007846310.txt,test/entities/X51007846310.txt,approved,1,pseudo_rule_clean,0.0000,v3_medium_rules,28.20,73,804,,false,200,1
X51007846321,test,test/img/X51007846321.jpg,test/box/X51007846321.txt,test/entities/X51007846321.txt,approved,1,pseudo_rule_clean,0.0000,v3_medium_rules,103.85,53,554,,false,200,1
X51007846355,test,test/img/X51007846355.jpg,test/box/X51007846355.txt,test/entities/X51007846355.txt,approved,1,pseudo_rule_clean,0.0000,v3_medium_rules,8.95,49,745,,false,200,1
X51007846358,test,test/img/X51007846358.jpg,test/box/X51007846358.txt,test/entities/X51007846358.txt,rejected,0,pseudo_rule_clean,0.0898,v3_medium_rules,28.00,70,760,,false,200,1
X51007846360,test,test/img/X51007846360.jpg,test/box/X51007846360.txt,test/entities/X51007846360.txt,approved,1,pseudo_rule_clean,0.0000,v3_medium_rules,46.20,53,700,,false,200,1
X51007846361,test,test/img/X51007846361.jpg,test/box/X51007846361.txt,test/entities/X51007846361.txt,approved,1,pseudo_rule_clean,0.0044,v3_medium_rules,102.40,55,507,,false,200,1
X51007846371,test,test/img/X51007846371.jpg,test/box/X51007846371.txt,test/entities/X51007846371.txt,rejected,0,pseudo_rule_clean,0.0611,v3_medium_rules,8.85,46,657,,false,200,1
X51007846372,test,test/img/X51007846372.jpg,test/box/X51007846372.txt,test/entities/X51007846372.txt,rejected,0,pseudo_rule_clean,0.0902,v3_medium_rules,10.15,43,631,,false,200,1
X51007846379,test,test/img/X51007846379.jpg,test/box/X51007846379.txt,test/entities/X51007846379.txt,approved,1,pseudo_rule_clean,0.0000,v3_medium_rules,79.45,73,1103,,false,200,1
X51007846387,test,test/img/X51007846387.jpg,test/box/X51007846387.txt,test/entities/X51007846387.txt,rejected,0,pseudo_rule_clean,0.0392,v3_medium_rules,9.30,54,590,,false,200,1
X51007846392,test,test/img/X51007846392.jpg,test/box/X51007846392.txt,test/entities/X51007846392.txt,rejected,0,pseudo_rule_clean,0.1113,v3_medium_rules,8.45,43,629,,false,200,1
X51007846396,test,test/img/X51007846396.jpg,test/box/X51007846396.txt,test/entities/X51007846396.txt,approved,1,pseudo_rule_clean,0.0000,v3_medium_rules,7.35,28,517,,false,200,1
X51007846397,test,test/img/X51007846397.jpg,test/box/X51007846397.txt,test/entities/X51007846397.txt,rejected,0,pseudo_rule_clean,0.0696,v3_medium_rules,7.70,39,584,,false,200,1
X51007846400,test,test/img/X51007846400.jpg,test/box/X51007846400.txt,test/entities/X51007846400.txt,rejected,0,pseudo_rule_clean,0.1548,v3_medium_rules,152.90,52,549,,false,200,1
X51007846403,test,test/img/X51007846403.jpg,test/box/X51007846403.txt,test/entities/X51007846403.txt,rejected,0,pseudo_rule_clean,0.0310,v3_medium_rules,13.10,47,553,,false,200,1
X51008030561,test,test/img/X51008030561.jpg,test/box/X51008030561.txt,test/entities/X51008030561.txt,approved,1,pseudo_rule_clean,0.0000,v3_medium_rules,17.60,54,544,,false,200,1
X51008030563,test,test/img/X51008030563.jpg,test/box/X51008030563.txt,test/entities/X51008030563.txt,approved,1,pseudo_rule_clean,0.0090,v3_medium_rules,6.00,44,474,,false,200,1
X51008042779,test,test/img/X51008042779.jpg,test/box/X51008042779.txt,test/entities/X51008042779.txt,approved,1,pseudo_rule_clean,0.0000,v3_medium_rules,7.60,49,500,,false,200,1
X51008042780,test,test/img/X51008042780.jpg,test/box/X51008042780.txt,test/entities/X51008042780.txt,rejected,0,pseudo_rule_clean,0.0309,v3_medium_rules,7.20,49,497,,false,200,1
X51008042781,test,test/img/X51008042781.jpg,test/box/X51008042781.txt,test/entities/X51008042781.txt,approved,1,pseudo_rule_clean,0.0000,v3_medium_rules,1.90,44,474,,false,200,1
X51008042786,test,test/img/X51008042786.jpg,test/box/X51008042786.txt,test/entities/X51008042786.txt,approved,1,pseudo_rule_clean,0.0000,v3_medium_rules,19.00,32,563,,false,200,1
X51008042787,test,test/img/X51008042787.jpg,test/box/X51008042787.txt,test/entities/X51008042787.txt,rejected,0,pseudo_rule_clean,0.1796,v3_medium_rules,412.90,121,1105,,false,200,1
X51008099047,test,test/img/X51008099047.jpg,test/box/X51008099047.txt,test/entities/X51008099047.txt,approved,1,pseudo_rule_clean,0.0000,v3_medium_rules,4.60,47,477,,false,200,1
X51008099086,test,test/img/X51008099086.jpg,test/box/X51008099086.txt,test/entities/X51008099086.txt,approved,1,pseudo_rule_clean,0.0000,v3_medium_rules,7.20,52,511,,false,200,1
X51008099088,test,test/img/X51008099088.jpg,test/box/X51008099088.txt,test/entities/X51008099088.txt,approved,1,pseudo_rule_clean,0.0000,v3_medium_rules,2.30,39,429,,false,200,1
X51008099090,test,test/img/X51008099090.jpg,test/box/X51008099090.txt,test/entities/X51008099090.txt,rejected,0,pseudo_rule_clean,0.0377,v3_medium_rules,4.80,42,451,,false,200,1
X51008099100,test,test/img/X51008099100.jpg,test/box/X51008099100.txt,test/entities/X51008099100.txt,rejected,0,pseudo_rule_clean,0.0882,v3_medium_rules,46.90,54,601,,false,200,1
X51009008095,test,test/img/X51009008095.jpg,test/box/X51009008095.txt,test/entities/X51009008095.txt,approved,1,pseudo_rule_clean,0.0000,v3_medium_rules,31.80,43,511,,false,200,1
X51009447842,test,test/img/X51009447842.jpg,test/box/X51009447842.txt,test/entities/X51009447842.txt,approved,1,pseudo_rule_clean,0.0000,v3_medium_rules,0.90,42,526,,false,200,1
X51009453729,test,test/img/X51009453729.jpg,test/box/X51009453729.txt,test/entities/X51009453729.txt,approved,1,pseudo_rule_clean,0.0114,v3_medium_rules,79.50,48,589,,false,200,1
X51009568881,test,test/img/X51009568881.jpg,test/box/X51009568881.txt,test/entities/X51009568881.txt,approved,1,pseudo_rule_clean,0.0008,v3_medium_rules,10.40,53,605,,false,200,1
