file_id,split,image_path,box_path,entities_path,decision,label,label_source,pseudo_risk_score,pseudo_rule_version,total_amount,ocr_box_count,text_length,missing_fields,noise_applied,recommended_iterations,recommended_epochs
X00016469612,train,train/img/X00016469612.jpg,train/box/X00016469612.txt,train/entities/X00016469612.txt,approved,1,initial_models_weighted_vote,0.0000,v7_initial_real_forged_fake_pdfs,9.00,44,485,,false,1200,5
X00016469619,train,train/img/X00016469619.jpg,train/box/X00016469619.txt,train/entities/X00016469619.txt,approved,1,initial_models_weighted_vote,0.0000,v7_initial_real_forged_fake_pdfs,60.30,48,684,,false,1200,5
X00016469620,train,train/img/X00016469620.jpg,train/box/X00016469620.txt,train/entities/X00016469620.txt,approved,1,initial_models_weighted_vote,0.4967,v7_initial_real_forged_fake_pdfs,33.90,54,723,,false,1200,5
X00016469622,train,train/img/X00016469622.jpg,train/box/X00016469622.txt,train/entities/X00016469622.txt,approved,1,initial_models_weighted_vote,0.0000,v7_initial_real_forged_fake_pdfs,80.90,60,584,,false,1200,5
X00016469623,train,train/img/X00016469623.jpg,train/box/X00016469623.txt,train/entities/X00016469623.txt,approved,1,initial_models_weighted_vote,0.0000,v7_initial_real_forged_fake_pdfs,30.90,61,797,,false,1200,5
X00016469669,train,train/img/X00016469669.jpg,train/box/X00016469669.txt,train/entities/X00016469669.txt,approved,1,initial_models_weighted_vote,0.0000,v7_initial_real_forged_fake_pdfs,31.00,35,374,,false,1200,5
X00016469670,test,test/img/X00016469670.jpg,test/box/X00016469670.txt,test/entities/X00016469670.txt,rejected,0,initial_models_weighted_vote,1.0000,v7_initial_real_forged_fake_pdfs,193.00,47,664,,false,1200,5
X00016469671,test,test/img/X00016469671.jpg,test/box/X00016469671.txt,test/entities/X00016469671.txt,rejected,0,initial_models_weighted_vote,1.0000,v7_initial_real_forged_fake_pdfs,170.00,41,576,,false,1200,5
X00016469672,train,train/img/X00016469672.jpg,train/box/X00016469672.txt,train/entities/X00016469672.txt,rejected,0,initial_models_weighted_vote,1.0000,v7_initial_real_forged_fake_pdfs,327.00,93,916,,false,1200,5
X00016469676,train,train/img/X00016469676.jpg,train/box/X00016469676.txt,train/entities/X00016469676.txt,approved,1,initial_models_weighted_vote,0.0000,v7_initial_real_forged_fake_pdfs,20.00,28,441,,false,1200,5
X51005200931,test,test/img/X51005200931.jpg,test/box/X51005200931.txt,test/entities/X51005200931.txt,rejected,0,initial_models_weighted_vote,1.0000,v7_initial_real_forged_fake_pdfs,436.20,81,901,,false,1200,5
X51005200938,train,train/img/X51005200938.jpg,train/box/X51005200938.txt,train/entities/X51005200938.txt,approved,1,initial_models_weighted_vote,0.0000,v7_initial_real_forged_fake_pdfs,112.45,76,891,,false,1200,5
X51005230605,test,test/img/X51005230605.jpg,test/box/X51005230605.txt,test/entities/X51005230605.txt,approved,1,initial_models_weighted_vote,0.0000,v7_initial_real_forged_fake_pdfs,4.90,44,501,,false,1200,5
X51005230616,test,test/img/X51005230616.jpg,test/box/X51005230616.txt,test/entities/X51005230616.txt,approved,1,initial_models_weighted_vote,0.0000,v7_initial_real_forged_fake_pdfs,38.90,46,810,,false,1200,5
X51005230617,train,train/img/X51005230617.jpg,train/box/X51005230617.txt,train/entities/X51005230617.txt,approved,1,initial_models_weighted_vote,0.3034,v7_initial_real_forged_fake_pdfs,26.60,43,784,,false,1200,5
X51005230621,test,test/img/X51005230621.jpg,test/box/X51005230621.txt,test/entities/X51005230621.txt,approved,1,initial_models_weighted_vote,0.0000,v7_initial_real_forged_fake_pdfs,7.30,54,620,,false,1200,5
X51005230648,test,test/img/X51005230648.jpg,test/box/X51005230648.txt,test/entities/X51005230648.txt,approved,1,initial_models_weighted_vote,0.0000,v7_initial_real_forged_fake_pdfs,6.35,45,612,,false,1200,5
X51005230657,test,test/img/X51005230657.jpg,test/box/X51005230657.txt,test/entities/X51005230657.txt,approved,1,initial_models_weighted_vote,0.0000,v7_initial_real_forged_fake_pdfs,7.95,57,692,,false,1200,5
X51005230659,test,test/img/X51005230659.jpg,test/box/X51005230659.txt,test/entities/X51005230659.txt,approved,1,initial_models_weighted_vote,0.0000,v7_initial_real_forged_fake_pdfs,8.00,36,462,,false,1200,5
X51005255805,train,train/img/X51005255805.jpg,train/box/X51005255805.txt,train/entities/X51005255805.txt,approved,1,initial_models_weighted_vote,0.0000,v7_initial_real_forged_fake_pdfs,14.10,51,577,,false,1200,5
X51005268200,train,train/img/X51005268200.jpg,train/box/X51005268200.txt,train/entities/X51005268200.txt,rejected,0,initial_models_weighted_vote,1.0000,v7_initial_real_forged_fake_pdfs,15.00,58,780,,false,1200,5
X51005268262,train,train/img/X51005268262.jpg,train/box/X51005268262.txt,train/entities/X51005268262.txt,approved,1,initial_models_weighted_vote,0.3668,v7_initial_real_forged_fake_pdfs,15.90,47,584,,false,1200,5
X51005268275,test,test/img/X51005268275.jpg,test/box/X51005268275.txt,test/entities/X51005268275.txt,rejected,0,initial_models_weighted_vote,1.0000,v7_initial_real_forged_fake_pdfs,278.80,89,1083,,false,1200,5
X51005268400,train,train/img/X51005268400.jpg,train/box/X51005268400.txt,train/entities/X51005268400.txt,approved,1,initial_models_weighted_vote,0.0000,v7_initial_real_forged_fake_pdfs,15.00,60,494,,false,1200,5
X51005268408,test,test/img/X51005268408.jpg,test/box/X51005268408.txt,test/entities/X51005268408.txt,rejected,0,initial_models_weighted_vote,1.0000,v7_initial_real_forged_fake_pdfs,169.80,38,597,,false,1200,5
X51005268472,train,train/img/X51005268472.jpg,train/box/X51005268472.txt,train/entities/X51005268472.txt,approved,1,initial_models_weighted_vote,0.0000,v7_initial_real_forged_fake_pdfs,32.70,119,1100,,false,1200,5
X51005288570,test,test/img/X51005288570.jpg,test/box/X51005288570.txt,test/entities/X51005288570.txt,rejected,0,initial_models_weighted_vote,1.0000,v7_initial_real_forged_fake_pdfs,1.00,34,362,,false,1200,5
X51005301659,train,train/img/X51005301659.jpg,train/box/X51005301659.txt,train/entities/X51005301659.txt,approved,1,initial_models_weighted_vote,0.0000,v7_initial_real_forged_fake_pdfs,15.90,44,503,,false,1200,5
X51005301661,train,train/img/X51005301661.jpg,train/box/X51005301661.txt,train/entities/X51005301661.txt,approved,1,initial_models_weighted_vote,0.0000,v7_initial_real_forged_fake_pdfs,73.00,82,911,,false,1200,5
X51005301666,test,test/img/X51005301666.jpg,test/box/X51005301666.txt,test/entities/X51005301666.txt,rejected,0,initial_models_weighted_vote,1.0000,v7_initial_real_forged_fake_pdfs,278.80,89,1088,,false,1200,5
X51005301667,train,train/img/X51005301667.jpg,train/box/X51005301667.txt,train/entities/X51005301667.txt,approved,1,initial_models_weighted_vote,0.0000,v7_initial_real_forged_fake_pdfs,39.80,76,921,,false,1200,5
X51005303661,train,train/img/X51005303661.jpg,train/box/X51005303661.txt,train/entities/X51005303661.txt,approved,1,initial_models_weighted_vote,0.0000,v7_initial_real_forged_fake_pdfs,73.00,75,911,,false,1200,5
X51005306399,train,train/img/X51005306399.jpg,train/box/X51005306399.txt,train/entities/X51005306399.txt,approved,1,initial_models_weighted_vote,0.0000,v7_initial_real_forged_fake_pdfs,86.00,46,515,,false,1200,5
X51005337867,test,test/img/X51005337867.jpg,test/box/X51005337867.txt,test/entities/X51005337867.txt,rejected,0,initial_models_weighted_vote,1.0000,v7_initial_real_forged_fake_pdfs,30.25,61,609,,false,1200,5
X51005337872,train,train/img/X51005337872.jpg,train/box/X51005337872.txt,train/entities/X51005337872.txt,approved,1,initial_models_weighted_vote,0.0000,v7_initial_real_forged_fake_pdfs,54.50,59,608,,false,1200,5
X51005337877,test,test/img/X51005337877.jpg,test/box/X51005337877.txt,test/entities/X51005337877.txt,approved,1,initial_models_weighted_vote,0.0000,v7_initial_real_forged_fake_pdfs,53.00,53,528,,false,1200,5
X51005361883,train,train/img/X51005361883.jpg,train/box/X51005361883.txt,train/entities/X51005361883.txt,approved,1,initial_models_weighted_vote,0.0000,v7_initial_real_forged_fake_pdfs,4.90,68,691,,false,1200,5
X51005361895,train,train/img/X51005361895.jpg,train/box/X51005361895.txt,train/entities/X51005361895.txt,approved,1,initial_models_weighted_vote,0.3022,v7_initial_real_forged_fake_pdfs,9.00,41,527,,false,1200,5
X51005361897,train,train/img/X51005361897.jpg,train/box/X51005361897.txt,train/entities/X51005361897.txt,rejected,0,initial_models_weighted_vote,1.0000,v7_initial_real_forged_fake_pdfs,27.55,62,665,,false,1200,5
X51005361898,train,train/img/X51005361898.jpg,train/box/X51005361898.txt,train/entities/X51005361898.txt,approved,1,initial_models_weighted_vote,0.0000,v7_initial_real_forged_fake_pdfs,55.10,66,713,,false,1200,5
X51005361900,train,train/img/X51005361900.jpg,train/box/X51005361900.txt,train/entities/X51005361900.txt,rejected,0,initial_models_weighted_vote,0.7744,v7_initial_real_forged_fake_pdfs,18.00,71,740,,false,1200,5
X51005361906,test,test/img/X51005361906.jpg,test/box/X51005361906.txt,test/entities/X51005361906.txt,rejected,0,initial_models_weighted_vote,1.0000,v7_initial_real_forged_fake_pdfs,27.35,81,836,,false,1200,5
X51005361907,train,train/img/X51005361907.jpg,train/box/X51005361907.txt,train/entities/X51005361907.txt,rejected,0,initial_models_weighted_vote,1.0000,v7_initial_real_forged_fake_pdfs,153.35,94,1021,,false,1200,5
X51005361908,test,test/img/X51005361908.jpg,test/box/X51005361908.txt,test/entities/X51005361908.txt,approved,1,initial_models_weighted_vote,0.0000,v7_initial_real_forged_fake_pdfs,127.20,61,648,,false,1200,5
X51005361912,test,test/img/X51005361912.jpg,test/box/X51005361912.txt,test/entities/X51005361912.txt,approved,1,initial_models_weighted_vote,0.0000,v7_initial_real_forged_fake_pdfs,1.05,62,624,,false,1200,5
X51005361923,test,test/img/X51005361923.jpg,test/box/X51005361923.txt,test/entities/X51005361923.txt,approved,1,initial_models_weighted_vote,0.0000,v7_initial_real_forged_fake_pdfs,4.20,33,423,,false,1200,5
X51005361946,train,train/img/X51005361946.jpg,train/box/X51005361946.txt,train/entities/X51005361946.txt,approved,1,initial_models_weighted_vote,0.0000,v7_initial_real_forged_fake_pdfs,37.10,48,680,,false,1200,5
X51005361950,train,train/img/X51005361950.jpg,train/box/X51005361950.txt,train/entities/X51005361950.txt,approved,1,initial_models_weighted_vote,0.0000,v7_initial_real_forged_fake_pdfs,2.50,28,436,,false,1200,5
X51005365179,train,train/img/X51005365179.jpg,train/box/X51005365179.txt,train/entities/X51005365179.txt,approved,1,initial_models_weighted_vote,0.2639,v7_initial_real_forged_fake_pdfs,21.20,53,615,,false,1200,5
X51005365187,test,test/img/X51005365187.jpg,test/box/X51005365187.txt,test/entities/X51005365187.txt,rejected,0,initial_models_weighted_vote,1.0000,v7_initial_real_forged_fake_pdfs,31.90,106,938,,false,1200,5
X51005433492,train,train/img/X51005433492.jpg,train/box/X51005433492.txt,train/entities/X51005433492.txt,rejected,0,initial_models_weighted_vote,1.0000,v7_initial_real_forged_fake_pdfs,8.20,39,566,,false,1200,5
X51005433494,train,train/img/X51005433494.jpg,train/box/X51005433494.txt,train/entities/X51005433494.txt,approved,1,initial_models_weighted_vote,0.4660,v7_initial_real_forged_fake_pdfs,75.00,39,597,,false,1200,5
X51005433514,train,train/img/X51005433514.jpg,train/box/X51005433514.txt,train/entities/X51005433514.txt,rejected,0,initial_models_weighted_vote,0.7764,v7_initial_real_forged_fake_pdfs,8.20,39,580,,false,1200,5
X51005433518,test,test/img/X51005433518.jpg,test/box/X51005433518.txt,test/entities/X51005433518.txt,rejected,0,initial_models_weighted_vote,1.0000,v7_initial_real_forged_fake_pdfs,8.20,39,580,,false,1200,5
X51005433522,train,train/img/X51005433522.jpg,train/box/X51005433522.txt,train/entities/X51005433522.txt,rejected,0,initial_models_weighted_vote,1.0000,v7_initial_real_forged_fake_pdfs,,39,580,total,false,1200,5
X51005433533,train,train/img/X51005433533.jpg,train/box/X51005433533.txt,train/entities/X51005433533.txt,rejected,0,initial_models_weighted_vote,0.7002,v7_initial_real_forged_fake_pdfs,332.30,107,1214,,false,1200,5
X51005433538,train,train/img/X51005433538.jpg,train/box/X51005433538.txt,train/entities/X51005433538.txt,rejected,0,initial_models_weighted_vote,1.0000,v7_initial_real_forged_fake_pdfs,8.20,39,580,,false,1200,5
X51005433541,train,train/img/X51005433541.jpg,train/box/X51005433541.txt,train/entities/X51005433541.txt,rejected,0,initial_models_weighted_vote,1.0000,v7_initial_real_forged_fake_pdfs,8.20,39,564,,false,1200,5
X51005433543,test,test/img/X51005433543.jpg,test/box/X51005433543.txt,test/entities/X51005433543.txt,rejected,0,initial_models_weighted_vote,1.0000,v7_initial_real_forged_fake_pdfs,8.20,39,580,,false,1200,5
X51005433548,test,test/img/X51005433548.jpg,test/box/X51005433548.txt,test/entities/X51005433548.txt,approved,1,initial_models_weighted_vote,0.0000,v7_initial_real_forged_fake_pdfs,33.80,56,604,,false,1200,5
X51005433552,train,train/img/X51005433552.jpg,train/box/X51005433552.txt,train/entities/X51005433552.txt,approved,1,initial_models_weighted_vote,0.0000,v7_initial_real_forged_fake_pdfs,57.80,48,557,,false,1200,5
X51005433553,train,train/img/X51005433553.jpg,train/box/X51005433553.txt,train/entities/X51005433553.txt,approved,1,initial_models_weighted_vote,0.0000,v7_initial_real_forged_fake_pdfs,13.10,69,609,,false,1200,5
X51005433556,test,test/img/X51005433556.jpg,test/box/X51005433556.txt,test/entities/X51005433556.txt,approved,1,initial_models_weighted_vote,0.0000,v7_initial_real_forged_fake_pdfs,49.70,79,708,,false,1200,5
X51005441398,train,train/img/X51005441398.jpg,train/box/X51005441398.txt,train/entities/X51005441398.txt,rejected,0,initial_models_weighted_vote,1.0000,v7_initial_real_forged_fake_pdfs,189.75,53,691,,false,1200,5
X51005441401,train,train/img/X51005441401.jpg,train/box/X51005441401.txt,train/entities/X51005441401.txt,rejected,0,initial_models_weighted_vote,0.7764,v7_initial_real_forged_fake_pdfs,343.95,44,443,,false,1200,5
X51005441402,train,train/img/X51005441402.jpg,train/box/X51005441402.txt,train/entities/X51005441402.txt,rejected,0,initial_models_weighted_vote,1.0000,v7_initial_real_forged_fake_pdfs,174.90,41,447,,false,1200,5
X51005441407,train,train/img/X51005441407.jpg,train/box/X51005441407.txt,train/entities/X51005441407.txt,approved,1,initial_models_weighted_vote,0.0000,v7_initial_real_forged_fake_pdfs,64.15,53,642,,false,1200,5
X51005441408,train,train/img/X51005441408.jpg,train/box/X51005441408.txt,train/entities/X51005441408.txt,rejected,0,initial_models_weighted_vote,1.0000,v7_initial_real_forged_fake_pdfs,190.00,43,503,,false,1200,5
X51005442322,test,test/img/X51005442322.jpg,test/box/X51005442322.txt,test/entities/X51005442322.txt,rejected,0,initial_models_weighted_vote,1.0000,v7_initial_real_forged_fake_pdfs,269.40,72,1074,,false,1200,5
X51005442327,train,train/img/X51005442327.jpg,train/box/X51005442327.txt,train/entities/X51005442327.txt,rejected,0,initial_models_weighted_vote,1.0000,v7_initial_real_forged_fake_pdfs,8.60,43,615,,false,1200,5
X51005442333,train,train/img/X51005442333.jpg,train/box/X51005442333.txt,train/entities/X51005442333.txt,rejected,0,initial_models_weighted_vote,0.6966,v7_initial_real_forged_fake_pdfs,6.90,43,605,,false,1200,5
X51005442334,test,test/img/X51005442334.jpg,test/box/X51005442334.txt,test/entities/X51005442334.txt,rejected,0,initial_models_weighted_vote,1.0000,v7_initial_real_forged_fake_pdfs,8.20,39,575,,false,1200,5
X51005442338,train,train/img/X51005442338.jpg,train/box/X51005442338.txt,train/entities/X51005442338.txt,approved,1,initial_models_weighted_vote,0.0000,v7_initial_real_forged_fake_pdfs,28.60,63,632,,false,1200,5
X51005442341,train,train/img/X51005442341.jpg,train/box/X51005442341.txt,train/entities/X51005442341.txt,rejected,0,initial_models_weighted_vote,0.6966,v7_initial_real_forged_fake_pdfs,170.00,18,187,,false,1200,5
X51005442343,test,test/img/X51005442343.jpg,test/box/X51005442343.txt,test/entities/X51005442343.txt,rejected,0,initial_models_weighted_vote,1.0000,v7_initial_real_forged_fake_pdfs,72.00,64,686,,false,1200,5
X51005442344,train,train/img/X51005442344.jpg,train/box/X51005442344.txt,train/entities/X51005442344.txt,approved,1,initial_models_weighted_vote,0.0000,v7_initial_real_forged_fake_pdfs,100.90,71,736,,false,1200,5
X51005442346,train,train/img/X51005442346.jpg,train/box/X51005442346.txt,train/entities/X51005442346.txt,rejected,0,initial_models_weighted_vote,0.5172,v7_initial_real_forged_fake_pdfs,8.00,59,609,,false,1200,5
X51005442361,train,train/img/X51005442361.jpg,train/box/X51005442361.txt,train/entities/X51005442361.txt,rejected,0,initial_models_weighted_vote,1.0000,v7_initial_real_forged_fake_pdfs,593.10,66,674,,false,1200,5
X51005442366,test,test/img/X51005442366.jpg,test/box/X51005442366.txt,test/entities/X51005442366.txt,approved,1,initial_models_weighted_vote,0.0000,v7_initial_real_forged_fake_pdfs,22.60,41,453,,false,1200,5
X51005442375,test,test/img/X51005442375.jpg,test/box/X51005442375.txt,test/entities/X51005442375.txt,rejected,0,initial_models_weighted_vote,1.0000,v7_initial_real_forged_fake_pdfs,8.50,39,576,,false,1200,5
X51005442376,train,train/img/X51005442376.jpg,train/box/X51005442376.txt,train/entities/X51005442376.txt,rejected,0,initial_models_weighted_vote,0.7744,v7_initial_real_forged_fake_pdfs,7.60,39,583,,false,1200,5
X51005442378,train,train/img/X51005442378.jpg,train/box/X51005442378.txt,train/entities/X51005442378.txt,approved,1,initial_models_weighted_vote,0.1845,v7_initial_real_forged_fake_pdfs,10.00,34,558,,false,1200,5
X51005442379,train,train/img/X51005442379.jpg,train/box/X51005442379.txt,train/entities/X51005442379.txt,rejected,0,initial_models_weighted_vote,1.0000,v7_initial_real_forged_fake_pdfs,9.20,39,583,,false,1200,5
X51005442382,test,test/img/X51005442382.jpg,test/box/X51005442382.txt,test/entities/X51005442382.txt,rejected,0,initial_models_weighted_vote,1.0000,v7_initial_real_forged_fake_pdfs,6.60,35,530,,false,1200,5
X51005442383,train,train/img/X51005442383.jpg,train/box/X51005442383.txt,train/entities/X51005442383.txt,rejected,0,initial_models_weighted_vote,0.6726,v7_initial_real_forged_fake_pdfs,13.80,55,505,,false,1200,5
X51005442384,train,train/img/X51005442384.jpg,train/box/X51005442384.txt,train/entities/X51005442384.txt,rejected,0,initial_models_weighted_vote,1.0000,v7_initial_real_forged_fake_pdfs,8.20,39,570,,false,1200,5
X51005442386,train,train/img/X51005442386.jpg,train/box/X51005442386.txt,train/entities/X51005442386.txt,rejected,0,initial_models_weighted_vote,1.0000,v7_initial_real_forged_fake_pdfs,8.70,39,587,,false,1200,5
X51005442388,test,test/img/X51005442388.jpg,test/box/X51005442388.txt,test/entities/X51005442388.txt,approved,1,initial_models_weighted_vote,0.0000,v7_initial_real_forged_fake_pdfs,21.60,33,289,,false,1200,5
X51005442392,train,train/img/X51005442392.jpg,train/box/X51005442392.txt,train/entities/X51005442392.txt,rejected,0,initial_models_weighted_vote,1.0000,v7_initial_real_forged_fake_pdfs,7.10,35,539,,false,1200,5
X51005442394,train,train/img/X51005442394.jpg,train/box/X51005442394.txt,train/entities/X51005442394.txt,rejected,0,initial_models_weighted_vote,1.0000,v7_initial_real_forged_fake_pdfs,8.20,39,581,,false,1200,5
X51005442397,train,train/img/X51005442397.jpg,train/box/X51005442397.txt,train/entities/X51005442397.txt,rejected,0,initial_models_weighted_vote,0.7459,v7_initial_real_forged_fake_pdfs,7.60,28,357,,false,1200,5
X51005444033,train,train/img/X51005444033.jpg,train/box/X51005444033.txt,train/entities/X51005444033.txt,approved,1,initial_models_weighted_vote,0.2630,v7_initial_real_forged_fake_pdfs,77.20,52,718,,false,1200,5
X51005444037,train,train/img/X51005444037.jpg,train/box/X51005444037.txt,train/entities/X51005444037.txt,rejected,0,initial_models_weighted_vote,0.7652,v7_initial_real_forged_fake_pdfs,129.30,66,833,,false,1200,5
X51005444040,test,test/img/X51005444040.jpg,test/box/X51005444040.txt,test/entities/X51005444040.txt,approved,1,initial_models_weighted_vote,0.0000,v7_initial_real_forged_fake_pdfs,133.70,52,737,,false,1200,5
X51005444041,test,test/img/X51005444041.jpg,test/box/X51005444041.txt,test/entities/X51005444041.txt,rejected,0,initial_models_weighted_vote,1.0000,v7_initial_real_forged_fake_pdfs,81.00,65,929,,false,1200,5
X51005444044,test,test/img/X51005444044.jpg,test/box/X51005444044.txt,test/entities/X51005444044.txt,approved,1,initial_models_weighted_vote,0.0000,v7_initial_real_forged_fake_pdfs,5.35,26,404,,false,1200,5
X51005444045,train,train/img/X51005444045.jpg,train/box/X51005444045.txt,train/entities/X51005444045.txt,rejected,0,initial_models_weighted_vote,0.5049,v7_initial_real_forged_fake_pdfs,11.40,26,411,,false,1200,5
X51005444046,test,test/img/X51005444046.jpg,test/box/X51005444046.txt,test/entities/X51005444046.txt,approved,1,initial_models_weighted_vote,0.0000,v7_initial_real_forged_fake_pdfs,66.15,63,798,,false,1200,5
X51005447832,train,train/img/X51005447832.jpg,train/box/X51005447832.txt,train/entities/X51005447832.txt,approved,1,initial_models_weighted_vote,0.0000,v7_initial_real_forged_fake_pdfs,85.54,48,523,,false,1200,5
X51005447833,train,train/img/X51005447833.jpg,train/box/X51005447833.txt,train/entities/X51005447833.txt,approved,1,initial_models_weighted_vote,0.0000,v7_initial_real_forged_fake_pdfs,88.17,46,502,,false,1200,5
X51005447839,train,train/img/X51005447839.jpg,train/box/X51005447839.txt,train/entities/X51005447839.txt,approved,1,initial_models_weighted_vote,0.0000,v7_initial_real_forged_fake_pdfs,65.20,53,516,,false,1200,5
X51005447840,train,train/img/X51005447840.jpg,train/box/X51005447840.txt,train/entities/X51005447840.txt,approved,1,initial_models_weighted_vote,0.2630,v7_initial_real_forged_fake_pdfs,8.20,63,688,,false,1200,5
X51005447841,test,test/img/X51005447841.jpg,test/box/X51005447841.txt,test/entities/X51005447841.txt,approved,1,initial_models_weighted_vote,0.0000,v7_initial_real_forged_fake_pdfs,10.40,64,687,,false,1200,5
X51005447842,test,test/img/X51005447842.jpg,test/box/X51005447842.txt,test/entities/X51005447842.txt,approved,1,initial_models_weighted_vote,0.0000,v7_initial_real_forged_fake_pdfs,0.90,43,524,,false,1200,5
X51005447844,test,test/img/X51005447844.jpg,test/box/X51005447844.txt,test/entities/X51005447844.txt,approved,1,initial_models_weighted_vote,0.0000,v7_initial_real_forged_fake_pdfs,110.00,66,584,,false,1200,5
X51005447848,train,train/img/X51005447848.jpg,train/box/X51005447848.txt,train/entities/X51005447848.txt,approved,1,initial_models_weighted_vote,0.0000,v7_initial_real_forged_fake_pdfs,53.55,75,630,,false,1200,5
X51005447850,train,train/img/X51005447850.jpg,train/box/X51005447850.txt,train/entities/X51005447850.txt,rejected,0,initial_models_weighted_vote,1.0000,v7_initial_real_forged_fake_pdfs,3.20,43,548,,false,1200,5
X51005447851,test,test/img/X51005447851.jpg,test/box/X51005447851.txt,test/entities/X51005447851.txt,approved,1,initial_models_weighted_vote,0.0000,v7_initial_real_forged_fake_pdfs,1.70,43,531,,false,1200,5
X51005447852,train,train/img/X51005447852.jpg,train/box/X51005447852.txt,train/entities/X51005447852.txt,rejected,0,initial_models_weighted_vote,0.6483,v7_initial_real_forged_fake_pdfs,9.90,26,412,,false,1200,5
X51005447853,train,train/img/X51005447853.jpg,train/box/X51005447853.txt,train/entities/X51005447853.txt,approved,1,initial_models_weighted_vote,0.3388,v7_initial_real_forged_fake_pdfs,141.50,30,484,,false,1200,5
X51005447859,test,test/img/X51005447859.jpg,test/box/X51005447859.txt,test/entities/X51005447859.txt,approved,1,initial_models_weighted_vote,0.0000,v7_initial_real_forged_fake_pdfs,1.45,43,535,,false,1200,5
X51005447860,train,train/img/X51005447860.jpg,train/box/X51005447860.txt,train/entities/X51005447860.txt,approved,1,initial_models_weighted_vote,0.0000,v7_initial_real_forged_fake_pdfs,17.70,44,655,,false,1200,5
X51005447861,train,train/img/X51005447861.jpg,train/box/X51005447861.txt,train/entities/X51005447861.txt,approved,1,initial_models_weighted_vote,0.3526,v7_initial_real_forged_fake_pdfs,49.40,57,817,,false,1200,5
X51005453729,train,train/img/X51005453729.jpg,train/box/X51005453729.txt,train/entities/X51005453729.txt,approved,1,initial_models_weighted_vote,0.2630,v7_initial_real_forged_fake_pdfs,79.50,48,580,,false,1200,5
X51005453801,train,train/img/X51005453801.jpg,train/box/X51005453801.txt,train/entities/X51005453801.txt,approved,1,initial_models_weighted_vote,0.0000,v7_initial_real_forged_fake_pdfs,102.00,45,502,,false,1200,5
X51005453802,train,train/img/X51005453802.jpg,train/box/X51005453802.txt,train/entities/X51005453802.txt,rejected,0,initial_models_weighted_vote,0.6966,v7_initial_real_forged_fake_pdfs,159.00,48,594,,false,1200,5
X51005453804,train,train/img/X51005453804.jpg,train/box/X51005453804.txt,train/entities/X51005453804.txt,rejected,0,initial_models_weighted_vote,0.7744,v7_initial_real_forged_fake_pdfs,12.00,43,532,,false,1200,5
X51005568827,train,train/img/X51005568827.jpg,train/box/X51005568827.txt,train/entities/X51005568827.txt,approved,1,initial_models_weighted_vote,0.0000,v7_initial_real_forged_fake_pdfs,23.25,52,722,,false,1200,5
X51005568829,train,train/img/X51005568829.jpg,train/box/X51005568829.txt,train/entities/X51005568829.txt,approved,1,initial_models_weighted_vote,0.0000,v7_initial_real_forged_fake_pdfs,92.80,83,630,,false,1200,5
X51005568855,test,test/img/X51005568855.jpg,test/box/X51005568855.txt,test/entities/X51005568855.txt,rejected,0,initial_models_weighted_vote,1.0000,v7_initial_real_forged_fake_pdfs,140.65,84,1221,,false,1200,5
X51005568866,test,test/img/X51005568866.jpg,test/box/X51005568866.txt,test/entities/X51005568866.txt,approved,1,initial_models_weighted_vote,0.0000,v7_initial_real_forged_fake_pdfs,5.05,50,765,,false,1200,5
X51005568880,train,train/img/X51005568880.jpg,train/box/X51005568880.txt,train/entities/X51005568880.txt,approved,1,initial_models_weighted_vote,0.0000,v7_initial_real_forged_fake_pdfs,15.90,67,781,,false,1200,5
X51005568881,train,train/img/X51005568881.jpg,train/box/X51005568881.txt,train/entities/X51005568881.txt,approved,1,initial_models_weighted_vote,0.3274,v7_initial_real_forged_fake_pdfs,10.40,52,605,,false,1200,5
X51005568884,train,train/img/X51005568884.jpg,train/box/X51005568884.txt,train/entities/X51005568884.txt,approved,1,initial_models_weighted_vote,0.0000,v7_initial_real_forged_fake_pdfs,3.90,35,523,,false,1200,5
X51005568885,test,test/img/X51005568885.jpg,test/box/X51005568885.txt,test/entities/X51005568885.txt,approved,1,initial_models_weighted_vote,0.0000,v7_initial_real_forged_fake_pdfs,56.00,46,524,,false,1200,5
X51005568887,test,test/img/X51005568887.jpg,test/box/X51005568887.txt,test/entities/X51005568887.txt,approved,1,initial_models_weighted_vote,0.0000,v7_initial_real_forged_fake_pdfs,7.20,50,584,,false,1200,5
X51005568889,test,test/img/X51005568889.jpg,test/box/X51005568889.txt,test/entities/X51005568889.txt,approved,1,initial_models_weighted_vote,0.0000,v7_initial_real_forged_fake_pdfs,19.60,50,591,,false,1200,5
X51005568890,test,test/img/X51005568890.jpg,test/box/X51005568890.txt,test/entities/X51005568890.txt,approved,1,initial_models_weighted_vote,0.0000,v7_initial_real_forged_fake_pdfs,5.00,49,562,,false,1200,5
X51005568891,train,train/img/X51005568891.jpg,train/box/X51005568891.txt,train/entities/X51005568891.txt,rejected,0,initial_models_weighted_vote,0.6966,v7_initial_real_forged_fake_pdfs,277.00,82,924,,false,1200,5
X51005568892,test,test/img/X51005568892.jpg,test/box/X51005568892.txt,test/entities/X51005568892.txt,rejected,0,initial_models_weighted_vote,1.0000,v7_initial_real_forged_fake_pdfs,26.00,46,522,,false,1200,5
X51005568894,test,test/img/X51005568894.jpg,test/box/X51005568894.txt,test/entities/X51005568894.txt,approved,1,initial_models_weighted_vote,0.0000,v7_initial_real_forged_fake_pdfs,46.65,80,974,,false,1200,5
X51005568895,test,test/img/X51005568895.jpg,test/box/X51005568895.txt,test/entities/X51005568895.txt,approved,1,initial_models_weighted_vote,0.0000,v7_initial_real_forged_fake_pdfs,52.45,68,900,,false,1200,5
X51005568898,train,train/img/X51005568898.jpg,train/box/X51005568898.txt,train/entities/X51005568898.txt,approved,1,initial_models_weighted_vote,0.0000,v7_initial_real_forged_fake_pdfs,18.80,74,930,,false,1200,5
X51005568899,train,train/img/X51005568899.jpg,train/box/X51005568899.txt,train/entities/X51005568899.txt,approved,1,initial_models_weighted_vote,0.0000,v7_initial_real_forged_fake_pdfs,5.90,34,505,,false,1200,5
X51005568900,train,train/img/X51005568900.jpg,train/box/X51005568900.txt,train/entities/X51005568900.txt,approved,1,initial_models_weighted_vote,0.0000,v7_initial_real_forged_fake_pdfs,9.90,36,525,,false,1200,5
X51005568911,train,train/img/X51005568911.jpg,train/box/X51005568911.txt,train/entities/X51005568911.txt,rejected,0,initial_models_weighted_vote,0.5036,v7_initial_real_forged_fake_pdfs,37.80,60,717,,false,1200,5
X51005568913,train,train/img/X51005568913.jpg,train/box/X51005568913.txt,train/entities/X51005568913.txt,rejected,0,initial_models_weighted_vote,0.5013,v7_initial_real_forged_fake_pdfs,538.00,38,488,,false,1200,5
X51005568914,train,train/img/X51005568914.jpg,train/box/X51005568914.txt,train/entities/X51005568914.txt,rejected,0,initial_models_weighted_vote,1.0000,v7_initial_real_forged_fake_pdfs,99.80,40,516,,false,1200,5
X51005577191,test,test/img/X51005577191.jpg,test/box/X51005577191.txt,test/entities/X51005577191.txt,approved,1,initial_models_weighted_vote,0.0000,v7_initial_real_forged_fake_pdfs,10.00,53,560,,false,1200,5
X51005577192,train,train/img/X51005577192.jpg,train/box/X51005577192.txt,train/entities/X51005577192.txt,approved,1,initial_models_weighted_vote,0.2256,v7_initial_real_forged_fake_pdfs,7.00,53,560,,false,1200,5
X51005582745,test,test/img/X51005582745.jpg,test/box/X51005582745.txt,test/entities/X51005582745.txt,rejected,0,initial_models_weighted_vote,1.0000,v7_initial_real_forged_fake_pdfs,150.00,53,590,,false,1200,5
X51005587254,train,train/img/X51005587254.jpg,train/box/X51005587254.txt,train/entities/X51005587254.txt,approved,1,initial_models_weighted_vote,0.0000,v7_initial_real_forged_fake_pdfs,5.00,53,897,,false,1200,5
X51005587261,test,test/img/X51005587261.jpg,test/box/X51005587261.txt,test/entities/X51005587261.txt,approved,1,initial_models_weighted_vote,0.0000,v7_initial_real_forged_fake_pdfs,30.00,51,667,,false,1200,5
X51005587267,train,train/img/X51005587267.jpg,train/box/X51005587267.txt,train/entities/X51005587267.txt,rejected,0,initial_models_weighted_vote,1.0000,v7_initial_real_forged_fake_pdfs,85.10,87,1197,,false,1200,5
X51005605284,train,train/img/X51005605284.jpg,train/box/X51005605284.txt,train/entities/X51005605284.txt,approved,1,initial_models_weighted_vote,0.3436,v7_initial_real_forged_fake_pdfs,83.00,62,659,,false,1200,5
X51005605285,train,train/img/X51005605285.jpg,train/box/X51005605285.txt,train/entities/X51005605285.txt,approved,1,initial_models_weighted_vote,0.0000,v7_initial_real_forged_fake_pdfs,5.90,40,605,,false,1200,5
X51005605286,train,train/img/X51005605286.jpg,train/box/X51005605286.txt,train/entities/X51005605286.txt,approved,1,initial_models_weighted_vote,0.3274,v7_initial_real_forged_fake_pdfs,5.90,39,571,,false,1200,5
X51005605287,test,test/img/X51005605287.jpg,test/box/X51005605287.txt,test/entities/X51005605287.txt,approved,1,initial_models_weighted_vote,0.0000,v7_initial_real_forged_fake_pdfs,12.25,39,533,,false,1200,5
X51005605295,test,test/img/X51005605295.jpg,test/box/X51005605295.txt,test/entities/X51005605295.txt,approved,1,initial_models_weighted_vote,0.0000,v7_initial_real_forged_fake_pdfs,5.15,45,562,,false,1200,5
X51005605332,test,test/img/X51005605332.jpg,test/box/X51005605332.txt,test/entities/X51005605332.txt,rejected,0,initial_models_weighted_vote,1.0000,v7_initial_real_forged_fake_pdfs,7.95,38,567,,false,1200,5
X51005605333,train,train/img/X51005605333.jpg,train/box/X51005605333.txt,train/entities/X51005605333.txt,rejected,0,initial_models_weighted_vote,0.7744,v7_initial_real_forged_fake_pdfs,31.45,45,645,,false,1200,5
X51005605334,train,train/img/X51005605334.jpg,train/box/X51005605334.txt,train/entities/X51005605334.txt,approved,1,initial_models_weighted_vote,0.3022,v7_initial_real_forged_fake_pdfs,9.65,42,610,,false,1200,5
X51005605335,train,train/img/X51005605335.jpg,train/box/X51005605335.txt,train/entities/X51005605335.txt,approved,1,initial_models_weighted_vote,0.0000,v7_initial_real_forged_fake_pdfs,21.00,46,636,,false,1200,5
X51005621482,test,test/img/X51005621482.jpg,test/box/X51005621482.txt,test/entities/X51005621482.txt,approved,1,initial_models_weighted_vote,0.0000,v7_initial_real_forged_fake_pdfs,13.40,57,1151,,false,1200,5
X51005663272,train,train/img/X51005663272.jpg,train/box/X51005663272.txt,train/entities/X51005663272.txt,approved,1,initial_models_weighted_vote,0.0000,v7_initial_real_forged_fake_pdfs,42.40,61,687,,false,1200,5
X51005663273,train,train/img/X51005663273.jpg,train/box/X51005663273.txt,train/entities/X51005663273.txt,approved,1,initial_models_weighted_vote,0.0000,v7_initial_real_forged_fake_pdfs,47.70,58,594,,false,1200,5
X51005663274,test,test/img/X51005663274.jpg,test/box/X51005663274.txt,test/entities/X51005663274.txt,approved,1,initial_models_weighted_vote,0.0000,v7_initial_real_forged_fake_pdfs,10.50,42,520,,false,1200,5
X51005663276,train,train/img/X51005663276.jpg,train/box/X51005663276.txt,train/entities/X51005663276.txt,approved,1,initial_models_weighted_vote,0.0000,v7_initial_real_forged_fake_pdfs,7.42,58,551,,false,1200,5
X51005663277,train,train/img/X51005663277.jpg,train/box/X51005663277.txt,train/entities/X51005663277.txt,approved,1,initial_models_weighted_vote,0.0000,v7_initial_real_forged_fake_pdfs,29.68,57,565,,false,1200,5
X51005663278,train,train/img/X51005663278.jpg,train/box/X51005663278.txt,train/entities/X51005663278.txt,approved,1,initial_models_weighted_vote,0.0000,v7_initial_real_forged_fake_pdfs,73.30,44,545,,false,1200,5
X51005663279,train,train/img/X51005663279.jpg,train/box/X51005663279.txt,train/entities/X51005663279.txt,approved,1,initial_models_weighted_vote,0.0000,v7_initial_real_forged_fake_pdfs,148.40,58,611,,false,1200,5
X51005663280,train,train/img/X51005663280.jpg,train/box/X51005663280.txt,train/entities/X51005663280.txt,rejected,0,initial_models_weighted_vote,0.6966,v7_initial_real_forged_fake_pdfs,102.40,58,767,address,false,1200,5
X51005663293,train,train/img/X51005663293.jpg,train/box/X51005663293.txt,train/entities/X51005663293.txt,approved,1,initial_models_weighted_vote,0.0000,v7_initial_real_forged_fake_pdfs,30.30,61,616,,false,1200,5
X51005663297,train,train/img/X51005663297.jpg,train/box/X51005663297.txt,train/entities/X51005663297.txt,rejected,0,initial_models_weighted_vote,1.0000,v7_initial_real_forged_fake_pdfs,599.45,153,1308,,false,1200,5
X51005663298,train,train/img/X51005663298.jpg,train/box/X51005663298.txt,train/entities/X51005663298.txt,approved,1,initial_models_weighted_vote,0.0000,v7_initial_real_forged_fake_pdfs,48.15,67,785,,false,1200,5
X51005663300,test,test/img/X51005663300.jpg,test/box/X51005663300.txt,test/entities/X51005663300.txt,approved,1,initial_models_weighted_vote,0.0000,v7_initial_real_forged_fake_pdfs,7.00,42,510,,false,1200,5
X51005663301,train,train/img/X51005663301.jpg,train/box/X51005663301.txt,train/entities/X51005663301.txt,approved,1,initial_models_weighted_vote,0.0000,v7_initial_real_forged_fake_pdfs,7.00,42,524,,false,1200,5
X51005663307,test,test/img/X51005663307.jpg,test/box/X51005663307.txt,test/entities/X51005663307.txt,approved,1,initial_models_weighted_vote,0.0000,v7_initial_real_forged_fake_pdfs,56.80,80,858,,false,1200,5
X51005663309,test,test/img/X51005663309.jpg,test/box/X51005663309.txt,test/entities/X51005663309.txt,approved,1,initial_models_weighted_vote,0.0000,v7_initial_real_forged_fake_pdfs,5.30,49,450,,false,1200,5
X51005663310,test,test/img/X51005663310.jpg,test/box/X51005663310.txt,test/entities/X51005663310.txt,approved,1,initial_models_weighted_vote,0.0000,v7_initial_real_forged_fake_pdfs,8.40,42,521,,false,1200,5
X51005663311,train,train/img/X51005663311.jpg,train/box/X51005663311.txt,train/entities/X51005663311.txt,approved,1,initial_models_weighted_vote,0.0000,v7_initial_real_forged_fake_pdfs,7.00,42,521,,false,1200,5
X51005663317,train,train/img/X51005663317.jpg,train/box/X51005663317.txt,train/entities/X51005663317.txt,approved,1,initial_models_weighted_vote,0.3514,v7_initial_real_forged_fake_pdfs,6.00,42,518,,false,1200,5
X51005663323,test,test/img/X51005663323.jpg,test/box/X51005663323.txt,test/entities/X51005663323.txt,rejected,0,initial_models_weighted_vote,1.0000,v7_initial_real_forged_fake_pdfs,848.00,47,477,,false,1200,5
X51005663324,train,train/img/X51005663324.jpg,train/box/X51005663324.txt,train/entities/X51005663324.txt,rejected,0,initial_models_weighted_vote,1.0000,v7_initial_real_forged_fake_pdfs,465.34,117,971,,false,1200,5
X51005675095,train,train/img/X51005675095.jpg,train/box/X51005675095.txt,train/entities/X51005675095.txt,approved,1,initial_models_weighted_vote,0.0000,v7_initial_real_forged_fake_pdfs,4.00,38,456,,false,1200,5
X51005675099,test,test/img/X51005675099.jpg,test/box/X51005675099.txt,test/entities/X51005675099.txt,approved,1,initial_models_weighted_vote,0.0000,v7_initial_real_forged_fake_pdfs,132.50,55,595,,false,1200,5
X51005675103,test,test/img/X51005675103.jpg,test/box/X51005675103.txt,test/entities/X51005675103.txt,approved,1,initial_models_weighted_vote,0.0000,v7_initial_real_forged_fake_pdfs,100.17,70,685,,false,1200,5
X51005675104,test,test/img/X51005675104.jpg,test/box/X51005675104.txt,test/entities/X51005675104.txt,rejected,0,initial_models_weighted_vote,1.0000,v7_initial_real_forged_fake_pdfs,190.80,58,610,,false,1200,5
X51005675914,test,test/img/X51005675914.jpg,test/box/X51005675914.txt,test/entities/X51005675914.txt,approved,1,initial_models_weighted_vote,0.0000,v7_initial_real_forged_fake_pdfs,67.85,99,896,,false,1200,5
X51005676534,test,test/img/X51005676534.jpg,test/box/X51005676534.txt,test/entities/X51005676534.txt,approved,1,initial_models_weighted_vote,0.0000,v7_initial_real_forged_fake_pdfs,72.08,70,684,,false,1200,5
X51005676535,test,test/img/X51005676535.jpg,test/box/X51005676535.txt,test/entities/X51005676535.txt,rejected,0,initial_models_weighted_vote,1.0000,v7_initial_real_forged_fake_pdfs,89.04,64,639,,false,1200,5
X51005676536,train,train/img/X51005676536.jpg,train/box/X51005676536.txt,train/entities/X51005676536.txt,rejected,0,initial_models_weighted_vote,0.7764,v7_initial_real_forged_fake_pdfs,93.07,70,689,,false,1200,5
X51005676537,test,test/img/X51005676537.jpg,test/box/X51005676537.txt,test/entities/X51005676537.txt,approved,1,initial_models_weighted_vote,0.0000,v7_initial_real_forged_fake_pdfs,94.34,64,649,,false,1200,5
X51005676538,train,train/img/X51005676538.jpg,train/box/X51005676538.txt,train/entities/X51005676538.txt,rejected,0,initial_models_weighted_vote,1.0000,v7_initial_real_forged_fake_pdfs,44.73,76,700,,false,1200,5
X51005676539,train,train/img/X51005676539.jpg,train/box/X51005676539.txt,train/entities/X51005676539.txt,approved,1,initial_models_weighted_vote,0.0000,v7_initial_real_forged_fake_pdfs,23.32,58,592,,false,1200,5
X51005676540,train,train/img/X51005676540.jpg,train/box/X51005676540.txt,train/entities/X51005676540.txt,approved,1,initial_models_weighted_vote,0.0000,v7_initial_real_forged_fake_pdfs,116.28,70,690,,false,1200,5
X51005676541,train,train/img/X51005676541.jpg,train/box/X51005676541.txt,train/entities/X51005676541.txt,approved,1,initial_models_weighted_vote,0.0000,v7_initial_real_forged_fake_pdfs,94.87,76,718,,false,1200,5
X51005676542,test,test/img/X51005676542.jpg,test/box/X51005676542.txt,test/entities/X51005676542.txt,approved,1,initial_models_weighted_vote,0.0000,v7_initial_real_forged_fake_pdfs,10.60,58,598,,false,1200,5
X51005676543,train,train/img/X51005676543.jpg,train/box/X51005676543.txt,train/entities/X51005676543.txt,approved,1,initial_models_weighted_vote,0.3058,v7_initial_real_forged_fake_pdfs,13.25,64,659,,false,1200,5
X51005676544,train,train/img/X51005676544.jpg,train/box/X51005676544.txt,train/entities/X51005676544.txt,rejected,0,initial_models_weighted_vote,1.0000,v7_initial_real_forged_fake_pdfs,2.12,58,597,,false,1200,5
X51005676545,train,train/img/X51005676545.jpg,train/box/X51005676545.txt,train/entities/X51005676545.txt,rejected,0,initial_models_weighted_vote,0.7361,v7_initial_real_forged_fake_pdfs,6.36,58,594,,false,1200,5
X51005676546,train,train/img/X51005676546.jpg,train/box/X51005676546.txt,train/entities/X51005676546.txt,approved,1,initial_models_weighted_vote,0.0000,v7_initial_real_forged_fake_pdfs,21.20,58,609,,false,1200,5
X51005676547,train,train/img/X51005676547.jpg,train/box/X51005676547.txt,train/entities/X51005676547.txt,rejected,0,initial_models_weighted_vote,0.5036,v7_initial_real_forged_fake_pdfs,12.72,58,605,,false,1200,5
X51005676548,test,test/img/X51005676548.jpg,test/box/X51005676548.txt,test/entities/X51005676548.txt,rejected,0,initial_models_weighted_vote,1.0000,v7_initial_real_forged_fake_pdfs,11.13,63,623,,false,1200,5
X51005676549,train,train/img/X51005676549.jpg,train/box/X51005676549.txt,train/entities/X51005676549.txt,approved,1,initial_models_weighted_vote,0.0000,v7_initial_real_forged_fake_pdfs,39.75,66,655,,false,1200,5
X51005677327,test,test/img/X51005677327.jpg,test/box/X51005677327.txt,test/entities/X51005677327.txt,rejected,0,initial_models_weighted_vote,1.0000,v7_initial_real_forged_fake_pdfs,36.04,58,597,,false,1200,5
X51005677328,train,train/img/X51005677328.jpg,train/box/X51005677328.txt,train/entities/X51005677328.txt,approved,1,initial_models_weighted_vote,0.0000,v7_initial_real_forged_fake_pdfs,5.30,58,599,,false,1200,5
X51005677329,train,train/img/X51005677329.jpg,train/box/X51005677329.txt,train/entities/X51005677329.txt,rejected,0,initial_models_weighted_vote,0.6942,v7_initial_real_forged_fake_pdfs,270.30,58,621,,false,1200,5
X51005677331,train,train/img/X51005677331.jpg,train/box/X51005677331.txt,train/entities/X51005677331.txt,rejected,0,initial_models_weighted_vote,0.5036,v7_initial_real_forged_fake_pdfs,60.95,70,686,,false,1200,5
X51005677332,train,train/img/X51005677332.jpg,train/box/X51005677332.txt,train/entities/X51005677332.txt,approved,1,initial_models_weighted_vote,0.0000,v7_initial_real_forged_fake_pdfs,7.95,50,553,,false,1200,5
X51005677333,test,test/img/X51005677333.jpg,test/box/X51005677333.txt,test/entities/X51005677333.txt,approved,1,initial_models_weighted_vote,0.0000,v7_initial_real_forged_fake_pdfs,101.76,71,715,,false,1200,5
X51005677334,train,train/img/X51005677334.jpg,train/box/X51005677334.txt,train/entities/X51005677334.txt,approved,1,initial_models_weighted_vote,0.0000,v7_initial_real_forged_fake_pdfs,82.68,64,641,,false,1200,5
X51005677335,train,train/img/X51005677335.jpg,train/box/X51005677335.txt,train/entities/X51005677335.txt,approved,1,initial_models_weighted_vote,0.3526,v7_initial_real_forged_fake_pdfs,74.20,64,638,,false,1200,5
X51005677336,test,test/img/X51005677336.jpg,test/box/X51005677336.txt,test/entities/X51005677336.txt,approved,1,initial_models_weighted_vote,0.0000,v7_initial_real_forged_fake_pdfs,22.26,58,577,,false,1200,5
X51005677337,test,test/img/X51005677337.jpg,test/box/X51005677337.txt,test/entities/X51005677337.txt,approved,1,initial_models_weighted_vote,0.0000,v7_initial_real_forged_fake_pdfs,94.13,64,617,,false,1200,5
X51005677339,train,train/img/X51005677339.jpg,train/box/X51005677339.txt,train/entities/X51005677339.txt,approved,1,initial_models_weighted_vote,0.0000,v7_initial_real_forged_fake_pdfs,63.60,64,654,,false,1200,5
X510056849111,test,test/img/X510056849111.jpg,test/box/X510056849111.txt,test/entities/X510056849111.txt,rejected,0,initial_models_weighted_vote,1.0000,v7_initial_real_forged_fake_pdfs,7.42,32,353,,false,1200,5
X51005684949,test,test/img/X51005684949.jpg,test/box/X51005684949.txt,test/entities/X51005684949.txt,approved,1,initial_models_weighted_vote,0.0000,v7_initial_real_forged_fake_pdfs,7.42,29,343,,false,1200,5
X51005685355,train,train/img/X51005685355.jpg,train/box/X51005685355.txt,train/entities/X51005685355.txt,rejected,0,initial_models_weighted_vote,0.6612,v7_initial_real_forged_fake_pdfs,5.30,60,600,,false,1200,5
X51005685357,train,train/img/X51005685357.jpg,train/box/X51005685357.txt,train/entities/X51005685357.txt,approved,1,initial_models_weighted_vote,0.0000,v7_initial_real_forged_fake_pdfs,79.35,46,692,,false,1200,5
X51005705722,train,train/img/X51005705722.jpg,train/box/X51005705722.txt,train/entities/X51005705722.txt,rejected,0,initial_models_weighted_vote,1.0000,v7_initial_real_forged_fake_pdfs,248.05,60,659,,false,1200,5
X51005705727,test,test/img/X51005705727.jpg,test/box/X51005705727.txt,test/entities/X51005705727.txt,approved,1,initial_models_weighted_vote,0.0000,v7_initial_real_forged_fake_pdfs,38.15,60,666,,false,1200,5
X51005705729,test,test/img/X51005705729.jpg,test/box/X51005705729.txt,test/entities/X51005705729.txt,rejected,0,initial_models_weighted_vote,1.0000,v7_initial_real_forged_fake_pdfs,94.60,66,701,,false,1200,5
X51005705760,train,train/img/X51005705760.jpg,train/box/X51005705760.txt,train/entities/X51005705760.txt,rejected,0,initial_models_weighted_vote,1.0000,v7_initial_real_forged_fake_pdfs,21.40,103,1279,,false,1200,5
X51005705784,test,test/img/X51005705784.jpg,test/box/X51005705784.txt,test/entities/X51005705784.txt,approved,1,initial_models_weighted_vote,0.0000,v7_initial_real_forged_fake_pdfs,48.00,81,832,,false,1200,5
X51005705804,train,train/img/X51005705804.jpg,train/box/X51005705804.txt,train/entities/X51005705804.txt,approved,1,initial_models_weighted_vote,0.2236,v7_initial_real_forged_fake_pdfs,99.00,66,707,,false,1200,5
X51005710963,test,test/img/X51005710963.jpg,test/box/X51005710963.txt,test/entities/X51005710963.txt,approved,1,initial_models_weighted_vote,0.0000,v7_initial_real_forged_fake_pdfs,7.40,52,535,,false,1200,5
X51005711401,train,train/img/X51005711401.jpg,train/box/X51005711401.txt,train/entities/X51005711401.txt,approved,1,initial_models_weighted_vote,0.0000,v7_initial_real_forged_fake_pdfs,6.00,43,475,,false,1200,5
X51005711402,test,test/img/X51005711402.jpg,test/box/X51005711402.txt,test/entities/X51005711402.txt,rejected,0,initial_models_weighted_vote,1.0000,v7_initial_real_forged_fake_pdfs,9.60,54,525,,false,1200,5
X51005711403,train,train/img/X51005711403.jpg,train/box/X51005711403.txt,train/entities/X51005711403.txt,rejected,0,initial_models_weighted_vote,0.5049,v7_initial_real_forged_fake_pdfs,9.10,53,517,,false,1200,5
X51005711404,train,train/img/X51005711404.jpg,train/box/X51005711404.txt,train/entities/X51005711404.txt,rejected,0,initial_models_weighted_vote,1.0000,v7_initial_real_forged_fake_pdfs,4.80,49,497,,false,1200,5
X51005711441,train,train/img/X51005711441.jpg,train/box/X51005711441.txt,train/entities/X51005711441.txt,approved,1,initial_models_weighted_vote,0.0000,v7_initial_real_forged_fake_pdfs,6.70,49,499,,false,1200,5
X51005711442,train,train/img/X51005711442.jpg,train/box/X51005711442.txt,train/entities/X51005711442.txt,rejected,0,initial_models_weighted_vote,0.7459,v7_initial_real_forged_fake_pdfs,9.60,54,522,,false,1200,5
X51005711443,test,test/img/X51005711443.jpg,test/box/X51005711443.txt,test/entities/X51005711443.txt,approved,1,initial_models_weighted_vote,0.0000,v7_initial_real_forged_fake_pdfs,6.70,54,526,,false,1200,5
X51005711444,test,test/img/X51005711444.jpg,test/box/X51005711444.txt,test/entities/X51005711444.txt,approved,1,initial_models_weighted_vote,0.0000,v7_initial_real_forged_fake_pdfs,4.80,44,471,,false,1200,5
X51005711445,train,train/img/X51005711445.jpg,train/box/X51005711445.txt,train/entities/X51005711445.txt,approved,1,initial_models_weighted_vote,0.0000,v7_initial_real_forged_fake_pdfs,7.00,49,500,,false,1200,5
X51005711446,test,test/img/X51005711446.jpg,test/box/X51005711446.txt,test/entities/X51005711446.txt,approved,1,initial_models_weighted_vote,0.0000,v7_initial_real_forged_fake_pdfs,7.20,49,497,,false,1200,5
X51005711447,train,train/img/X51005711447.jpg,train/box/X51005711447.txt,train/entities/X51005711447.txt,approved,1,initial_models_weighted_vote,0.0000,v7_initial_real_forged_fake_pdfs,2.30,44,473,,false,1200,5
X51005711449,test,test/img/X51005711449.jpg,test/box/X51005711449.txt,test/entities/X51005711449.txt,approved,1,initial_models_weighted_vote,0.0000,v7_initial_real_forged_fake_pdfs,4.80,44,470,,false,1200,5
X51005711451,train,train/img/X51005711451.jpg,train/box/X51005711451.txt,train/entities/X51005711451.txt,rejected,0,initial_models_weighted_vote,1.0000,v7_initial_real_forged_fake_pdfs,6.00,44,470,,false,1200,5
X51005711452,train,train/img/X51005711452.jpg,train/box/X51005711452.txt,train/entities/X51005711452.txt,rejected,0,initial_models_weighted_vote,0.6536,v7_initial_real_forged_fake_pdfs,25.40,39,629,,false,1200,5
X51005711453,train,train/img/X51005711453.jpg,train/box/X51005711453.txt,train/entities/X51005711453.txt,approved,1,initial_models_weighted_vote,0.3274,v7_initial_real_forged_fake_pdfs,8.50,34,568,,false,1200,5
X51005711454,train,train/img/X51005711454.jpg,train/box/X51005711454.txt,train/entities/X51005711454.txt,rejected,0,initial_models_weighted_vote,1.0000,v7_initial_real_forged_fake_pdfs,72.93,54,653,,false,1200,5
X51005711456,train,train/img/X51005711456.jpg,train/box/X51005711456.txt,train/entities/X51005711456.txt,approved,1,initial_models_weighted_vote,0.2535,v7_initial_real_forged_fake_pdfs,65.55,78,808,,false,1200,5
X51005712017,train,train/img/X51005712017.jpg,train/box/X51005712017.txt,train/entities/X51005712017.txt,approved,1,initial_models_weighted_vote,0.3058,v7_initial_real_forged_fake_pdfs,13.10,34,564,,false,1200,5
X51005712021,train,train/img/X51005712021.jpg,train/box/X51005712021.txt,train/entities/X51005712021.txt,approved,1,initial_models_weighted_vote,0.0000,v7_initial_real_forged_fake_pdfs,26.82,58,654,,false,1200,5
X51005712038,train,train/img/X51005712038.jpg,train/box/X51005712038.txt,train/entities/X51005712038.txt,rejected,0,initial_models_weighted_vote,0.6552,v7_initial_real_forged_fake_pdfs,30.00,59,696,,false,1200,5
X51005712039,train,train/img/X51005712039.jpg,train/box/X51005712039.txt,train/entities/X51005712039.txt,approved,1,initial_models_weighted_vote,0.0000,v7_initial_real_forged_fake_pdfs,9.00,49,464,,false,1200,5
X51005715007,test,test/img/X51005715007.jpg,test/box/X51005715007.txt,test/entities/X51005715007.txt,approved,1,initial_models_weighted_vote,0.0000,v7_initial_real_forged_fake_pdfs,18.70,51,668,,false,1200,5
X51005715010,train,train/img/X51005715010.jpg,train/box/X51005715010.txt,train/entities/X51005715010.txt,rejected,0,initial_models_weighted_vote,0.6966,v7_initial_real_forged_fake_pdfs,41.45,56,605,,false,1200,5
X51005715451,train,train/img/X51005715451.jpg,train/box/X51005715451.txt,train/entities/X51005715451.txt,rejected,0,initial_models_weighted_vote,1.0000,v7_initial_real_forged_fake_pdfs,14.65,46,639,,false,1200,5
X51005715455,test,test/img/X51005715455.jpg,test/box/X51005715455.txt,test/entities/X51005715455.txt,rejected,0,initial_models_weighted_vote,1.0000,v7_initial_real_forged_fake_pdfs,10.60,28,429,,false,1200,5
X51005715456,train,train/img/X51005715456.jpg,train/box/X51005715456.txt,train/entities/X51005715456.txt,approved,1,initial_models_weighted_vote,0.0000,v7_initial_real_forged_fake_pdfs,101.75,67,676,,false,1200,5
X51005717526,train,train/img/X51005717526.jpg,train/box/X51005717526.txt,train/entities/X51005717526.txt,rejected,0,initial_models_weighted_vote,0.6726,v7_initial_real_forged_fake_pdfs,28.50,38,617,,false,1200,5
X51005719814,train,train/img/X51005719814.jpg,train/box/X51005719814.txt,train/entities/X51005719814.txt,approved,1,initial_models_weighted_vote,0.0000,v7_initial_real_forged_fake_pdfs,29.70,51,563,,false,1200,5
X51005719823,test,test/img/X51005719823.jpg,test/box/X51005719823.txt,test/entities/X51005719823.txt,approved,1,initial_models_weighted_vote,0.0000,v7_initial_real_forged_fake_pdfs,46.20,68,670,,false,1200,5
X51005719855,test,test/img/X51005719855.jpg,test/box/X51005719855.txt,test/entities/X51005719855.txt,rejected,0,initial_models_weighted_vote,1.0000,v7_initial_real_forged_fake_pdfs,181.55,52,572,,false,1200,5
X51005719856,train,train/img/X51005719856.jpg,train/box/X51005719856.txt,train/entities/X51005719856.txt,approved,1,initial_models_weighted_vote,0.3274,v7_initial_real_forged_fake_pdfs,21.50,50,629,,false,1200,5
X51005719857,test,test/img/X51005719857.jpg,test/box/X51005719857.txt,test/entities/X51005719857.txt,rejected,0,initial_models_weighted_vote,1.0000,v7_initial_real_forged_fake_pdfs,23.80,48,652,,false,1200,5
X51005719862,train,train/img/X51005719862.jpg,train/box/X51005719862.txt,train/entities/X51005719862.txt,approved,1,initial_models_weighted_vote,0.3388,v7_initial_real_forged_fake_pdfs,3.70,31,378,,false,1200,5
X51005719863,test,test/img/X51005719863.jpg,test/box/X51005719863.txt,test/entities/X51005719863.txt,approved,1,initial_models_weighted_vote,0.0000,v7_initial_real_forged_fake_pdfs,77.40,56,533,,false,1200,5
X51005719864,train,train/img/X51005719864.jpg,train/box/X51005719864.txt,train/entities/X51005719864.txt,approved,1,initial_models_weighted_vote,0.3034,v7_initial_real_forged_fake_pdfs,29.80,43,494,,false,1200,5
X51005719873,train,train/img/X51005719873.jpg,train/box/X51005719873.txt,train/entities/X51005719873.txt,approved,1,initial_models_weighted_vote,0.2236,v7_initial_real_forged_fake_pdfs,8.60,56,691,,false,1200,5
X51005719874,train,train/img/X51005719874.jpg,train/box/X51005719874.txt,train/entities/X51005719874.txt,approved,1,initial_models_weighted_vote,0.4778,v7_initial_real_forged_fake_pdfs,39.00,26,437,,false,1200,5
X51005719882,train,train/img/X51005719882.jpg,train/box/X51005719882.txt,train/entities/X51005719882.txt,rejected,0,initial_models_weighted_vote,1.0000,v7_initial_real_forged_fake_pdfs,213.00,33,459,,false,1200,5
X51005719883,train,train/img/X51005719883.jpg,train/box/X51005719883.txt,train/entities/X51005719883.txt,rejected,0,initial_models_weighted_vote,0.5741,v7_initial_real_forged_fake_pdfs,108.50,30,422,,false,1200,5
X51005719886,train,train/img/X51005719886.jpg,train/box/X51005719886.txt,train/entities/X51005719886.txt,approved,1,initial_models_weighted_vote,0.4951,v7_initial_real_forged_fake_pdfs,28.70,31,341,,false,1200,5
X51005719888,test,test/img/X51005719888.jpg,test/box/X51005719888.txt,test/entities/X51005719888.txt,approved,1,initial_models_weighted_vote,0.0000,v7_initial_real_forged_fake_pdfs,39.80,43,556,,false,1200,5
X51005719889,test,test/img/X51005719889.jpg,test/box/X51005719889.txt,test/entities/X51005719889.txt,rejected,0,initial_models_weighted_vote,1.0000,v7_initial_real_forged_fake_pdfs,42.00,59,682,,false,1200,5
X51005719893,train,train/img/X51005719893.jpg,train/box/X51005719893.txt,train/entities/X51005719893.txt,approved,1,initial_models_weighted_vote,0.2623,v7_initial_real_forged_fake_pdfs,71.00,42,489,,false,1200,5
X51005719895,test,test/img/X51005719895.jpg,test/box/X51005719895.txt,test/entities/X51005719895.txt,approved,1,initial_models_weighted_vote,0.0000,v7_initial_real_forged_fake_pdfs,34.80,57,725,,false,1200,5
X51005719896,train,train/img/X51005719896.jpg,train/box/X51005719896.txt,train/entities/X51005719896.txt,approved,1,initial_models_weighted_vote,0.0000,v7_initial_real_forged_fake_pdfs,35.80,48,689,,false,1200,5
X51005719898,test,test/img/X51005719898.jpg,test/box/X51005719898.txt,test/entities/X51005719898.txt,approved,1,initial_models_weighted_vote,0.0000,v7_initial_real_forged_fake_pdfs,11.90,37,560,,false,1200,5
X51005719899,train,train/img/X51005719899.jpg,train/box/X51005719899.txt,train/entities/X51005719899.txt,approved,1,initial_models_weighted_vote,0.0000,v7_initial_real_forged_fake_pdfs,53.60,45,481,,false,1200,5
X51005719902,train,train/img/X51005719902.jpg,train/box/X51005719902.txt,train/entities/X51005719902.txt,approved,1,initial_models_weighted_vote,0.0000,v7_initial_real_forged_fake_pdfs,25.15,64,654,,false,1200,5
X51005719903,test,test/img/X51005719903.jpg,test/box/X51005719903.txt,test/entities/X51005719903.txt,approved,1,initial_models_weighted_vote,0.0000,v7_initial_real_forged_fake_pdfs,8.50,33,551,,false,1200,5
X51005719904,train,train/img/X51005719904.jpg,train/box/X51005719904.txt,train/entities/X51005719904.txt,approved,1,initial_models_weighted_vote,0.0000,v7_initial_real_forged_fake_pdfs,29.30,43,563,,false,1200,5
X51005719905,test,test/img/X51005719905.jpg,test/box/X51005719905.txt,test/entities/X51005719905.txt,rejected,0,initial_models_weighted_vote,1.0000,v7_initial_real_forged_fake_pdfs,8.20,77,699,,false,1200,5
X51005719906,train,train/img/X51005719906.jpg,train/box/X51005719906.txt,train/entities/X51005719906.txt,rejected,0,initial_models_weighted_vote,1.0000,v7_initial_real_forged_fake_pdfs,105.00,47,723,,false,1200,5
X51005719912,train,train/img/X51005719912.jpg,train/box/X51005719912.txt,train/entities/X51005719912.txt,approved,1,initial_models_weighted_vote,0.0000,v7_initial_real_forged_fake_pdfs,12.00,51,757,,false,1200,5
X51005719914,train,train/img/X51005719914.jpg,train/box/X51005719914.txt,train/entities/X51005719914.txt,approved,1,initial_models_weighted_vote,0.2623,v7_initial_real_forged_fake_pdfs,53.30,79,1005,,false,1200,5
X51005719917,train,train/img/X51005719917.jpg,train/box/X51005719917.txt,train/entities/X51005719917.txt,approved,1,initial_models_weighted_vote,0.0000,v7_initial_real_forged_fake_pdfs,60.60,77,962,,false,1200,5
X51005722668,train,train/img/X51005722668.jpg,train/box/X51005722668.txt,train/entities/X51005722668.txt,rejected,0,initial_models_weighted_vote,1.0000,v7_initial_real_forged_fake_pdfs,20.50,59,644,,false,1200,5
X51005722699,train,train/img/X51005722699.jpg,train/box/X51005722699.txt,train/entities/X51005722699.txt,rejected,0,initial_models_weighted_vote,1.0000,v7_initial_real_forged_fake_pdfs,11.80,38,591,,false,1200,5
X51005724552,test,test/img/X51005724552.jpg,test/box/X51005724552.txt,test/entities/X51005724552.txt,approved,1,initial_models_weighted_vote,0.0000,v7_initial_real_forged_fake_pdfs,68.90,68,722,,false,1200,5
X51005724554,train,train/img/X51005724554.jpg,train/box/X51005724554.txt,train/entities/X51005724554.txt,approved,1,initial_models_weighted_vote,0.0000,v7_initial_real_forged_fake_pdfs,101.76,68,726,,false,1200,5
X51005724611,test,test/img/X51005724611.jpg,test/box/X51005724611.txt,test/entities/X51005724611.txt,approved,1,initial_models_weighted_vote,0.0000,v7_initial_real_forged_fake_pdfs,144.16,68,731,,false,1200,5
X51005724621,train,train/img/X51005724621.jpg,train/box/X51005724621.txt,train/entities/X51005724621.txt,approved,1,initial_models_weighted_vote,0.3388,v7_initial_real_forged_fake_pdfs,127.20,68,732,,false,1200,5
X51005724622,test,test/img/X51005724622.jpg,test/box/X51005724622.txt,test/entities/X51005724622.txt,approved,1,initial_models_weighted_vote,0.0000,v7_initial_real_forged_fake_pdfs,91.16,75,767,,false,1200,5
X51005724623,test,test/img/X51005724623.jpg,test/box/X51005724623.txt,test/entities/X51005724623.txt,rejected,0,initial_models_weighted_vote,1.0000,v7_initial_real_forged_fake_pdfs,312.70,74,730,,false,1200,5
X51005724624,test,test/img/X51005724624.jpg,test/box/X51005724624.txt,test/entities/X51005724624.txt,approved,1,initial_models_weighted_vote,0.0000,v7_initial_real_forged_fake_pdfs,135.68,75,775,,false,1200,5
X51005724625,test,test/img/X51005724625.jpg,test/box/X51005724625.txt,test/entities/X51005724625.txt,rejected,0,initial_models_weighted_vote,1.0000,v7_initial_real_forged_fake_pdfs,283.55,82,814,,false,1200,5
X51005724626,test,test/img/X51005724626.jpg,test/box/X51005724626.txt,test/entities/X51005724626.txt,rejected,0,initial_models_weighted_vote,1.0000,v7_initial_real_forged_fake_pdfs,270.30,82,818,,false,1200,5
X51005724627,train,train/img/X51005724627.jpg,train/box/X51005724627.txt,train/entities/X51005724627.txt,rejected,0,initial_models_weighted_vote,1.0000,v7_initial_real_forged_fake_pdfs,174.90,68,724,,false,1200,5
X51005724628,test,test/img/X51005724628.jpg,test/box/X51005724628.txt,test/entities/X51005724628.txt,approved,1,initial_models_weighted_vote,0.0000,v7_initial_real_forged_fake_pdfs,84.80,68,724,,false,1200,5
X51005724629,train,train/img/X51005724629.jpg,train/box/X51005724629.txt,train/entities/X51005724629.txt,rejected,0,initial_models_weighted_vote,1.0000,v7_initial_real_forged_fake_pdfs,174.90,66,719,,false,1200,5
X51005741929,test,test/img/X51005741929.jpg,test/box/X51005741929.txt,test/entities/X51005741929.txt,approved,1,initial_models_weighted_vote,0.0000,v7_initial_real_forged_fake_pdfs,5.50,45,635,,false,1200,5
X51005741944,train,train/img/X51005741944.jpg,train/box/X51005741944.txt,train/entities/X51005741944.txt,approved,1,initial_models_weighted_vote,0.0000,v7_initial_real_forged_fake_pdfs,41.95,55,665,,false,1200,5
X51005742068,train,train/img/X51005742068.jpg,train/box/X51005742068.txt,train/entities/X51005742068.txt,approved,1,initial_models_weighted_vote,0.3388,v7_initial_real_forged_fake_pdfs,6.00,26,388,,false,1200,5
X51005742110,test,test/img/X51005742110.jpg,test/box/X51005742110.txt,test/entities/X51005742110.txt,approved,1,initial_models_weighted_vote,0.0000,v7_initial_real_forged_fake_pdfs,65.70,39,431,,false,1200,5
X51005745183,train,train/img/X51005745183.jpg,train/box/X51005745183.txt,train/entities/X51005745183.txt,approved,1,initial_models_weighted_vote,0.0000,v7_initial_real_forged_fake_pdfs,63.80,40,577,,false,1200,5
X51005745187,train,train/img/X51005745187.jpg,train/box/X51005745187.txt,train/entities/X51005745187.txt,rejected,0,initial_models_weighted_vote,1.0000,v7_initial_real_forged_fake_pdfs,21.20,60,647,,false,1200,5
X51005745188,train,train/img/X51005745188.jpg,train/box/X51005745188.txt,train/entities/X51005745188.txt,rejected,0,initial_models_weighted_vote,1.0000,v7_initial_real_forged_fake_pdfs,48.00,49,526,,false,1200,5
X51005745190,train,train/img/X51005745190.jpg,train/box/X51005745190.txt,train/entities/X51005745190.txt,rejected,0,initial_models_weighted_vote,1.0000,v7_initial_real_forged_fake_pdfs,367.10,68,1030,,false,1200,5
X51005745213,test,test/img/X51005745213.jpg,test/box/X51005745213.txt,test/entities/X51005745213.txt,approved,1,initial_models_weighted_vote,0.0000,v7_initial_real_forged_fake_pdfs,7.00,47,599,,false,1200,5
X51005745214,train,train/img/X51005745214.jpg,train/box/X51005745214.txt,train/entities/X51005745214.txt,approved,1,initial_models_weighted_vote,0.0000,v7_initial_real_forged_fake_pdfs,45.35,38,508,,false,1200,5
X51005745244,test,test/img/X51005745244.jpg,test/box/X51005745244.txt,test/entities/X51005745244.txt,rejected,0,initial_models_weighted_vote,1.0000,v7_initial_real_forged_fake_pdfs,11.90,34,584,,false,1200,5
X51005745249,train,train/img/X51005745249.jpg,train/box/X51005745249.txt,train/entities/X51005745249.txt,approved,1,initial_models_weighted_vote,0.0000,v7_initial_real_forged_fake_pdfs,22.65,44,699,,false,1200,5
X51005745296,train,train/img/X51005745296.jpg,train/box/X51005745296.txt,train/entities/X51005745296.txt,approved,1,initial_models_weighted_vote,0.0000,v7_initial_real_forged_fake_pdfs,31.00,73,749,,false,1200,5
X51005745298,test,test/img/X51005745298.jpg,test/box/X51005745298.txt,test/entities/X51005745298.txt,approved,1,initial_models_weighted_vote,0.0000,v7_initial_real_forged_fake_pdfs,4.00,34,491,,false,1200,5
X51005746140,train,train/img/X51005746140.jpg,train/box/X51005746140.txt,train/entities/X51005746140.txt,approved,1,initial_models_weighted_vote,0.2236,v7_initial_real_forged_fake_pdfs,63.35,45,476,,false,1200,5
X51005746203,test,test/img/X51005746203.jpg,test/box/X51005746203.txt,test/entities/X51005746203.txt,rejected,0,initial_models_weighted_vote,1.0000,v7_initial_real_forged_fake_pdfs,408.45,92,1145,,false,1200,5
X51005746204,test,test/img/X51005746204.jpg,test/box/X51005746204.txt,test/entities/X51005746204.txt,rejected,0,initial_models_weighted_vote,1.0000,v7_initial_real_forged_fake_pdfs,308.70,50,521,,false,1200,5
X51005746206,test,test/img/X51005746206.jpg,test/box/X51005746206.txt,test/entities/X51005746206.txt,approved,1,initial_models_weighted_vote,0.0000,v7_initial_real_forged_fake_pdfs,105.00,52,614,,false,1200,5
X51005746207,test,test/img/X51005746207.jpg,test/box/X51005746207.txt,test/entities/X51005746207.txt,approved,1,initial_models_weighted_vote,0.0000,v7_initial_real_forged_fake_pdfs,18.30,73,1004,,false,1200,5
X51005746210,test,test/img/X51005746210.jpg,test/box/X51005746210.txt,test/entities/X51005746210.txt,rejected,0,initial_models_weighted_vote,1.0000,v7_initial_real_forged_fake_pdfs,145.10,70,948,,false,1200,5
X51005749895,train,train/img/X51005749895.jpg,train/box/X51005749895.txt,train/entities/X51005749895.txt,approved,1,initial_models_weighted_vote,0.2541,v7_initial_real_forged_fake_pdfs,71.90,63,752,,false,1200,5
X51005749904,test,test/img/X51005749904.jpg,test/box/X51005749904.txt,test/entities/X51005749904.txt,approved,1,initial_models_weighted_vote,0.0000,v7_initial_real_forged_fake_pdfs,4.00,37,472,,false,1200,5
X51005749905,train,train/img/X51005749905.jpg,train/box/X51005749905.txt,train/entities/X51005749905.txt,approved,1,initial_models_weighted_vote,0.0000,v7_initial_real_forged_fake_pdfs,34.00,50,752,,false,1200,5
X51005749912,train,train/img/X51005749912.jpg,train/box/X51005749912.txt,train/entities/X51005749912.txt,approved,1,initial_models_weighted_vote,0.0000,v7_initial_real_forged_fake_pdfs,38.80,47,615,,false,1200,5
X51005757199,train,train/img/X51005757199.jpg,train/box/X51005757199.txt,train/entities/X51005757199.txt,approved,1,initial_models_weighted_vote,0.0000,v7_initial_real_forged_fake_pdfs,4.00,40,590,,false,1200,5
X51005757201,train,train/img/X51005757201.jpg,train/box/X51005757201.txt,train/entities/X51005757201.txt,approved,1,initial_models_weighted_vote,0.4866,v7_initial_real_forged_fake_pdfs,88.95,81,1120,,false,1200,5
X51005757233,test,test/img/X51005757233.jpg,test/box/X51005757233.txt,test/entities/X51005757233.txt,approved,1,initial_models_weighted_vote,0.0000,v7_initial_real_forged_fake_pdfs,9.95,37,625,,false,1200,5
X51005757235,train,train/img/X51005757235.jpg,train/box/X51005757235.txt,train/entities/X51005757235.txt,approved,1,initial_models_weighted_vote,0.0000,v7_initial_real_forged_fake_pdfs,31.00,43,655,,false,1200,5
X51005757243,train,train/img/X51005757243.jpg,train/box/X51005757243.txt,train/entities/X51005757243.txt,approved,1,initial_models_weighted_vote,0.0000,v7_initial_real_forged_fake_pdfs,5.75,39,585,,false,1200,5
X51005757248,train,train/img/X51005757248.jpg,train/box/X51005757248.txt,train/entities/X51005757248.txt,approved,1,initial_models_weighted_vote,0.4951,v7_initial_real_forged_fake_pdfs,42.50,53,736,,false,1200,5
X51005757273,train,train/img/X51005757273.jpg,train/box/X51005757273.txt,train/entities/X51005757273.txt,approved,1,initial_models_weighted_vote,0.0000,v7_initial_real_forged_fake_pdfs,45.00,32,545,,false,1200,5
X51005757282,test,test/img/X51005757282.jpg,test/box/X51005757282.txt,test/entities/X51005757282.txt,approved,1,initial_models_weighted_vote,0.0000,v7_initial_real_forged_fake_pdfs,24.50,51,572,,false,1200,5
X51005757286,train,train/img/X51005757286.jpg,train/box/X51005757286.txt,train/entities/X51005757286.txt,approved,1,initial_models_weighted_vote,0.0000,v7_initial_real_forged_fake_pdfs,8.00,39,466,,false,1200,5
X51005757290,train,train/img/X51005757290.jpg,train/box/X51005757290.txt,train/entities/X51005757290.txt,approved,1,initial_models_weighted_vote,0.3034,v7_initial_real_forged_fake_pdfs,42.90,43,626,,false,1200,5
X51005757292,test,test/img/X51005757292.jpg,test/box/X51005757292.txt,test/entities/X51005757292.txt,approved,1,initial_models_weighted_vote,0.0000,v7_initial_real_forged_fake_pdfs,6.60,30,522,,false,1200,5
X51005757294,train,train/img/X51005757294.jpg,train/box/X51005757294.txt,train/entities/X51005757294.txt,approved,1,initial_models_weighted_vote,0.2073,v7_initial_real_forged_fake_pdfs,10.60,30,526,,false,1200,5
X51005757304,train,train/img/X51005757304.jpg,train/box/X51005757304.txt,train/entities/X51005757304.txt,approved,1,initial_models_weighted_vote,0.0000,v7_initial_real_forged_fake_pdfs,35.40,34,445,,false,1200,5
X51005757308,test,test/img/X51005757308.jpg,test/box/X51005757308.txt,test/entities/X51005757308.txt,rejected,0,initial_models_weighted_vote,1.0000,v7_initial_real_forged_fake_pdfs,21.50,59,816,,false,1200,5
X51005757323,train,train/img/X51005757323.jpg,train/box/X51005757323.txt,train/entities/X51005757323.txt,rejected,0,initial_models_weighted_vote,0.5330,v7_initial_real_forged_fake_pdfs,28.00,42,637,,false,1200,5
X51005757324,train,train/img/X51005757324.jpg,train/box/X51005757324.txt,train/entities/X51005757324.txt,approved,1,initial_models_weighted_vote,0.2236,v7_initial_real_forged_fake_pdfs,50.80,37,597,,false,1200,5
X51005757342,test,test/img/X51005757342.jpg,test/box/X51005757342.txt,test/entities/X51005757342.txt,rejected,0,initial_models_weighted_vote,1.0000,v7_initial_real_forged_fake_pdfs,6.20,41,608,,false,1200,5
X51005757346,train,train/img/X51005757346.jpg,train/box/X51005757346.txt,train/entities/X51005757346.txt,rejected,0,initial_models_weighted_vote,1.0000,v7_initial_real_forged_fake_pdfs,26.10,35,560,,false,1200,5
X51005757349,train,train/img/X51005757349.jpg,train/box/X51005757349.txt,train/entities/X51005757349.txt,rejected,0,initial_models_weighted_vote,0.7673,v7_initial_real_forged_fake_pdfs,21.00,41,517,,false,1200,5
X51005757351,train,train/img/X51005757351.jpg,train/box/X51005757351.txt,train/entities/X51005757351.txt,approved,1,initial_models_weighted_vote,0.3436,v7_initial_real_forged_fake_pdfs,14.90,36,582,,false,1200,5
X51005757353,train,train/img/X51005757353.jpg,train/box/X51005757353.txt,train/entities/X51005757353.txt,approved,1,initial_models_weighted_vote,0.1824,v7_initial_real_forged_fake_pdfs,12.30,42,637,,false,1200,5
X51005763940,train,train/img/X51005763940.jpg,train/box/X51005763940.txt,train/entities/X51005763940.txt,rejected,0,initial_models_weighted_vote,1.0000,v7_initial_real_forged_fake_pdfs,60.00,53,848,,false,1200,5
X51005763958,test,test/img/X51005763958.jpg,test/box/X51005763958.txt,test/entities/X51005763958.txt,approved,1,initial_models_weighted_vote,0.0000,v7_initial_real_forged_fake_pdfs,59.00,46,760,,false,1200,5
X51005763964,test,test/img/X51005763964.jpg,test/box/X51005763964.txt,test/entities/X51005763964.txt,approved,1,initial_models_weighted_vote,0.0000,v7_initial_real_forged_fake_pdfs,65.70,39,430,,false,1200,5
X51005763999,test,test/img/X51005763999.jpg,test/box/X51005763999.txt,test/entities/X51005763999.txt,rejected,0,initial_models_weighted_vote,1.0000,v7_initial_real_forged_fake_pdfs,674.00,63,873,,false,1200,5
X51005764031,test,test/img/X51005764031.jpg,test/box/X51005764031.txt,test/entities/X51005764031.txt,approved,1,initial_models_weighted_vote,0.0000,v7_initial_real_forged_fake_pdfs,42.10,60,892,,false,1200,5
X51005764154,test,test/img/X51005764154.jpg,test/box/X51005764154.txt,test/entities/X51005764154.txt,rejected,0,initial_models_weighted_vote,1.0000,v7_initial_real_forged_fake_pdfs,205.50,57,692,,false,1200,5
X51005764161,test,test/img/X51005764161.jpg,test/box/X51005764161.txt,test/entities/X51005764161.txt,approved,1,initial_models_weighted_vote,0.0000,v7_initial_real_forged_fake_pdfs,98.90,31,474,,false,1200,5
X51005806678,train,train/img/X51005806678.jpg,train/box/X51005806678.txt,train/entities/X51005806678.txt,rejected,0,initial_models_weighted_vote,1.0000,v7_initial_real_forged_fake_pdfs,7838.80,53,734,,false,1200,5
X51005806679,train,train/img/X51005806679.jpg,train/box/X51005806679.txt,train/entities/X51005806679.txt,rejected,0,initial_models_weighted_vote,0.6966,v7_initial_real_forged_fake_pdfs,374.20,119,988,,false,1200,5
X51005806685,train,train/img/X51005806685.jpg,train/box/X51005806685.txt,train/entities/X51005806685.txt,approved,1,initial_models_weighted_vote,0.3436,v7_initial_real_forged_fake_pdfs,29.00,55,572,,false,1200,5
X51005806692,test,test/img/X51005806692.jpg,test/box/X51005806692.txt,test/entities/X51005806692.txt,rejected,0,initial_models_weighted_vote,1.0000,v7_initial_real_forged_fake_pdfs,367.30,107,1003,,false,1200,5
X51005806695,test,test/img/X51005806695.jpg,test/box/X51005806695.txt,test/entities/X51005806695.txt,rejected,0,initial_models_weighted_vote,1.0000,v7_initial_real_forged_fake_pdfs,4.10,44,688,,false,1200,5
X51005806696,test,test/img/X51005806696.jpg,test/box/X51005806696.txt,test/entities/X51005806696.txt,approved,1,initial_models_weighted_vote,0.0000,v7_initial_real_forged_fake_pdfs,7.20,42,462,,false,1200,5
X51005806698,train,train/img/X51005806698.jpg,train/box/X51005806698.txt,train/entities/X51005806698.txt,approved,1,initial_models_weighted_vote,0.3058,v7_initial_real_forged_fake_pdfs,10.45,60,606,,false,1200,5
X51005806702,train,train/img/X51005806702.jpg,train/box/X51005806702.txt,train/entities/X51005806702.txt,approved,1,initial_models_weighted_vote,0.4791,v7_initial_real_forged_fake_pdfs,13.50,46,489,,false,1200,5
X51005806703,train,train/img/X51005806703.jpg,train/box/X51005806703.txt,train/entities/X51005806703.txt,approved,1,initial_models_weighted_vote,0.2623,v7_initial_real_forged_fake_pdfs,109.70,67,719,,false,1200,5
X51005806716,train,train/img/X51005806716.jpg,train/box/X51005806716.txt,train/entities/X51005806716.txt,approved,1,initial_models_weighted_vote,0.0000,v7_initial_real_forged_fake_pdfs,7.00,61,616,,false,1200,5
X51005806718,test,test/img/X51005806718.jpg,test/box/X51005806718.txt,test/entities/X51005806718.txt,rejected,0,initial_models_weighted_vote,1.0000,v7_initial_real_forged_fake_pdfs,40.80,57,609,,false,1200,5
X51005806719,test,test/img/X51005806719.jpg,test/box/X51005806719.txt,test/entities/X51005806719.txt,approved,1,initial_models_weighted_vote,0.0000,v7_initial_real_forged_fake_pdfs,63.00,65,675,,false,1200,5
X51005806720,test,test/img/X51005806720.jpg,test/box/X51005806720.txt,test/entities/X51005806720.txt,approved,1,initial_models_weighted_vote,0.0000,v7_initial_real_forged_fake_pdfs,20.00,62,676,,false,1200,5
X51005889296,train,train/img/X51005889296.jpg,train/box/X51005889296.txt,train/entities/X51005889296.txt,approved,1,initial_models_weighted_vote,0.0000,v7_initial_real_forged_fake_pdfs,22.00,41,477,,false,1200,5
X51006008057,train,train/img/X51006008057.jpg,train/box/X51006008057.txt,train/entities/X51006008057.txt,rejected,0,initial_models_weighted_vote,1.0000,v7_initial_real_forged_fake_pdfs,329.10,82,842,,false,1200,5
X51006008073,train,train/img/X51006008073.jpg,train/box/X51006008073.txt,train/entities/X51006008073.txt,rejected,0,initial_models_weighted_vote,1.0000,v7_initial_real_forged_fake_pdfs,100.00,63,634,,false,1200,5
X51006008074,train,train/img/X51006008074.jpg,train/box/X51006008074.txt,train/entities/X51006008074.txt,approved,1,initial_models_weighted_vote,0.0000,v7_initial_real_forged_fake_pdfs,4.25,64,642,,false,1200,5
X51006008081,test,test/img/X51006008081.jpg,test/box/X51006008081.txt,test/entities/X51006008081.txt,rejected,0,initial_models_weighted_vote,1.0000,v7_initial_real_forged_fake_pdfs,226.60,63,674,,false,1200,5
X51006008082,test,test/img/X51006008082.jpg,test/box/X51006008082.txt,test/entities/X51006008082.txt,rejected,0,initial_models_weighted_vote,1.0000,v7_initial_real_forged_fake_pdfs,204.20,99,965,,false,1200,5
X51006008083,test,test/img/X51006008083.jpg,test/box/X51006008083.txt,test/entities/X51006008083.txt,rejected,0,initial_models_weighted_vote,1.0000,v7_initial_real_forged_fake_pdfs,119.55,69,757,,false,1200,5
X51006008086,train,train/img/X51006008086.jpg,train/box/X51006008086.txt,train/entities/X51006008086.txt,approved,1,initial_models_weighted_vote,0.0000,v7_initial_real_forged_fake_pdfs,30.10,49,696,,false,1200,5
X51006008089,train,train/img/X51006008089.jpg,train/box/X51006008089.txt,train/entities/X51006008089.txt,rejected,0,initial_models_weighted_vote,0.6525,v7_initial_real_forged_fake_pdfs,41.00,62,854,,false,1200,5
X51006008090,test,test/img/X51006008090.jpg,test/box/X51006008090.txt,test/entities/X51006008090.txt,rejected,0,initial_models_weighted_vote,1.0000,v7_initial_real_forged_fake_pdfs,30.50,65,911,,false,1200,5
X51006008091,train,train/img/X51006008091.jpg,train/box/X51006008091.txt,train/entities/X51006008091.txt,approved,1,initial_models_weighted_vote,0.0000,v7_initial_real_forged_fake_pdfs,9.90,43,660,,false,1200,5
X51006008092,test,test/img/X51006008092.jpg,test/box/X51006008092.txt,test/entities/X51006008092.txt,approved,1,initial_models_weighted_vote,0.0000,v7_initial_real_forged_fake_pdfs,30.70,53,782,,false,1200,5
X51006008093,test,test/img/X51006008093.jpg,test/box/X51006008093.txt,test/entities/X51006008093.txt,approved,1,initial_models_weighted_vote,0.0000,v7_initial_real_forged_fake_pdfs,12.15,41,642,,false,1200,5
X51006008095,train,train/img/X51006008095.jpg,train/box/X51006008095.txt,train/entities/X51006008095.txt,approved,1,initial_models_weighted_vote,0.0000,v7_initial_real_forged_fake_pdfs,31.80,43,505,,false,1200,5
X51006008105,test,test/img/X51006008105.jpg,test/box/X51006008105.txt,test/entities/X51006008105.txt,approved,1,initial_models_weighted_vote,0.0000,v7_initial_real_forged_fake_pdfs,65.10,45,679,,false,1200,5
X51006008166,test,test/img/X51006008166.jpg,test/box/X51006008166.txt,test/entities/X51006008166.txt,rejected,0,initial_models_weighted_vote,1.0000,v7_initial_real_forged_fake_pdfs,750.00,49,538,,false,1200,5
X51006008197,train,train/img/X51006008197.jpg,train/box/X51006008197.txt,train/entities/X51006008197.txt,approved,1,initial_models_weighted_vote,0.3668,v7_initial_real_forged_fake_pdfs,56.00,27,371,,false,1200,5
X51006008206,test,test/img/X51006008206.jpg,test/box/X51006008206.txt,test/entities/X51006008206.txt,approved,1,initial_models_weighted_vote,0.0000,v7_initial_real_forged_fake_pdfs,63.90,34,527,,false,1200,5
X51006248253,test,test/img/X51006248253.jpg,test/box/X51006248253.txt,test/entities/X51006248253.txt,approved,1,initial_models_weighted_vote,0.0000,v7_initial_real_forged_fake_pdfs,15.00,45,553,,false,1200,5
X51006311714,test,test/img/X51006311714.jpg,test/box/X51006311714.txt,test/entities/X51006311714.txt,approved,1,initial_models_weighted_vote,0.0000,v7_initial_real_forged_fake_pdfs,22.45,44,758,,false,1200,5
X51006311758,train,train/img/X51006311758.jpg,train/box/X51006311758.txt,train/entities/X51006311758.txt,approved,1,initial_models_weighted_vote,0.3058,v7_initial_real_forged_fake_pdfs,100.60,67,796,,false,1200,5
X51006311764,train,train/img/X51006311764.jpg,train/box/X51006311764.txt,train/entities/X51006311764.txt,approved,1,initial_models_weighted_vote,0.0000,v7_initial_real_forged_fake_pdfs,39.90,48,596,,false,1200,5
X51006311767,train,train/img/X51006311767.jpg,train/box/X51006311767.txt,train/entities/X51006311767.txt,approved,1,initial_models_weighted_vote,0.0000,v7_initial_real_forged_fake_pdfs,48.95,62,724,,false,1200,5
X51006311778,train,train/img/X51006311778.jpg,train/box/X51006311778.txt,train/entities/X51006311778.txt,approved,1,initial_models_weighted_vote,0.2327,v7_initial_real_forged_fake_pdfs,7.40,48,663,,false,1200,5
X51006311779,train,train/img/X51006311779.jpg,train/box/X51006311779.txt,train/entities/X51006311779.txt,rejected,0,initial_models_weighted_vote,0.7927,v7_initial_real_forged_fake_pdfs,8.50,53,706,,false,1200,5
X51006311780,train,train/img/X51006311780.jpg,train/box/X51006311780.txt,train/entities/X51006311780.txt,approved,1,initial_models_weighted_vote,0.0000,v7_initial_real_forged_fake_pdfs,119.70,70,927,,false,1200,5
X51006327953,test,test/img/X51006327953.jpg,test/box/X51006327953.txt,test/entities/X51006327953.txt,approved,1,initial_models_weighted_vote,0.0000,v7_initial_real_forged_fake_pdfs,68.90,40,501,,false,1200,5
X51006327960,test,test/img/X51006327960.jpg,test/box/X51006327960.txt,test/entities/X51006327960.txt,approved,1,initial_models_weighted_vote,0.0000,v7_initial_real_forged_fake_pdfs,9.90,39,553,,false,1200,5
X51006327976,train,train/img/X51006327976.jpg,train/box/X51006327976.txt,train/entities/X51006327976.txt,approved,1,initial_models_weighted_vote,0.0000,v7_initial_real_forged_fake_pdfs,25.45,61,1211,,false,1200,5
X51006327978,train,train/img/X51006327978.jpg,train/box/X51006327978.txt,train/entities/X51006327978.txt,rejected,0,initial_models_weighted_vote,1.0000,v7_initial_real_forged_fake_pdfs,362.50,65,668,,false,1200,5
X51006328345,test,test/img/X51006328345.jpg,test/box/X51006328345.txt,test/entities/X51006328345.txt,approved,1,initial_models_weighted_vote,0.0000,v7_initial_real_forged_fake_pdfs,7.20,40,539,,false,1200,5
X51006328913,train,train/img/X51006328913.jpg,train/box/X51006328913.txt,train/entities/X51006328913.txt,rejected,0,initial_models_weighted_vote,0.6966,v7_initial_real_forged_fake_pdfs,165.00,43,477,,false,1200,5
X51006328919,train,train/img/X51006328919.jpg,train/box/X51006328919.txt,train/entities/X51006328919.txt,approved,1,initial_models_weighted_vote,0.2541,v7_initial_real_forged_fake_pdfs,7.40,31,454,,false,1200,5
X51006328920,train,train/img/X51006328920.jpg,train/box/X51006328920.txt,train/entities/X51006328920.txt,approved,1,initial_models_weighted_vote,0.0000,v7_initial_real_forged_fake_pdfs,14.85,32,451,,false,1200,5
X51006328937,test,test/img/X51006328937.jpg,test/box/X51006328937.txt,test/entities/X51006328937.txt,rejected,0,initial_models_weighted_vote,1.0000,v7_initial_real_forged_fake_pdfs,12.15,59,621,,false,1200,5
X51006328967,test,test/img/X51006328967.jpg,test/box/X51006328967.txt,test/entities/X51006328967.txt,approved,1,initial_models_weighted_vote,0.0000,v7_initial_real_forged_fake_pdfs,62.00,49,644,,false,1200,5
X51006329183,test,test/img/X51006329183.jpg,test/box/X51006329183.txt,test/entities/X51006329183.txt,approved,1,initial_models_weighted_vote,0.0000,v7_initial_real_forged_fake_pdfs,27.00,71,764,,false,1200,5
X51006329388,test,test/img/X51006329388.jpg,test/box/X51006329388.txt,test/entities/X51006329388.txt,rejected,0,initial_models_weighted_vote,1.0000,v7_initial_real_forged_fake_pdfs,165.00,43,478,,false,1200,5
X51006329395,train,train/img/X51006329395.jpg,train/box/X51006329395.txt,train/entities/X51006329395.txt,rejected,0,initial_models_weighted_vote,1.0000,v7_initial_real_forged_fake_pdfs,7.40,31,454,,false,1200,5
X51006329399,train,train/img/X51006329399.jpg,train/box/X51006329399.txt,train/entities/X51006329399.txt,approved,1,initial_models_weighted_vote,0.0000,v7_initial_real_forged_fake_pdfs,12.15,64,622,,false,1200,5
X51006329402,train,train/img/X51006329402.jpg,train/box/X51006329402.txt,train/entities/X51006329402.txt,approved,1,initial_models_weighted_vote,0.0000,v7_initial_real_forged_fake_pdfs,50.45,36,554,,false,1200,5
X51006332575,train,train/img/X51006332575.jpg,train/box/X51006332575.txt,train/entities/X51006332575.txt,approved,1,initial_models_weighted_vote,0.2256,v7_initial_real_forged_fake_pdfs,62.00,50,643,,false,1200,5
X51006332641,test,test/img/X51006332641.jpg,test/box/X51006332641.txt,test/entities/X51006332641.txt,approved,1,initial_models_weighted_vote,0.0000,v7_initial_real_forged_fake_pdfs,19.10,39,413,,false,1200,5
X51006332649,train,train/img/X51006332649.jpg,train/box/X51006332649.txt,train/entities/X51006332649.txt,rejected,0,initial_models_weighted_vote,1.0000,v7_initial_real_forged_fake_pdfs,217.00,58,615,,false,1200,5
X51006334139,test,test/img/X51006334139.jpg,test/box/X51006334139.txt,test/entities/X51006334139.txt,rejected,0,initial_models_weighted_vote,1.0000,v7_initial_real_forged_fake_pdfs,90.00,35,452,,false,1200,5
X51006334699,train,train/img/X51006334699.jpg,train/box/X51006334699.txt,train/entities/X51006334699.txt,rejected,0,initial_models_weighted_vote,1.0000,v7_initial_real_forged_fake_pdfs,12.60,46,787,,false,1200,5
X51006334741,train,train/img/X51006334741.jpg,train/box/X51006334741.txt,train/entities/X51006334741.txt,rejected,0,initial_models_weighted_vote,0.6966,v7_initial_real_forged_fake_pdfs,20.05,46,748,,false,1200,5
X51006334742,test,test/img/X51006334742.jpg,test/box/X51006334742.txt,test/entities/X51006334742.txt,rejected,0,initial_models_weighted_vote,1.0000,v7_initial_real_forged_fake_pdfs,167.55,62,570,,false,1200,5
X51006334766,test,test/img/X51006334766.jpg,test/box/X51006334766.txt,test/entities/X51006334766.txt,rejected,0,initial_models_weighted_vote,1.0000,v7_initial_real_forged_fake_pdfs,59.35,56,584,,false,1200,5
X51006334770,test,test/img/X51006334770.jpg,test/box/X51006334770.txt,test/entities/X51006334770.txt,rejected,0,initial_models_weighted_vote,1.0000,v7_initial_real_forged_fake_pdfs,1.40,45,686,,false,1200,5
X51006334819,test,test/img/X51006334819.jpg,test/box/X51006334819.txt,test/entities/X51006334819.txt,rejected,0,initial_models_weighted_vote,1.0000,v7_initial_real_forged_fake_pdfs,203.00,48,531,,false,1200,5
X51006334926,train,train/img/X51006334926.jpg,train/box/X51006334926.txt,train/entities/X51006334926.txt,approved,1,initial_models_weighted_vote,0.3058,v7_initial_real_forged_fake_pdfs,29.30,40,637,,false,1200,5
X51006334927,test,test/img/X51006334927.jpg,test/box/X51006334927.txt,test/entities/X51006334927.txt,approved,1,initial_models_weighted_vote,0.0000,v7_initial_real_forged_fake_pdfs,6.40,36,395,,false,1200,5
X51006335314,train,train/img/X51006335314.jpg,train/box/X51006335314.txt,train/entities/X51006335314.txt,rejected,0,initial_models_weighted_vote,1.0000,v7_initial_real_forged_fake_pdfs,67.85,52,557,,false,1200,5
X51006335547,train,train/img/X51006335547.jpg,train/box/X51006335547.txt,train/entities/X51006335547.txt,rejected,0,initial_models_weighted_vote,0.6495,v7_initial_real_forged_fake_pdfs,7.50,38,553,,false,1200,5
X51006335552,train,train/img/X51006335552.jpg,train/box/X51006335552.txt,train/entities/X51006335552.txt,rejected,0,initial_models_weighted_vote,1.0000,v7_initial_real_forged_fake_pdfs,758.70,103,1098,,false,1200,5
X51006335818,test,test/img/X51006335818.jpg,test/box/X51006335818.txt,test/entities/X51006335818.txt,rejected,0,initial_models_weighted_vote,1.0000,v7_initial_real_forged_fake_pdfs,27.00,47,710,,false,1200,5
X51006349081,test,test/img/X51006349081.jpg,test/box/X51006349081.txt,test/entities/X51006349081.txt,rejected,0,initial_models_weighted_vote,1.0000,v7_initial_real_forged_fake_pdfs,84.80,52,632,,false,1200,5
X51006349083,test,test/img/X51006349083.jpg,test/box/X51006349083.txt,test/entities/X51006349083.txt,approved,1,initial_models_weighted_vote,0.0000,v7_initial_real_forged_fake_pdfs,46.25,56,603,,false,1200,5
X51006349085,test,test/img/X51006349085.jpg,test/box/X51006349085.txt,test/entities/X51006349085.txt,approved,1,initial_models_weighted_vote,0.0000,v7_initial_real_forged_fake_pdfs,23.00,62,678,,false,1200,5
X51006349086,train,train/img/X51006349086.jpg,train/box/X51006349086.txt,train/entities/X51006349086.txt,approved,1,initial_models_weighted_vote,0.2236,v7_initial_real_forged_fake_pdfs,7.00,39,462,,false,1200,5
X51006350737,test,test/img/X51006350737.jpg,test/box/X51006350737.txt,test/entities/X51006350737.txt,approved,1,initial_models_weighted_vote,0.0000,v7_initial_real_forged_fake_pdfs,14.65,52,628,,false,1200,5
X51006350750,train,train/img/X51006350750.jpg,train/box/X51006350750.txt,train/entities/X51006350750.txt,approved,1,initial_models_weighted_vote,0.0000,v7_initial_real_forged_fake_pdfs,130.00,44,495,,false,1200,5
X51006350763,train,train/img/X51006350763.jpg,train/box/X51006350763.txt,train/entities/X51006350763.txt,approved,1,initial_models_weighted_vote,0.4632,v7_initial_real_forged_fake_pdfs,104.00,44,491,,false,1200,5
X51006387660,test,test/img/X51006387660.jpg,test/box/X51006387660.txt,test/entities/X51006387660.txt,approved,1,initial_models_weighted_vote,0.0000,v7_initial_real_forged_fake_pdfs,4.30,46,595,,false,1200,5
X51006387737,test,test/img/X51006387737.jpg,test/box/X51006387737.txt,test/entities/X51006387737.txt,rejected,0,initial_models_weighted_vote,1.0000,v7_initial_real_forged_fake_pdfs,165.00,44,475,,false,1200,5
X51006387740,train,train/img/X51006387740.jpg,train/box/X51006387740.txt,train/entities/X51006387740.txt,rejected,0,initial_models_weighted_vote,0.6525,v7_initial_real_forged_fake_pdfs,15.40,58,660,,false,1200,5
X51006387812,train,train/img/X51006387812.jpg,train/box/X51006387812.txt,train/entities/X51006387812.txt,approved,1,initial_models_weighted_vote,0.0000,v7_initial_real_forged_fake_pdfs,12.37,73,771,,false,1200,5
X51006387813,train,train/img/X51006387813.jpg,train/box/X51006387813.txt,train/entities/X51006387813.txt,rejected,0,initial_models_weighted_vote,1.0000,v7_initial_real_forged_fake_pdfs,113.80,73,864,,false,1200,5
X51006387847,train,train/img/X51006387847.jpg,train/box/X51006387847.txt,train/entities/X51006387847.txt,rejected,0,initial_models_weighted_vote,0.6966,v7_initial_real_forged_fake_pdfs,635.00,57,605,,false,1200,5
X51006387850,train,train/img/X51006387850.jpg,train/box/X51006387850.txt,train/entities/X51006387850.txt,approved,1,initial_models_weighted_vote,0.2256,v7_initial_real_forged_fake_pdfs,94.00,50,528,,false,1200,5
X51006387931,test,test/img/X51006387931.jpg,test/box/X51006387931.txt,test/entities/X51006387931.txt,approved,1,initial_models_weighted_vote,0.0000,v7_initial_real_forged_fake_pdfs,3.00,35,447,,false,1200,5
X51006387932,train,train/img/X51006387932.jpg,train/box/X51006387932.txt,train/entities/X51006387932.txt,approved,1,initial_models_weighted_vote,0.0000,v7_initial_real_forged_fake_pdfs,12.00,45,580,,false,1200,5
X51006387950,test,test/img/X51006387950.jpg,test/box/X51006387950.txt,test/entities/X51006387950.txt,approved,1,initial_models_weighted_vote,0.0000,v7_initial_real_forged_fake_pdfs,1.00,34,440,,false,1200,5
X51006387951,train,train/img/X51006387951.jpg,train/box/X51006387951.txt,train/entities/X51006387951.txt,rejected,0,initial_models_weighted_vote,0.6942,v7_initial_real_forged_fake_pdfs,3.00,34,440,,false,1200,5
X51006387953,train,train/img/X51006387953.jpg,train/box/X51006387953.txt,train/entities/X51006387953.txt,approved,1,initial_models_weighted_vote,0.2236,v7_initial_real_forged_fake_pdfs,1.00,35,442,,false,1200,5
X51006387971,train,train/img/X51006387971.jpg,train/box/X51006387971.txt,train/entities/X51006387971.txt,approved,1,initial_models_weighted_vote,0.0000,v7_initial_real_forged_fake_pdfs,42.35,39,616,,false,1200,5
X51006387973,test,test/img/X51006387973.jpg,test/box/X51006387973.txt,test/entities/X51006387973.txt,rejected,0,initial_models_weighted_vote,1.0000,v7_initial_real_forged_fake_pdfs,47.15,57,929,,false,1200,5
X51006388044,train,train/img/X51006388044.jpg,train/box/X51006388044.txt,train/entities/X51006388044.txt,approved,1,initial_models_weighted_vote,0.0000,v7_initial_real_forged_fake_pdfs,22.60,36,384,,false,1200,5
X51006388064,train,train/img/X51006388064.jpg,train/box/X51006388064.txt,train/entities/X51006388064.txt,rejected,0,initial_models_weighted_vote,0.7370,v7_initial_real_forged_fake_pdfs,191.20,59,594,,false,1200,5
X51006388065,train,train/img/X51006388065.jpg,train/box/X51006388065.txt,train/entities/X51006388065.txt,approved,1,initial_models_weighted_vote,0.2348,v7_initial_real_forged_fake_pdfs,20.80,27,384,,false,1200,5
X51006388066,train,train/img/X51006388066.jpg,train/box/X51006388066.txt,train/entities/X51006388066.txt,approved,1,initial_models_weighted_vote,0.3668,v7_initial_real_forged_fake_pdfs,41.50,52,671,,false,1200,5
X51006388068,test,test/img/X51006388068.jpg,test/box/X51006388068.txt,test/entities/X51006388068.txt,approved,1,initial_models_weighted_vote,0.0000,v7_initial_real_forged_fake_pdfs,83.55,59,800,,false,1200,5
X51006388069,train,train/img/X51006388069.jpg,train/box/X51006388069.txt,train/entities/X51006388069.txt,rejected,0,initial_models_weighted_vote,1.0000,v7_initial_real_forged_fake_pdfs,118.35,58,787,,false,1200,5
X51006388081,test,test/img/X51006388081.jpg,test/box/X51006388081.txt,test/entities/X51006388081.txt,approved,1,initial_models_weighted_vote,0.0000,v7_initial_real_forged_fake_pdfs,27.50,63,683,,false,1200,5
X51006388082,train,train/img/X51006388082.jpg,train/box/X51006388082.txt,train/entities/X51006388082.txt,approved,1,initial_models_weighted_vote,0.2322,v7_initial_real_forged_fake_pdfs,4.70,46,531,,false,1200,5
X51006388089,test,test/img/X51006388089.jpg,test/box/X51006388089.txt,test/entities/X51006388089.txt,approved,1,initial_models_weighted_vote,0.0000,v7_initial_real_forged_fake_pdfs,108.00,44,495,,false,1200,5
X51006389865,train,train/img/X51006389865.jpg,train/box/X51006389865.txt,train/entities/X51006389865.txt,approved,1,initial_models_weighted_vote,0.3514,v7_initial_real_forged_fake_pdfs,62.80,46,523,,false,1200,5
X51006389884,train,train/img/X51006389884.jpg,train/box/X51006389884.txt,train/entities/X51006389884.txt,rejected,0,initial_models_weighted_vote,1.0000,v7_initial_real_forged_fake_pdfs,182.00,49,757,,false,1200,5
X51006389888,train,train/img/X51006389888.jpg,train/box/X51006389888.txt,train/entities/X51006389888.txt,approved,1,initial_models_weighted_vote,0.0000,v7_initial_real_forged_fake_pdfs,52.10,50,804,,false,1200,5
X51006389893,train,train/img/X51006389893.jpg,train/box/X51006389893.txt,train/entities/X51006389893.txt,rejected,0,initial_models_weighted_vote,1.0000,v7_initial_real_forged_fake_pdfs,250.00,42,597,,false,1200,5
X51006389894,test,test/img/X51006389894.jpg,test/box/X51006389894.txt,test/entities/X51006389894.txt,approved,1,initial_models_weighted_vote,0.0000,v7_initial_real_forged_fake_pdfs,70.00,44,541,,false,1200,5
X51006389898,test,test/img/X51006389898.jpg,test/box/X51006389898.txt,test/entities/X51006389898.txt,rejected,0,initial_models_weighted_vote,1.0000,v7_initial_real_forged_fake_pdfs,164.40,43,503,,false,1200,5
X51006389963,train,train/img/X51006389963.jpg,train/box/X51006389963.txt,train/entities/X51006389963.txt,rejected,0,initial_models_weighted_vote,1.0000,v7_initial_real_forged_fake_pdfs,250.00,100,1197,,false,1200,5
X51006392122,train,train/img/X51006392122.jpg,train/box/X51006392122.txt,train/entities/X51006392122.txt,approved,1,initial_models_weighted_vote,0.0000,v7_initial_real_forged_fake_pdfs,45.00,41,562,,false,1200,5
X51006392167,test,test/img/X51006392167.jpg,test/box/X51006392167.txt,test/entities/X51006392167.txt,approved,1,initial_models_weighted_vote,0.0000,v7_initial_real_forged_fake_pdfs,23.80,50,679,,false,1200,5
X51006392273,train,train/img/X51006392273.jpg,train/box/X51006392273.txt,train/entities/X51006392273.txt,approved,1,initial_models_weighted_vote,0.0000,v7_initial_real_forged_fake_pdfs,18.00,47,537,,false,1200,5
X51006392299,train,train/img/X51006392299.jpg,train/box/X51006392299.txt,train/entities/X51006392299.txt,rejected,0,initial_models_weighted_vote,1.0000,v7_initial_real_forged_fake_pdfs,165.00,43,473,,false,1200,5
X51006392313,train,train/img/X51006392313.jpg,train/box/X51006392313.txt,train/entities/X51006392313.txt,approved,1,initial_models_weighted_vote,0.0000,v7_initial_real_forged_fake_pdfs,28.05,62,860,,false,1200,5
X51006393376,train,train/img/X51006393376.jpg,train/box/X51006393376.txt,train/entities/X51006393376.txt,approved,1,initial_models_weighted_vote,0.3274,v7_initial_real_forged_fake_pdfs,11.50,29,465,,false,1200,5
X51006393377,train,train/img/X51006393377.jpg,train/box/X51006393377.txt,train/entities/X51006393377.txt,approved,1,initial_models_weighted_vote,0.0000,v7_initial_real_forged_fake_pdfs,72.75,55,859,,false,1200,5
X51006401723,train,train/img/X51006401723.jpg,train/box/X51006401723.txt,train/entities/X51006401723.txt,rejected,0,initial_models_weighted_vote,1.0000,v7_initial_real_forged_fake_pdfs,72.00,48,700,,false,1200,5
X51006401836,train,train/img/X51006401836.jpg,train/box/X51006401836.txt,train/entities/X51006401836.txt,approved,1,initial_models_weighted_vote,0.3034,v7_initial_real_forged_fake_pdfs,19.80,36,467,,false,1200,5
X51006401845,test,test/img/X51006401845.jpg,test/box/X51006401845.txt,test/entities/X51006401845.txt,approved,1,initial_models_weighted_vote,0.0000,v7_initial_real_forged_fake_pdfs,26.90,36,471,,false,1200,5
X51006401853,test,test/img/X51006401853.jpg,test/box/X51006401853.txt,test/entities/X51006401853.txt,approved,1,initial_models_weighted_vote,0.0000,v7_initial_real_forged_fake_pdfs,37.45,32,496,,false,1200,5
X51006401869,train,train/img/X51006401869.jpg,train/box/X51006401869.txt,train/entities/X51006401869.txt,approved,1,initial_models_weighted_vote,0.0000,v7_initial_real_forged_fake_pdfs,19.20,40,541,,false,1200,5
X51006401977,test,test/img/X51006401977.jpg,test/box/X51006401977.txt,test/entities/X51006401977.txt,approved,1,initial_models_weighted_vote,0.0000,v7_initial_real_forged_fake_pdfs,14.85,32,470,,false,1200,5
X51006401978,train,train/img/X51006401978.jpg,train/box/X51006401978.txt,train/entities/X51006401978.txt,rejected,0,initial_models_weighted_vote,0.6474,v7_initial_real_forged_fake_pdfs,22.25,32,471,,false,1200,5
X51006414392,train,train/img/X51006414392.jpg,train/box/X51006414392.txt,train/entities/X51006414392.txt,approved,1,initial_models_weighted_vote,0.3022,v7_initial_real_forged_fake_pdfs,35.00,49,641,,false,1200,5
X51006414394,train,train/img/X51006414394.jpg,train/box/X51006414394.txt,train/entities/X51006414394.txt,rejected,0,initial_models_weighted_vote,0.6612,v7_initial_real_forged_fake_pdfs,275.90,76,754,,false,1200,5
X51006414425,test,test/img/X51006414425.jpg,test/box/X51006414425.txt,test/entities/X51006414425.txt,rejected,0,initial_models_weighted_vote,1.0000,v7_initial_real_forged_fake_pdfs,6.90,47,651,,false,1200,5
X51006414427,test,test/img/X51006414427.jpg,test/box/X51006414427.txt,test/entities/X51006414427.txt,rejected,0,initial_models_weighted_vote,1.0000,v7_initial_real_forged_fake_pdfs,7.60,39,583,,false,1200,5
X51006414429,train,train/img/X51006414429.jpg,train/box/X51006414429.txt,train/entities/X51006414429.txt,rejected,0,initial_models_weighted_vote,1.0000,v7_initial_real_forged_fake_pdfs,8.20,39,579,,false,1200,5
X51006414431,train,train/img/X51006414431.jpg,train/box/X51006414431.txt,train/entities/X51006414431.txt,rejected,0,initial_models_weighted_vote,0.6726,v7_initial_real_forged_fake_pdfs,7.10,35,538,,false,1200,5
X51006414433,test,test/img/X51006414433.jpg,test/box/X51006414433.txt,test/entities/X51006414433.txt,rejected,0,initial_models_weighted_vote,1.0000,v7_initial_real_forged_fake_pdfs,7.60,39,583,,false,1200,5
X51006414470,train,train/img/X51006414470.jpg,train/box/X51006414470.txt,train/entities/X51006414470.txt,rejected,0,initial_models_weighted_vote,0.6942,v7_initial_real_forged_fake_pdfs,8.20,39,565,,false,1200,5
X51006414483,train,train/img/X51006414483.jpg,train/box/X51006414483.txt,train/entities/X51006414483.txt,rejected,0,initial_models_weighted_vote,1.0000,v7_initial_real_forged_fake_pdfs,7.60,39,582,,false,1200,5
X51006414485,train,train/img/X51006414485.jpg,train/box/X51006414485.txt,train/entities/X51006414485.txt,rejected,0,initial_models_weighted_vote,1.0000,v7_initial_real_forged_fake_pdfs,8.20,39,580,,false,1200,5
X51006414512,test,test/img/X51006414512.jpg,test/box/X51006414512.txt,test/entities/X51006414512.txt,approved,1,initial_models_weighted_vote,0.0000,v7_initial_real_forged_fake_pdfs,50.00,26,395,,false,1200,5
X51006414519,train,train/img/X51006414519.jpg,train/box/X51006414519.txt,train/entities/X51006414519.txt,rejected,0,initial_models_weighted_vote,0.6495,v7_initial_real_forged_fake_pdfs,50.00,62,630,,false,1200,5
X51006414532,test,test/img/X51006414532.jpg,test/box/X51006414532.txt,test/entities/X51006414532.txt,approved,1,initial_models_weighted_vote,0.0000,v7_initial_real_forged_fake_pdfs,98.00,68,731,,false,1200,5
X51006414533,train,train/img/X51006414533.jpg,train/box/X51006414533.txt,train/entities/X51006414533.txt,approved,1,initial_models_weighted_vote,0.0000,v7_initial_real_forged_fake_pdfs,50.00,26,395,,false,1200,5
X51006414593,test,test/img/X51006414593.jpg,test/box/X51006414593.txt,test/entities/X51006414593.txt,rejected,0,initial_models_weighted_vote,1.0000,v7_initial_real_forged_fake_pdfs,8.90,43,625,,false,1200,5
X51006414599,train,train/img/X51006414599.jpg,train/box/X51006414599.txt,train/entities/X51006414599.txt,approved,1,initial_models_weighted_vote,0.3388,v7_initial_real_forged_fake_pdfs,12.30,56,947,,false,1200,5
X51006414600,test,test/img/X51006414600.jpg,test/box/X51006414600.txt,test/entities/X51006414600.txt,rejected,0,initial_models_weighted_vote,1.0000,v7_initial_real_forged_fake_pdfs,50.90,53,798,,false,1200,5
X51006414631,train,train/img/X51006414631.jpg,train/box/X51006414631.txt,train/entities/X51006414631.txt,rejected,0,initial_models_weighted_vote,0.6612,v7_initial_real_forged_fake_pdfs,7.00,47,654,,false,1200,5
X51006414633,train,train/img/X51006414633.jpg,train/box/X51006414633.txt,train/entities/X51006414633.txt,rejected,0,initial_models_weighted_vote,1.0000,v7_initial_real_forged_fake_pdfs,8.20,39,579,,false,1200,5
X51006414636,train,train/img/X51006414636.jpg,train/box/X51006414636.txt,train/entities/X51006414636.txt,rejected,0,initial_models_weighted_vote,1.0000,v7_initial_real_forged_fake_pdfs,270.00,44,513,,false,1200,5
X51006414638,train,train/img/X51006414638.jpg,train/box/X51006414638.txt,train/entities/X51006414638.txt,rejected,0,initial_models_weighted_vote,0.6966,v7_initial_real_forged_fake_pdfs,44.90,70,693,,false,1200,5
X51006414671,train,train/img/X51006414671.jpg,train/box/X51006414671.txt,train/entities/X51006414671.txt,rejected,0,initial_models_weighted_vote,1.0000,v7_initial_real_forged_fake_pdfs,9.90,47,659,,false,1200,5
X51006414674,train,train/img/X51006414674.jpg,train/box/X51006414674.txt,train/entities/X51006414674.txt,approved,1,initial_models_weighted_vote,0.0000,v7_initial_real_forged_fake_pdfs,25.60,73,963,,false,1200,5
X51006414675,train,train/img/X51006414675.jpg,train/box/X51006414675.txt,train/entities/X51006414675.txt,rejected,0,initial_models_weighted_vote,1.0000,v7_initial_real_forged_fake_pdfs,21.60,77,977,,false,1200,5
X51006414677,train,train/img/X51006414677.jpg,train/box/X51006414677.txt,train/entities/X51006414677.txt,approved,1,initial_models_weighted_vote,0.0000,v7_initial_real_forged_fake_pdfs,12.00,47,633,,false,1200,5
X51006414679,train,train/img/X51006414679.jpg,train/box/X51006414679.txt,train/entities/X51006414679.txt,approved,1,initial_models_weighted_vote,0.0000,v7_initial_real_forged_fake_pdfs,21.80,37,460,,false,1200,5
X51006414680,train,train/img/X51006414680.jpg,train/box/X51006414680.txt,train/entities/X51006414680.txt,rejected,0,initial_models_weighted_vote,1.0000,v7_initial_real_forged_fake_pdfs,1.75,42,629,,false,1200,5
X51006414700,train,train/img/X51006414700.jpg,train/box/X51006414700.txt,train/entities/X51006414700.txt,approved,1,initial_models_weighted_vote,0.4187,v7_initial_real_forged_fake_pdfs,10.20,45,663,,false,1200,5
X51006414702,test,test/img/X51006414702.jpg,test/box/X51006414702.txt,test/entities/X51006414702.txt,rejected,0,initial_models_weighted_vote,1.0000,v7_initial_real_forged_fake_pdfs,157.90,59,579,,false,1200,5
X51006414703,train,train/img/X51006414703.jpg,train/box/X51006414703.txt,train/entities/X51006414703.txt,approved,1,initial_models_weighted_vote,0.0000,v7_initial_real_forged_fake_pdfs,98.35,68,867,,false,1200,5
X51006414708,test,test/img/X51006414708.jpg,test/box/X51006414708.txt,test/entities/X51006414708.txt,approved,1,initial_models_weighted_vote,0.0000,v7_initial_real_forged_fake_pdfs,91.50,59,660,,false,1200,5
X51006414711,train,train/img/X51006414711.jpg,train/box/X51006414711.txt,train/entities/X51006414711.txt,approved,1,initial_models_weighted_vote,0.0000,v7_initial_real_forged_fake_pdfs,30.90,77,976,,false,1200,5
X51006414712,train,train/img/X51006414712.jpg,train/box/X51006414712.txt,train/entities/X51006414712.txt,rejected,0,initial_models_weighted_vote,1.0000,v7_initial_real_forged_fake_pdfs,39.60,89,1032,,false,1200,5
X51006414713,train,train/img/X51006414713.jpg,train/box/X51006414713.txt,train/entities/X51006414713.txt,approved,1,initial_models_weighted_vote,0.4628,v7_initial_real_forged_fake_pdfs,81.80,118,961,,false,1200,5
X51006414714,train,train/img/X51006414714.jpg,train/box/X51006414714.txt,train/entities/X51006414714.txt,rejected,0,initial_models_weighted_vote,1.0000,v7_initial_real_forged_fake_pdfs,18.90,63,572,,false,1200,5
X51006414715,test,test/img/X51006414715.jpg,test/box/X51006414715.txt,test/entities/X51006414715.txt,approved,1,initial_models_weighted_vote,0.0000,v7_initial_real_forged_fake_pdfs,41.81,42,530,,false,1200,5
X51006414717,test,test/img/X51006414717.jpg,test/box/X51006414717.txt,test/entities/X51006414717.txt,approved,1,initial_models_weighted_vote,0.0000,v7_initial_real_forged_fake_pdfs,24.10,59,814,,false,1200,5
X51006414718,train,train/img/X51006414718.jpg,train/box/X51006414718.txt,train/entities/X51006414718.txt,approved,1,initial_models_weighted_vote,0.3388,v7_initial_real_forged_fake_pdfs,46.55,44,648,,false,1200,5
X51006414719,train,train/img/X51006414719.jpg,train/box/X51006414719.txt,train/entities/X51006414719.txt,approved,1,initial_models_weighted_vote,0.1845,v7_initial_real_forged_fake_pdfs,4.40,42,623,,false,1200,5
X51006414720,train,train/img/X51006414720.jpg,train/box/X51006414720.txt,train/entities/X51006414720.txt,approved,1,initial_models_weighted_vote,0.3274,v7_initial_real_forged_fake_pdfs,6.40,45,608,,false,1200,5
X51006414721,train,train/img/X51006414721.jpg,train/box/X51006414721.txt,train/entities/X51006414721.txt,approved,1,initial_models_weighted_vote,0.0000,v7_initial_real_forged_fake_pdfs,7.20,70,927,,false,1200,5
X51006414728,test,test/img/X51006414728.jpg,test/box/X51006414728.txt,test/entities/X51006414728.txt,rejected,0,initial_models_weighted_vote,1.0000,v7_initial_real_forged_fake_pdfs,13.00,41,507,,false,1200,5
X51006414733,train,train/img/X51006414733.jpg,train/box/X51006414733.txt,train/entities/X51006414733.txt,rejected,0,initial_models_weighted_vote,0.6552,v7_initial_real_forged_fake_pdfs,122.80,92,1250,,false,1200,5
X51006438346,test,test/img/X51006438346.jpg,test/box/X51006438346.txt,test/entities/X51006438346.txt,rejected,0,initial_models_weighted_vote,1.0000,v7_initial_real_forged_fake_pdfs,95.48,50,544,,false,1200,5
X51006441473,train,train/img/X51006441473.jpg,train/box/X51006441473.txt,train/entities/X51006441473.txt,rejected,0,initial_models_weighted_vote,1.0000,v7_initial_real_forged_fake_pdfs,38.37,58,832,,false,1200,5
X51006441474,train,train/img/X51006441474.jpg,train/box/X51006441474.txt,train/entities/X51006441474.txt,approved,1,initial_models_weighted_vote,0.0000,v7_initial_real_forged_fake_pdfs,52.80,56,727,,false,1200,5
X51006466055,train,train/img/X51006466055.jpg,train/box/X51006466055.txt,train/entities/X51006466055.txt,rejected,0,initial_models_weighted_vote,1.0000,v7_initial_real_forged_fake_pdfs,20.00,51,723,,false,1200,5
X51006466056,train,train/img/X51006466056.jpg,train/box/X51006466056.txt,train/entities/X51006466056.txt,approved,1,initial_models_weighted_vote,0.4879,v7_initial_real_forged_fake_pdfs,11.25,61,726,,false,1200,5
X51006466060,train,train/img/X51006466060.jpg,train/box/X51006466060.txt,train/entities/X51006466060.txt,approved,1,initial_models_weighted_vote,0.4670,v7_initial_real_forged_fake_pdfs,1.38,32,354,,false,1200,5
X51006466062,train,train/img/X51006466062.jpg,train/box/X51006466062.txt,train/entities/X51006466062.txt,approved,1,initial_models_weighted_vote,0.2236,v7_initial_real_forged_fake_pdfs,5.00,30,338,,false,1200,5
X51006466065,train,train/img/X51006466065.jpg,train/box/X51006466065.txt,train/entities/X51006466065.txt,rejected,0,initial_models_weighted_vote,0.8155,v7_initial_real_forged_fake_pdfs,25.00,44,537,,false,1200,5
X51006466066,train,train/img/X51006466066.jpg,train/box/X51006466066.txt,train/entities/X51006466066.txt,approved,1,initial_models_weighted_vote,0.0000,v7_initial_real_forged_fake_pdfs,41.50,68,767,,false,1200,5
X51006466070,test,test/img/X51006466070.jpg,test/box/X51006466070.txt,test/entities/X51006466070.txt,approved,1,initial_models_weighted_vote,0.0000,v7_initial_real_forged_fake_pdfs,42.88,35,381,,false,1200,5
X51006466778,train,train/img/X51006466778.jpg,train/box/X51006466778.txt,train/entities/X51006466778.txt,rejected,0,initial_models_weighted_vote,0.5036,v7_initial_real_forged_fake_pdfs,20.40,33,317,,false,1200,5
X51006502529,train,train/img/X51006502529.jpg,train/box/X51006502529.txt,train/entities/X51006502529.txt,approved,1,initial_models_weighted_vote,0.0000,v7_initial_real_forged_fake_pdfs,3.70,37,521,,false,1200,5
X51006502531,train,train/img/X51006502531.jpg,train/box/X51006502531.txt,train/entities/X51006502531.txt,approved,1,initial_models_weighted_vote,0.2236,v7_initial_real_forged_fake_pdfs,18.80,42,574,,false,1200,5
X51006502533,train,train/img/X51006502533.jpg,train/box/X51006502533.txt,train/entities/X51006502533.txt,approved,1,initial_models_weighted_vote,0.0000,v7_initial_real_forged_fake_pdfs,9.50,46,502,,false,1200,5
X51006502534,test,test/img/X51006502534.jpg,test/box/X51006502534.txt,test/entities/X51006502534.txt,rejected,0,initial_models_weighted_vote,1.0000,v7_initial_real_forged_fake_pdfs,5.80,47,545,,false,1200,5
X51006502540,test,test/img/X51006502540.jpg,test/box/X51006502540.txt,test/entities/X51006502540.txt,approved,1,initial_models_weighted_vote,0.0000,v7_initial_real_forged_fake_pdfs,109.05,45,635,,false,1200,5
X51006554833,train,train/img/X51006554833.jpg,train/box/X51006554833.txt,train/entities/X51006554833.txt,approved,1,initial_models_weighted_vote,0.0000,v7_initial_real_forged_fake_pdfs,28.90,61,645,,false,1200,5
X51006554841,test,test/img/X51006554841.jpg,test/box/X51006554841.txt,test/entities/X51006554841.txt,approved,1,initial_models_weighted_vote,0.0000,v7_initial_real_forged_fake_pdfs,9.00,52,655,,false,1200,5
X51006555072,train,train/img/X51006555072.jpg,train/box/X51006555072.txt,train/entities/X51006555072.txt,rejected,0,initial_models_weighted_vote,1.0000,v7_initial_real_forged_fake_pdfs,234.40,35,608,,false,1200,5
X51006555125,train,train/img/X51006555125.jpg,train/box/X51006555125.txt,train/entities/X51006555125.txt,approved,1,initial_models_weighted_vote,0.0000,v7_initial_real_forged_fake_pdfs,28.40,26,387,,false,1200,5
X51006555570,train,train/img/X51006555570.jpg,train/box/X51006555570.txt,train/entities/X51006555570.txt,approved,1,initial_models_weighted_vote,0.3274,v7_initial_real_forged_fake_pdfs,78.10,90,844,,false,1200,5
X51006555780,train,train/img/X51006555780.jpg,train/box/X51006555780.txt,train/entities/X51006555780.txt,approved,1,initial_models_weighted_vote,0.0000,v7_initial_real_forged_fake_pdfs,33.05,79,954,,false,1200,5
X51006555784,train,train/img/X51006555784.jpg,train/box/X51006555784.txt,train/entities/X51006555784.txt,approved,1,initial_models_weighted_vote,0.3034,v7_initial_real_forged_fake_pdfs,53.14,72,933,,false,1200,5
X51006555806,train,train/img/X51006555806.jpg,train/box/X51006555806.txt,train/entities/X51006555806.txt,approved,1,initial_models_weighted_vote,0.3526,v7_initial_real_forged_fake_pdfs,20.21,81,966,,false,1200,5
X51006555814,train,train/img/X51006555814.jpg,train/box/X51006555814.txt,train/entities/X51006555814.txt,rejected,0,initial_models_weighted_vote,0.6495,v7_initial_real_forged_fake_pdfs,94.19,87,993,,false,1200,5
X51006555817,train,train/img/X51006555817.jpg,train/box/X51006555817.txt,train/entities/X51006555817.txt,approved,1,initial_models_weighted_vote,0.4828,v7_initial_real_forged_fake_pdfs,24.83,79,960,,false,1200,5
X51006555818,train,train/img/X51006555818.jpg,train/box/X51006555818.txt,train/entities/X51006555818.txt,approved,1,initial_models_weighted_vote,0.3668,v7_initial_real_forged_fake_pdfs,27.10,100,1052,,false,1200,5
X51006555819,test,test/img/X51006555819.jpg,test/box/X51006555819.txt,test/entities/X51006555819.txt,rejected,0,initial_models_weighted_vote,1.0000,v7_initial_real_forged_fake_pdfs,26.58,81,967,,false,1200,5
X51006555833,test,test/img/X51006555833.jpg,test/box/X51006555833.txt,test/entities/X51006555833.txt,approved,1,initial_models_weighted_vote,0.0000,v7_initial_real_forged_fake_pdfs,1.52,72,932,,false,1200,5
X51006555835,test,test/img/X51006555835.jpg,test/box/X51006555835.txt,test/entities/X51006555835.txt,rejected,0,initial_models_weighted_vote,1.0000,v7_initial_real_forged_fake_pdfs,37.90,86,1000,,false,1200,5
X51006556591,train,train/img/X51006556591.jpg,train/box/X51006556591.txt,train/entities/X51006556591.txt,approved,1,initial_models_weighted_vote,0.0000,v7_initial_real_forged_fake_pdfs,36.36,72,926,,false,1200,5
X51006556596,train,train/img/X51006556596.jpg,train/box/X51006556596.txt,train/entities/X51006556596.txt,rejected,0,initial_models_weighted_vote,0.7744,v7_initial_real_forged_fake_pdfs,41.44,79,969,,false,1200,5
X51006556604,train,train/img/X51006556604.jpg,train/box/X51006556604.txt,train/entities/X51006556604.txt,approved,1,initial_models_weighted_vote,0.0000,v7_initial_real_forged_fake_pdfs,39.78,79,964,,false,1200,5
X51006556610,test,test/img/X51006556610.jpg,test/box/X51006556610.txt,test/entities/X51006556610.txt,rejected,0,initial_models_weighted_vote,1.0000,v7_initial_real_forged_fake_pdfs,393.00,77,790,,false,1200,5
X51006556646,train,train/img/X51006556646.jpg,train/box/X51006556646.txt,train/entities/X51006556646.txt,approved,1,initial_models_weighted_vote,0.0000,v7_initial_real_forged_fake_pdfs,73.55,92,1032,,false,1200,5
X51006556648,test,test/img/X51006556648.jpg,test/box/X51006556648.txt,test/entities/X51006556648.txt,approved,1,initial_models_weighted_vote,0.0000,v7_initial_real_forged_fake_pdfs,55.14,79,961,,false,1200,5
X51006556650,train,train/img/X51006556650.jpg,train/box/X51006556650.txt,train/entities/X51006556650.txt,approved,1,initial_models_weighted_vote,0.0000,v7_initial_real_forged_fake_pdfs,50.60,79,967,,false,1200,5
X51006556654,test,test/img/X51006556654.jpg,test/box/X51006556654.txt,test/entities/X51006556654.txt,rejected,0,initial_models_weighted_vote,1.0000,v7_initial_real_forged_fake_pdfs,-6.42,79,962,,false,1200,5
X51006556656,train,train/img/X51006556656.jpg,train/box/X51006556656.txt,train/entities/X51006556656.txt,approved,1,initial_models_weighted_vote,0.0000,v7_initial_real_forged_fake_pdfs,7.97,86,988,,false,1200,5
X51006556657,test,test/img/X51006556657.jpg,test/box/X51006556657.txt,test/entities/X51006556657.txt,approved,1,initial_models_weighted_vote,0.0000,v7_initial_real_forged_fake_pdfs,59.31,72,932,,false,1200,5
X51006556658,test,test/img/X51006556658.jpg,test/box/X51006556658.txt,test/entities/X51006556658.txt,rejected,0,initial_models_weighted_vote,1.0000,v7_initial_real_forged_fake_pdfs,32.13,72,928,,false,1200,5
X51006556723,test,test/img/X51006556723.jpg,test/box/X51006556723.txt,test/entities/X51006556723.txt,rejected,0,initial_models_weighted_vote,1.0000,v7_initial_real_forged_fake_pdfs,-5.09,47,795,,false,1200,5
X51006556726,train,train/img/X51006556726.jpg,train/box/X51006556726.txt,train/entities/X51006556726.txt,approved,1,initial_models_weighted_vote,0.0000,v7_initial_real_forged_fake_pdfs,68.41,72,934,,false,1200,5
X51006556728,test,test/img/X51006556728.jpg,test/box/X51006556728.txt,test/entities/X51006556728.txt,approved,1,initial_models_weighted_vote,0.0000,v7_initial_real_forged_fake_pdfs,60.26,95,1022,,false,1200,5
X51006556730,train,train/img/X51006556730.jpg,train/box/X51006556730.txt,train/entities/X51006556730.txt,rejected,0,initial_models_weighted_vote,1.0000,v7_initial_real_forged_fake_pdfs,40.00,38,500,,false,1200,5
X51006556732,train,train/img/X51006556732.jpg,train/box/X51006556732.txt,train/entities/X51006556732.txt,approved,1,initial_models_weighted_vote,0.3274,v7_initial_real_forged_fake_pdfs,19.31,72,930,,false,1200,5
X51006556734,test,test/img/X51006556734.jpg,test/box/X51006556734.txt,test/entities/X51006556734.txt,approved,1,initial_models_weighted_vote,0.0000,v7_initial_real_forged_fake_pdfs,32.46,79,956,,false,1200,5
X51006556738,train,train/img/X51006556738.jpg,train/box/X51006556738.txt,train/entities/X51006556738.txt,approved,1,initial_models_weighted_vote,0.2236,v7_initial_real_forged_fake_pdfs,51.88,93,1025,,false,1200,5
X51006556740,test,test/img/X51006556740.jpg,test/box/X51006556740.txt,test/entities/X51006556740.txt,approved,1,initial_models_weighted_vote,0.0000,v7_initial_real_forged_fake_pdfs,23.35,93,1017,,false,1200,5
X51006556806,test,test/img/X51006556806.jpg,test/box/X51006556806.txt,test/entities/X51006556806.txt,approved,1,initial_models_weighted_vote,0.0000,v7_initial_real_forged_fake_pdfs,14.47,65,906,,false,1200,5
X51006556808,test,test/img/X51006556808.jpg,test/box/X51006556808.txt,test/entities/X51006556808.txt,approved,1,initial_models_weighted_vote,0.0000,v7_initial_real_forged_fake_pdfs,79.26,94,1020,,false,1200,5
X51006556809,test,test/img/X51006556809.jpg,test/box/X51006556809.txt,test/entities/X51006556809.txt,rejected,0,initial_models_weighted_vote,1.0000,v7_initial_real_forged_fake_pdfs,43.36,86,985,,false,1200,5
X51006556810,test,test/img/X51006556810.jpg,test/box/X51006556810.txt,test/entities/X51006556810.txt,rejected,0,initial_models_weighted_vote,1.0000,v7_initial_real_forged_fake_pdfs,23.02,65,878,,false,1200,5
X51006556812,test,test/img/X51006556812.jpg,test/box/X51006556812.txt,test/entities/X51006556812.txt,approved,1,initial_models_weighted_vote,0.0000,v7_initial_real_forged_fake_pdfs,25.84,79,952,,false,1200,5
X51006556815,train,train/img/X51006556815.jpg,train/box/X51006556815.txt,train/entities/X51006556815.txt,approved,1,initial_models_weighted_vote,0.2998,v7_initial_real_forged_fake_pdfs,54.15,79,961,,false,1200,5
X51006556818,train,train/img/X51006556818.jpg,train/box/X51006556818.txt,train/entities/X51006556818.txt,rejected,0,initial_models_weighted_vote,1.0000,v7_initial_real_forged_fake_pdfs,29.59,79,951,,false,1200,5
X51006556821,test,test/img/X51006556821.jpg,test/box/X51006556821.txt,test/entities/X51006556821.txt,approved,1,initial_models_weighted_vote,0.0000,v7_initial_real_forged_fake_pdfs,48.57,79,962,,false,1200,5
X51006556823,train,train/img/X51006556823.jpg,train/box/X51006556823.txt,train/entities/X51006556823.txt,approved,1,initial_models_weighted_vote,0.0000,v7_initial_real_forged_fake_pdfs,26.80,72,940,,false,1200,5
X51006556824,train,train/img/X51006556824.jpg,train/box/X51006556824.txt,train/entities/X51006556824.txt,rejected,0,initial_models_weighted_vote,0.6966,v7_initial_real_forged_fake_pdfs,-1.73,93,1031,,false,1200,5
X51006556825,train,train/img/X51006556825.jpg,train/box/X51006556825.txt,train/entities/X51006556825.txt,approved,1,initial_models_weighted_vote,0.2236,v7_initial_real_forged_fake_pdfs,48.04,72,933,,false,1200,5
X51006556826,test,test/img/X51006556826.jpg,test/box/X51006556826.txt,test/entities/X51006556826.txt,approved,1,initial_models_weighted_vote,0.0000,v7_initial_real_forged_fake_pdfs,28.98,72,921,,false,1200,5
X51006556827,test,test/img/X51006556827.jpg,test/box/X51006556827.txt,test/entities/X51006556827.txt,approved,1,initial_models_weighted_vote,0.0000,v7_initial_real_forged_fake_pdfs,53.96,86,987,,false,1200,5
X51006556828,train,train/img/X51006556828.jpg,train/box/X51006556828.txt,train/entities/X51006556828.txt,approved,1,initial_models_weighted_vote,0.0000,v7_initial_real_forged_fake_pdfs,36.55,93,1021,,false,1200,5
X51006556829,test,test/img/X51006556829.jpg,test/box/X51006556829.txt,test/entities/X51006556829.txt,approved,1,initial_models_weighted_vote,0.0000,v7_initial_real_forged_fake_pdfs,38.55,72,933,,false,1200,5
X51006556830,train,train/img/X51006556830.jpg,train/box/X51006556830.txt,train/entities/X51006556830.txt,rejected,0,initial_models_weighted_vote,1.0000,v7_initial_real_forged_fake_pdfs,1007.50,63,705,,false,1200,5
X51006556831,train,train/img/X51006556831.jpg,train/box/X51006556831.txt,train/entities/X51006556831.txt,rejected,0,initial_models_weighted_vote,0.6966,v7_initial_real_forged_fake_pdfs,616.60,63,712,,false,1200,5
X51006556838,train,train/img/X51006556838.jpg,train/box/X51006556838.txt,train/entities/X51006556838.txt,approved,1,initial_models_weighted_vote,0.0000,v7_initial_real_forged_fake_pdfs,22.58,87,979,,false,1200,5
X51006556839,train,train/img/X51006556839.jpg,train/box/X51006556839.txt,train/entities/X51006556839.txt,approved,1,initial_models_weighted_vote,0.0000,v7_initial_real_forged_fake_pdfs,5.90,78,964,,false,1200,5
X51006556840,train,train/img/X51006556840.jpg,train/box/X51006556840.txt,train/entities/X51006556840.txt,rejected,0,initial_models_weighted_vote,1.0000,v7_initial_real_forged_fake_pdfs,40.18,73,934,,false,1200,5
X51006556841,train,train/img/X51006556841.jpg,train/box/X51006556841.txt,train/entities/X51006556841.txt,approved,1,initial_models_weighted_vote,0.4951,v7_initial_real_forged_fake_pdfs,3.21,71,939,,false,1200,5
X51006556851,test,test/img/X51006556851.jpg,test/box/X51006556851.txt,test/entities/X51006556851.txt,rejected,0,initial_models_weighted_vote,1.0000,v7_initial_real_forged_fake_pdfs,84.78,100,1055,,false,1200,5
X51006556852,train,train/img/X51006556852.jpg,train/box/X51006556852.txt,train/entities/X51006556852.txt,approved,1,initial_models_weighted_vote,0.0000,v7_initial_real_forged_fake_pdfs,65.50,103,1079,,false,1200,5
X51006556861,train,train/img/X51006556861.jpg,train/box/X51006556861.txt,train/entities/X51006556861.txt,approved,1,initial_models_weighted_vote,0.0000,v7_initial_real_forged_fake_pdfs,23.20,72,927,,false,1200,5
X51006556865,test,test/img/X51006556865.jpg,test/box/X51006556865.txt,test/entities/X51006556865.txt,approved,1,initial_models_weighted_vote,0.0000,v7_initial_real_forged_fake_pdfs,62.82,80,971,,false,1200,5
X51006557115,test,test/img/X51006557115.jpg,test/box/X51006557115.txt,test/entities/X51006557115.txt,approved,1,initial_models_weighted_vote,0.0000,v7_initial_real_forged_fake_pdfs,35.58,86,996,,false,1200,5
X51006557117,train,train/img/X51006557117.jpg,train/box/X51006557117.txt,train/entities/X51006557117.txt,approved,1,initial_models_weighted_vote,0.2236,v7_initial_real_forged_fake_pdfs,62.60,87,991,,false,1200,5
X51006557119,train,train/img/X51006557119.jpg,train/box/X51006557119.txt,train/entities/X51006557119.txt,approved,1,initial_models_weighted_vote,0.3022,v7_initial_real_forged_fake_pdfs,14.79,65,894,,false,1200,5
X51006557161,train,train/img/X51006557161.jpg,train/box/X51006557161.txt,train/entities/X51006557161.txt,approved,1,initial_models_weighted_vote,0.0000,v7_initial_real_forged_fake_pdfs,41.87,72,932,,false,1200,5
X51006557164,train,train/img/X51006557164.jpg,train/box/X51006557164.txt,train/entities/X51006557164.txt,rejected,0,initial_models_weighted_vote,1.0000,v7_initial_real_forged_fake_pdfs,31.05,79,958,,false,1200,5
X51006557168,train,train/img/X51006557168.jpg,train/box/X51006557168.txt,train/entities/X51006557168.txt,rejected,0,initial_models_weighted_vote,0.6966,v7_initial_real_forged_fake_pdfs,39.87,79,961,,false,1200,5
X51006557169,test,test/img/X51006557169.jpg,test/box/X51006557169.txt,test/entities/X51006557169.txt,approved,1,initial_models_weighted_vote,0.0000,v7_initial_real_forged_fake_pdfs,5.00,72,923,,false,1200,5
X51006557170,train,train/img/X51006557170.jpg,train/box/X51006557170.txt,train/entities/X51006557170.txt,rejected,0,initial_models_weighted_vote,0.6942,v7_initial_real_forged_fake_pdfs,58.86,72,922,,false,1200,5
X51006557173,test,test/img/X51006557173.jpg,test/box/X51006557173.txt,test/entities/X51006557173.txt,approved,1,initial_models_weighted_vote,0.0000,v7_initial_real_forged_fake_pdfs,32.26,79,962,,false,1200,5
X51006557178,train,train/img/X51006557178.jpg,train/box/X51006557178.txt,train/entities/X51006557178.txt,rejected,0,initial_models_weighted_vote,0.6552,v7_initial_real_forged_fake_pdfs,35.01,72,928,,false,1200,5
X51006557179,train,train/img/X51006557179.jpg,train/box/X51006557179.txt,train/entities/X51006557179.txt,approved,1,initial_models_weighted_vote,0.2073,v7_initial_real_forged_fake_pdfs,34.21,72,930,,false,1200,5
X51006557184,train,train/img/X51006557184.jpg,train/box/X51006557184.txt,train/entities/X51006557184.txt,approved,1,initial_models_weighted_vote,0.3388,v7_initial_real_forged_fake_pdfs,68.63,72,935,,false,1200,5
X51006557185,train,train/img/X51006557185.jpg,train/box/X51006557185.txt,train/entities/X51006557185.txt,approved,1,initial_models_weighted_vote,0.3388,v7_initial_real_forged_fake_pdfs,110.46,86,994,,false,1200,5
X51006557187,test,test/img/X51006557187.jpg,test/box/X51006557187.txt,test/entities/X51006557187.txt,approved,1,initial_models_weighted_vote,0.0000,v7_initial_real_forged_fake_pdfs,42.25,86,995,,false,1200,5
X51006557188,train,train/img/X51006557188.jpg,train/box/X51006557188.txt,train/entities/X51006557188.txt,rejected,0,initial_models_weighted_vote,1.0000,v7_initial_real_forged_fake_pdfs,23.56,79,958,,false,1200,5
X51006557193,train,train/img/X51006557193.jpg,train/box/X51006557193.txt,train/entities/X51006557193.txt,approved,1,initial_models_weighted_vote,0.0000,v7_initial_real_forged_fake_pdfs,33.80,72,932,,false,1200,5
X51006557194,test,test/img/X51006557194.jpg,test/box/X51006557194.txt,test/entities/X51006557194.txt,approved,1,initial_models_weighted_vote,0.0000,v7_initial_real_forged_fake_pdfs,39.77,86,981,,false,1200,5
X51006557195,train,train/img/X51006557195.jpg,train/box/X51006557195.txt,train/entities/X51006557195.txt,approved,1,initial_models_weighted_vote,0.0000,v7_initial_real_forged_fake_pdfs,59.54,100,1050,,false,1200,5
X51006557196,test,test/img/X51006557196.jpg,test/box/X51006557196.txt,test/entities/X51006557196.txt,rejected,0,initial_models_weighted_vote,1.0000,v7_initial_real_forged_fake_pdfs,27.10,73,931,,false,1200,5
X51006557198,train,train/img/X51006557198.jpg,train/box/X51006557198.txt,train/entities/X51006557198.txt,approved,1,initial_models_weighted_vote,0.0000,v7_initial_real_forged_fake_pdfs,27.20,94,1026,,false,1200,5
X51006557199,train,train/img/X51006557199.jpg,train/box/X51006557199.txt,train/entities/X51006557199.txt,approved,1,initial_models_weighted_vote,0.3034,v7_initial_real_forged_fake_pdfs,60.24,86,991,,false,1200,5
X51006557202,train,train/img/X51006557202.jpg,train/box/X51006557202.txt,train/entities/X51006557202.txt,approved,1,initial_models_weighted_vote,0.0000,v7_initial_real_forged_fake_pdfs,46.06,71,898,,false,1200,5
X51006557208,test,test/img/X51006557208.jpg,test/box/X51006557208.txt,test/entities/X51006557208.txt,approved,1,initial_models_weighted_vote,0.0000,v7_initial_real_forged_fake_pdfs,32.12,65,905,,false,1200,5
X51006557209,test,test/img/X51006557209.jpg,test/box/X51006557209.txt,test/entities/X51006557209.txt,approved,1,initial_models_weighted_vote,0.0000,v7_initial_real_forged_fake_pdfs,33.84,59,785,,false,1200,5
X51006557210,train,train/img/X51006557210.jpg,train/box/X51006557210.txt,train/entities/X51006557210.txt,rejected,0,initial_models_weighted_vote,0.6612,v7_initial_real_forged_fake_pdfs,51.42,79,961,,false,1200,5
X51006557213,train,train/img/X51006557213.jpg,train/box/X51006557213.txt,train/entities/X51006557213.txt,approved,1,initial_models_weighted_vote,0.2630,v7_initial_real_forged_fake_pdfs,31.32,72,931,,false,1200,5
X51006557507,test,test/img/X51006557507.jpg,test/box/X51006557507.txt,test/entities/X51006557507.txt,approved,1,initial_models_weighted_vote,0.0000,v7_initial_real_forged_fake_pdfs,35.88,72,928,,false,1200,5
X51006557508,train,train/img/X51006557508.jpg,train/box/X51006557508.txt,train/entities/X51006557508.txt,approved,1,initial_models_weighted_vote,0.3274,v7_initial_real_forged_fake_pdfs,54.19,87,990,,false,1200,5
X51006619328,test,test/img/X51006619328.jpg,test/box/X51006619328.txt,test/entities/X51006619328.txt,rejected,0,initial_models_weighted_vote,1.0000,v7_initial_real_forged_fake_pdfs,5.40,47,608,,false,1200,5
X51006619338,test,test/img/X51006619338.jpg,test/box/X51006619338.txt,test/entities/X51006619338.txt,rejected,0,initial_models_weighted_vote,1.0000,v7_initial_real_forged_fake_pdfs,262.20,27,430,,false,1200,5
X51006619341,train,train/img/X51006619341.jpg,train/box/X51006619341.txt,train/entities/X51006619341.txt,approved,1,initial_models_weighted_vote,0.3448,v7_initial_real_forged_fake_pdfs,8.60,37,591,,false,1200,5
X51006619342,train,train/img/X51006619342.jpg,train/box/X51006619342.txt,train/entities/X51006619342.txt,approved,1,initial_models_weighted_vote,0.0000,v7_initial_real_forged_fake_pdfs,3.30,27,455,,false,1200,5
X51006619343,train,train/img/X51006619343.jpg,train/box/X51006619343.txt,train/entities/X51006619343.txt,rejected,0,initial_models_weighted_vote,1.0000,v7_initial_real_forged_fake_pdfs,22.90,50,643,,false,1200,5
X51006619346,test,test/img/X51006619346.jpg,test/box/X51006619346.txt,test/entities/X51006619346.txt,approved,1,initial_models_weighted_vote,0.0000,v7_initial_real_forged_fake_pdfs,96.90,50,742,,false,1200,5
X51006619496,train,train/img/X51006619496.jpg,train/box/X51006619496.txt,train/entities/X51006619496.txt,approved,1,initial_models_weighted_vote,0.0000,v7_initial_real_forged_fake_pdfs,61.65,44,670,,false,1200,5
X51006619503,test,test/img/X51006619503.jpg,test/box/X51006619503.txt,test/entities/X51006619503.txt,approved,1,initial_models_weighted_vote,0.0000,v7_initial_real_forged_fake_pdfs,8.00,59,544,,false,1200,5
X51006619506,test,test/img/X51006619506.jpg,test/box/X51006619506.txt,test/entities/X51006619506.txt,approved,1,initial_models_weighted_vote,0.0000,v7_initial_real_forged_fake_pdfs,25.55,75,636,,false,1200,5
X51006619507,test,test/img/X51006619507.jpg,test/box/X51006619507.txt,test/entities/X51006619507.txt,approved,1,initial_models_weighted_vote,0.0000,v7_initial_real_forged_fake_pdfs,14.70,29,528,,false,1200,5
X51006619509,test,test/img/X51006619509.jpg,test/box/X51006619509.txt,test/entities/X51006619509.txt,rejected,0,initial_models_weighted_vote,1.0000,v7_initial_real_forged_fake_pdfs,15.80,25,339,,false,1200,5
X51006619545,train,train/img/X51006619545.jpg,train/box/X51006619545.txt,train/entities/X51006619545.txt,rejected,0,initial_models_weighted_vote,0.7370,v7_initial_real_forged_fake_pdfs,111.90,96,1368,,false,1200,5
X51006619550,train,train/img/X51006619550.jpg,train/box/X51006619550.txt,train/entities/X51006619550.txt,approved,1,initial_models_weighted_vote,0.3517,v7_initial_real_forged_fake_pdfs,47.70,57,824,,false,1200,5
X51006619561,train,train/img/X51006619561.jpg,train/box/X51006619561.txt,train/entities/X51006619561.txt,rejected,0,initial_models_weighted_vote,1.0000,v7_initial_real_forged_fake_pdfs,180.10,63,853,,false,1200,5
X51006619563,train,train/img/X51006619563.jpg,train/box/X51006619563.txt,train/entities/X51006619563.txt,approved,1,initial_models_weighted_vote,0.2322,v7_initial_real_forged_fake_pdfs,31.80,27,430,,false,1200,5
X51006619564,test,test/img/X51006619564.jpg,test/box/X51006619564.txt,test/entities/X51006619564.txt,approved,1,initial_models_weighted_vote,0.0000,v7_initial_real_forged_fake_pdfs,85.45,41,646,,false,1200,5
X51006619566,train,train/img/X51006619566.jpg,train/box/X51006619566.txt,train/entities/X51006619566.txt,approved,1,initial_models_weighted_vote,0.0000,v7_initial_real_forged_fake_pdfs,15.90,27,429,,false,1200,5
X51006619567,test,test/img/X51006619567.jpg,test/box/X51006619567.txt,test/entities/X51006619567.txt,rejected,0,initial_models_weighted_vote,1.0000,v7_initial_real_forged_fake_pdfs,676.00,55,539,,false,1200,5
X51006619569,test,test/img/X51006619569.jpg,test/box/X51006619569.txt,test/entities/X51006619569.txt,approved,1,initial_models_weighted_vote,0.0000,v7_initial_real_forged_fake_pdfs,26.40,38,552,,false,1200,5
X51006619570,test,test/img/X51006619570.jpg,test/box/X51006619570.txt,test/entities/X51006619570.txt,approved,1,initial_models_weighted_vote,0.0000,v7_initial_real_forged_fake_pdfs,30.90,44,685,,false,1200,5
X51006619694,train,train/img/X51006619694.jpg,train/box/X51006619694.txt,train/entities/X51006619694.txt,approved,1,initial_models_weighted_vote,0.3274,v7_initial_real_forged_fake_pdfs,2.56,46,704,,false,1200,5
X51006619696,train,train/img/X51006619696.jpg,train/box/X51006619696.txt,train/entities/X51006619696.txt,approved,1,initial_models_weighted_vote,0.0000,v7_initial_real_forged_fake_pdfs,82.80,27,427,,false,1200,5
X51006619697,train,train/img/X51006619697.jpg,train/box/X51006619697.txt,train/entities/X51006619697.txt,rejected,0,initial_models_weighted_vote,0.6726,v7_initial_real_forged_fake_pdfs,96.20,48,633,,false,1200,5
X51006619698,train,train/img/X51006619698.jpg,train/box/X51006619698.txt,train/entities/X51006619698.txt,approved,1,initial_models_weighted_vote,0.2322,v7_initial_real_forged_fake_pdfs,21.00,35,572,,false,1200,5
X51006619700,test,test/img/X51006619700.jpg,test/box/X51006619700.txt,test/entities/X51006619700.txt,approved,1,initial_models_weighted_vote,0.0000,v7_initial_real_forged_fake_pdfs,8.10,31,499,,false,1200,5
X51006619703,test,test/img/X51006619703.jpg,test/box/X51006619703.txt,test/entities/X51006619703.txt,approved,1,initial_models_weighted_vote,0.0000,v7_initial_real_forged_fake_pdfs,7.00,31,489,,false,1200,5
X51006619704,test,test/img/X51006619704.jpg,test/box/X51006619704.txt,test/entities/X51006619704.txt,approved,1,initial_models_weighted_vote,0.0000,v7_initial_real_forged_fake_pdfs,32.80,51,690,,false,1200,5
X51006619709,train,train/img/X51006619709.jpg,train/box/X51006619709.txt,train/entities/X51006619709.txt,approved,1,initial_models_weighted_vote,0.0000,v7_initial_real_forged_fake_pdfs,57.40,78,924,,false,1200,5
X51006619757,test,test/img/X51006619757.jpg,test/box/X51006619757.txt,test/entities/X51006619757.txt,approved,1,initial_models_weighted_vote,0.0000,v7_initial_real_forged_fake_pdfs,71.60,40,681,,false,1200,5
X51006619758,train,train/img/X51006619758.jpg,train/box/X51006619758.txt,train/entities/X51006619758.txt,approved,1,initial_models_weighted_vote,0.0000,v7_initial_real_forged_fake_pdfs,13.60,31,471,,false,1200,5
X51006619760,test,test/img/X51006619760.jpg,test/box/X51006619760.txt,test/entities/X51006619760.txt,approved,1,initial_models_weighted_vote,0.0000,v7_initial_real_forged_fake_pdfs,29.10,55,531,,false,1200,5
X51006619764,test,test/img/X51006619764.jpg,test/box/X51006619764.txt,test/entities/X51006619764.txt,approved,1,initial_models_weighted_vote,0.0000,v7_initial_real_forged_fake_pdfs,34.40,50,675,,false,1200,5
X51006619765,train,train/img/X51006619765.jpg,train/box/X51006619765.txt,train/entities/X51006619765.txt,approved,1,initial_models_weighted_vote,0.0000,v7_initial_real_forged_fake_pdfs,64.70,70,948,,false,1200,5
X51006619766,test,test/img/X51006619766.jpg,test/box/X51006619766.txt,test/entities/X51006619766.txt,approved,1,initial_models_weighted_vote,0.0000,v7_initial_real_forged_fake_pdfs,59.20,80,943,,false,1200,5
X51006619772,train,train/img/X51006619772.jpg,train/box/X51006619772.txt,train/entities/X51006619772.txt,approved,1,initial_models_weighted_vote,0.0000,v7_initial_real_forged_fake_pdfs,28.20,36,583,,false,1200,5
X51006619777,train,train/img/X51006619777.jpg,train/box/X51006619777.txt,train/entities/X51006619777.txt,rejected,0,initial_models_weighted_vote,1.0000,v7_initial_real_forged_fake_pdfs,27.30,33,513,,false,1200,5
X51006619779,test,test/img/X51006619779.jpg,test/box/X51006619779.txt,test/entities/X51006619779.txt,approved,1,initial_models_weighted_vote,0.0000,v7_initial_real_forged_fake_pdfs,7.95,29,379,,false,1200,5
X51006619780,train,train/img/X51006619780.jpg,train/box/X51006619780.txt,train/entities/X51006619780.txt,approved,1,initial_models_weighted_vote,0.2236,v7_initial_real_forged_fake_pdfs,8.35,32,409,,false,1200,5
X51006619783,train,train/img/X51006619783.jpg,train/box/X51006619783.txt,train/entities/X51006619783.txt,approved,1,initial_models_weighted_vote,0.2998,v7_initial_real_forged_fake_pdfs,43.90,50,571,,false,1200,5
X51006619784,test,test/img/X51006619784.jpg,test/box/X51006619784.txt,test/entities/X51006619784.txt,rejected,0,initial_models_weighted_vote,1.0000,v7_initial_real_forged_fake_pdfs,399.00,44,552,,false,1200,5
X51006619785,train,train/img/X51006619785.jpg,train/box/X51006619785.txt,train/entities/X51006619785.txt,approved,1,initial_models_weighted_vote,0.0000,v7_initial_real_forged_fake_pdfs,78.30,79,1211,,false,1200,5
X51006619790,test,test/img/X51006619790.jpg,test/box/X51006619790.txt,test/entities/X51006619790.txt,rejected,0,initial_models_weighted_vote,1.0000,v7_initial_real_forged_fake_pdfs,14.50,42,618,,false,1200,5
X51006619842,test,test/img/X51006619842.jpg,test/box/X51006619842.txt,test/entities/X51006619842.txt,rejected,0,initial_models_weighted_vote,1.0000,v7_initial_real_forged_fake_pdfs,32.70,38,569,,false,1200,5
X51006619854,train,train/img/X51006619854.jpg,train/box/X51006619854.txt,train/entities/X51006619854.txt,rejected,0,initial_models_weighted_vote,0.6536,v7_initial_real_forged_fake_pdfs,2.10,27,426,,false,1200,5
X51006619862,train,train/img/X51006619862.jpg,train/box/X51006619862.txt,train/entities/X51006619862.txt,approved,1,initial_models_weighted_vote,0.3034,v7_initial_real_forged_fake_pdfs,13.30,34,523,,false,1200,5
X51006619863,test,test/img/X51006619863.jpg,test/box/X51006619863.txt,test/entities/X51006619863.txt,approved,1,initial_models_weighted_vote,0.0000,v7_initial_real_forged_fake_pdfs,2.10,28,388,,false,1200,5
X51006619869,test,test/img/X51006619869.jpg,test/box/X51006619869.txt,test/entities/X51006619869.txt,approved,1,initial_models_weighted_vote,0.0000,v7_initial_real_forged_fake_pdfs,23.20,36,606,,false,1200,5
X51006620161,train,train/img/X51006620161.jpg,train/box/X51006620161.txt,train/entities/X51006620161.txt,approved,1,initial_models_weighted_vote,0.0000,v7_initial_real_forged_fake_pdfs,110.00,53,590,,false,1200,5
X51006620175,test,test/img/X51006620175.jpg,test/box/X51006620175.txt,test/entities/X51006620175.txt,approved,1,initial_models_weighted_vote,0.0000,v7_initial_real_forged_fake_pdfs,26.70,44,622,,false,1200,5
X51006620176,train,train/img/X51006620176.jpg,train/box/X51006620176.txt,train/entities/X51006620176.txt,approved,1,initial_models_weighted_vote,0.0000,v7_initial_real_forged_fake_pdfs,12.50,30,516,,false,1200,5
X51006620181,train,train/img/X51006620181.jpg,train/box/X51006620181.txt,train/entities/X51006620181.txt,rejected,0,initial_models_weighted_vote,0.5036,v7_initial_real_forged_fake_pdfs,51.30,28,430,,false,1200,5
X51006620182,test,test/img/X51006620182.jpg,test/box/X51006620182.txt,test/entities/X51006620182.txt,approved,1,initial_models_weighted_vote,0.0000,v7_initial_real_forged_fake_pdfs,78.50,56,675,,false,1200,5
X51006620186,train,train/img/X51006620186.jpg,train/box/X51006620186.txt,train/entities/X51006620186.txt,approved,1,initial_models_weighted_vote,0.2236,v7_initial_real_forged_fake_pdfs,68.10,67,832,,false,1200,5
X51006620187,train,train/img/X51006620187.jpg,train/box/X51006620187.txt,train/entities/X51006620187.txt,approved,1,initial_models_weighted_vote,0.2623,v7_initial_real_forged_fake_pdfs,6.85,49,720,,false,1200,5
X51006620189,train,train/img/X51006620189.jpg,train/box/X51006620189.txt,train/entities/X51006620189.txt,rejected,0,initial_models_weighted_vote,1.0000,v7_initial_real_forged_fake_pdfs,177.20,57,936,,false,1200,5
X51006620190,train,train/img/X51006620190.jpg,train/box/X51006620190.txt,train/entities/X51006620190.txt,approved,1,initial_models_weighted_vote,0.4628,v7_initial_real_forged_fake_pdfs,21.50,37,570,,false,1200,5
X51006620191,train,train/img/X51006620191.jpg,train/box/X51006620191.txt,train/entities/X51006620191.txt,approved,1,initial_models_weighted_vote,0.0000,v7_initial_real_forged_fake_pdfs,89.00,40,533,,false,1200,5
X51006620192,test,test/img/X51006620192.jpg,test/box/X51006620192.txt,test/entities/X51006620192.txt,approved,1,initial_models_weighted_vote,0.0000,v7_initial_real_forged_fake_pdfs,8.80,34,562,,false,1200,5
X51006620414,train,train/img/X51006620414.jpg,train/box/X51006620414.txt,train/entities/X51006620414.txt,approved,1,initial_models_weighted_vote,0.0000,v7_initial_real_forged_fake_pdfs,9.75,63,730,,false,1200,5
X51006620437,test,test/img/X51006620437.jpg,test/box/X51006620437.txt,test/entities/X51006620437.txt,approved,1,initial_models_weighted_vote,0.0000,v7_initial_real_forged_fake_pdfs,14.20,26,419,,false,1200,5
X51006647932,train,train/img/X51006647932.jpg,train/box/X51006647932.txt,train/entities/X51006647932.txt,approved,1,initial_models_weighted_vote,0.0000,v7_initial_real_forged_fake_pdfs,87.10,49,546,,false,1200,5
X51006647933,test,test/img/X51006647933.jpg,test/box/X51006647933.txt,test/entities/X51006647933.txt,approved,1,initial_models_weighted_vote,0.0000,v7_initial_real_forged_fake_pdfs,83.00,43,411,,false,1200,5
X51006647984,test,test/img/X51006647984.jpg,test/box/X51006647984.txt,test/entities/X51006647984.txt,approved,1,initial_models_weighted_vote,0.0000,v7_initial_real_forged_fake_pdfs,64.50,70,788,,false,1200,5
X51006679216,train,train/img/X51006679216.jpg,train/box/X51006679216.txt,train/entities/X51006679216.txt,approved,1,initial_models_weighted_vote,0.4866,v7_initial_real_forged_fake_pdfs,31.60,73,869,,false,1200,5
X51006679222,train,train/img/X51006679222.jpg,train/box/X51006679222.txt,train/entities/X51006679222.txt,approved,1,initial_models_weighted_vote,0.3514,v7_initial_real_forged_fake_pdfs,39.90,47,578,,false,1200,5
X51006713996,train,train/img/X51006713996.jpg,train/box/X51006713996.txt,train/entities/X51006713996.txt,approved,1,initial_models_weighted_vote,0.4951,v7_initial_real_forged_fake_pdfs,142.00,47,719,,false,1200,5
X51006714065,train,train/img/X51006714065.jpg,train/box/X51006714065.txt,train/entities/X51006714065.txt,rejected,0,initial_models_weighted_vote,1.0000,v7_initial_real_forged_fake_pdfs,66.00,41,475,,false,1200,5
X51006733494,train,train/img/X51006733494.jpg,train/box/X51006733494.txt,train/entities/X51006733494.txt,rejected,0,initial_models_weighted_vote,1.0000,v7_initial_real_forged_fake_pdfs,33.90,46,511,,false,1200,5
X51006733495,test,test/img/X51006733495.jpg,test/box/X51006733495.txt,test/entities/X51006733495.txt,rejected,0,initial_models_weighted_vote,1.0000,v7_initial_real_forged_fake_pdfs,14.20,23,403,,false,1200,5
X51006828199,test,test/img/X51006828199.jpg,test/box/X51006828199.txt,test/entities/X51006828199.txt,approved,1,initial_models_weighted_vote,0.0000,v7_initial_real_forged_fake_pdfs,36.96,49,585,,false,1200,5
X51006828200,test,test/img/X51006828200.jpg,test/box/X51006828200.txt,test/entities/X51006828200.txt,approved,1,initial_models_weighted_vote,0.0000,v7_initial_real_forged_fake_pdfs,21.60,59,534,,false,1200,5
X51006828201,test,test/img/X51006828201.jpg,test/box/X51006828201.txt,test/entities/X51006828201.txt,rejected,0,initial_models_weighted_vote,1.0000,v7_initial_real_forged_fake_pdfs,39.70,57,682,,false,1200,5
X51006828217,train,train/img/X51006828217.jpg,train/box/X51006828217.txt,train/entities/X51006828217.txt,rejected,0,initial_models_weighted_vote,0.5049,v7_initial_real_forged_fake_pdfs,14.40,34,528,,false,1200,5
X51006856981,train,train/img/X51006856981.jpg,train/box/X51006856981.txt,train/entities/X51006856981.txt,approved,1,initial_models_weighted_vote,0.0000,v7_initial_real_forged_fake_pdfs,13.78,46,680,,false,1200,5
X51006856982,test,test/img/X51006856982.jpg,test/box/X51006856982.txt,test/entities/X51006856982.txt,approved,1,initial_models_weighted_vote,0.0000,v7_initial_real_forged_fake_pdfs,108.21,63,937,,false,1200,5
X51006857071,train,train/img/X51006857071.jpg,train/box/X51006857071.txt,train/entities/X51006857071.txt,approved,1,initial_models_weighted_vote,0.0000,v7_initial_real_forged_fake_pdfs,148.00,41,520,,false,1200,5
X51006857126,test,test/img/X51006857126.jpg,test/box/X51006857126.txt,test/entities/X51006857126.txt,approved,1,initial_models_weighted_vote,0.0000,v7_initial_real_forged_fake_pdfs,28.80,54,575,,false,1200,5
X51006857132,test,test/img/X51006857132.jpg,test/box/X51006857132.txt,test/entities/X51006857132.txt,approved,1,initial_models_weighted_vote,0.0000,v7_initial_real_forged_fake_pdfs,23.80,42,643,,false,1200,5
X51006857137,test,test/img/X51006857137.jpg,test/box/X51006857137.txt,test/entities/X51006857137.txt,approved,1,initial_models_weighted_vote,0.0000,v7_initial_real_forged_fake_pdfs,3.30,26,403,,false,1200,5
X51006857265,train,train/img/X51006857265.jpg,train/box/X51006857265.txt,train/entities/X51006857265.txt,rejected,0,initial_models_weighted_vote,0.6966,v7_initial_real_forged_fake_pdfs,31.45,44,656,,false,1200,5
X51006857540,test,test/img/X51006857540.jpg,test/box/X51006857540.txt,test/entities/X51006857540.txt,rejected,0,initial_models_weighted_vote,1.0000,v7_initial_real_forged_fake_pdfs,270.10,70,900,,false,1200,5
X51006857660,train,train/img/X51006857660.jpg,train/box/X51006857660.txt,train/entities/X51006857660.txt,rejected,0,initial_models_weighted_vote,0.6332,v7_initial_real_forged_fake_pdfs,247.55,70,882,,false,1200,5
X51006867435,train,train/img/X51006867435.jpg,train/box/X51006867435.txt,train/entities/X51006867435.txt,approved,1,initial_models_weighted_vote,0.3388,v7_initial_real_forged_fake_pdfs,2.28,41,652,,false,1200,5
X51006867436,train,train/img/X51006867436.jpg,train/box/X51006867436.txt,train/entities/X51006867436.txt,approved,1,initial_models_weighted_vote,0.2623,v7_initial_real_forged_fake_pdfs,4.50,49,729,,false,1200,5
X51006882603,train,train/img/X51006882603.jpg,train/box/X51006882603.txt,train/entities/X51006882603.txt,approved,1,initial_models_weighted_vote,0.0000,v7_initial_real_forged_fake_pdfs,16.30,62,782,,false,1200,5
X51006912959,test,test/img/X51006912959.jpg,test/box/X51006912959.txt,test/entities/X51006912959.txt,approved,1,initial_models_weighted_vote,0.0000,v7_initial_real_forged_fake_pdfs,10.90,53,589,,false,1200,5
X51006912960,train,train/img/X51006912960.jpg,train/box/X51006912960.txt,train/entities/X51006912960.txt,approved,1,initial_models_weighted_vote,0.0000,v7_initial_real_forged_fake_pdfs,30.70,36,463,,false,1200,5
X51006912972,train,train/img/X51006912972.jpg,train/box/X51006912972.txt,train/entities/X51006912972.txt,rejected,0,initial_models_weighted_vote,1.0000,v7_initial_real_forged_fake_pdfs,8.20,39,566,,false,1200,5
X51006912974,train,train/img/X51006912974.jpg,train/box/X51006912974.txt,train/entities/X51006912974.txt,rejected,0,initial_models_weighted_vote,1.0000,v7_initial_real_forged_fake_pdfs,8.70,39,586,,false,1200,5
X51006912976,test,test/img/X51006912976.jpg,test/box/X51006912976.txt,test/entities/X51006912976.txt,approved,1,initial_models_weighted_vote,0.0000,v7_initial_real_forged_fake_pdfs,71.10,105,836,,false,1200,5
X51006912998,test,test/img/X51006912998.jpg,test/box/X51006912998.txt,test/entities/X51006912998.txt,rejected,0,initial_models_weighted_vote,1.0000,v7_initial_real_forged_fake_pdfs,50.00,26,396,,false,1200,5
X51006913007,train,train/img/X51006913007.jpg,train/box/X51006913007.txt,train/entities/X51006913007.txt,approved,1,initial_models_weighted_vote,0.2236,v7_initial_real_forged_fake_pdfs,99.90,69,875,,false,1200,5
X51006913018,test,test/img/X51006913018.jpg,test/box/X51006913018.txt,test/entities/X51006913018.txt,rejected,0,initial_models_weighted_vote,1.0000,v7_initial_real_forged_fake_pdfs,458.55,70,1116,,false,1200,5
X51006913019,train,train/img/X51006913019.jpg,train/box/X51006913019.txt,train/entities/X51006913019.txt,rejected,0,initial_models_weighted_vote,1.0000,v7_initial_real_forged_fake_pdfs,476.80,80,1232,,false,1200,5
X51006913023,train,train/img/X51006913023.jpg,train/box/X51006913023.txt,train/entities/X51006913023.txt,rejected,0,initial_models_weighted_vote,1.0000,v7_initial_real_forged_fake_pdfs,8.20,39,569,,false,1200,5
X51006913024,train,train/img/X51006913024.jpg,train/box/X51006913024.txt,train/entities/X51006913024.txt,rejected,0,initial_models_weighted_vote,1.0000,v7_initial_real_forged_fake_pdfs,8.90,39,579,,false,1200,5
X51006913028,train,train/img/X51006913028.jpg,train/box/X51006913028.txt,train/entities/X51006913028.txt,rejected,0,initial_models_weighted_vote,1.0000,v7_initial_real_forged_fake_pdfs,8.70,38,580,,false,1200,5
X51006913030,train,train/img/X51006913030.jpg,train/box/X51006913030.txt,train/entities/X51006913030.txt,rejected,0,initial_models_weighted_vote,0.7855,v7_initial_real_forged_fake_pdfs,10.30,39,576,,false,1200,5
X51006913031,train,train/img/X51006913031.jpg,train/box/X51006913031.txt,train/entities/X51006913031.txt,rejected,0,initial_models_weighted_vote,1.0000,v7_initial_real_forged_fake_pdfs,6.60,34,523,,false,1200,5
X51006913032,test,test/img/X51006913032.jpg,test/box/X51006913032.txt,test/entities/X51006913032.txt,rejected,0,initial_models_weighted_vote,1.0000,v7_initial_real_forged_fake_pdfs,12.20,51,713,,false,1200,5
X51006913051,train,train/img/X51006913051.jpg,train/box/X51006913051.txt,train/entities/X51006913051.txt,approved,1,initial_models_weighted_vote,0.0000,v7_initial_real_forged_fake_pdfs,31.00,63,571,,false,1200,5
X51006913054,train,train/img/X51006913054.jpg,train/box/X51006913054.txt,train/entities/X51006913054.txt,rejected,0,initial_models_weighted_vote,1.0000,v7_initial_real_forged_fake_pdfs,12.00,52,692,,false,1200,5
X51006913055,train,train/img/X51006913055.jpg,train/box/X51006913055.txt,train/entities/X51006913055.txt,approved,1,initial_models_weighted_vote,0.2348,v7_initial_real_forged_fake_pdfs,75.70,52,637,,false,1200,5
X51006913059,train,train/img/X51006913059.jpg,train/box/X51006913059.txt,train/entities/X51006913059.txt,rejected,0,initial_models_weighted_vote,1.0000,v7_initial_real_forged_fake_pdfs,11.40,44,621,,false,1200,5
X51006913060,test,test/img/X51006913060.jpg,test/box/X51006913060.txt,test/entities/X51006913060.txt,rejected,0,initial_models_weighted_vote,1.0000,v7_initial_real_forged_fake_pdfs,8.20,39,566,,false,1200,5
X51006913061,test,test/img/X51006913061.jpg,test/box/X51006913061.txt,test/entities/X51006913061.txt,rejected,0,initial_models_weighted_vote,1.0000,v7_initial_real_forged_fake_pdfs,9.20,39,573,,false,1200,5
X51006913068,train,train/img/X51006913068.jpg,train/box/X51006913068.txt,train/entities/X51006913068.txt,approved,1,initial_models_weighted_vote,0.0000,v7_initial_real_forged_fake_pdfs,11.10,32,549,,false,1200,5
X51006913070,train,train/img/X51006913070.jpg,train/box/X51006913070.txt,train/entities/X51006913070.txt,rejected,0,initial_models_weighted_vote,0.8155,v7_initial_real_forged_fake_pdfs,8.40,43,636,,false,1200,5
X51006913073,train,train/img/X51006913073.jpg,train/box/X51006913073.txt,train/entities/X51006913073.txt,rejected,0,initial_models_weighted_vote,1.0000,v7_initial_real_forged_fake_pdfs,10.70,43,639,,false,1200,5
X51006913074,train,train/img/X51006913074.jpg,train/box/X51006913074.txt,train/entities/X51006913074.txt,approved,1,initial_models_weighted_vote,0.0000,v7_initial_real_forged_fake_pdfs,6.70,75,901,,false,1200,5
X51007103578,train,train/img/X51007103578.jpg,train/box/X51007103578.txt,train/entities/X51007103578.txt,approved,1,initial_models_weighted_vote,0.2256,v7_initial_real_forged_fake_pdfs,31.20,63,815,,false,1200,5
X51007103597,test,test/img/X51007103597.jpg,test/box/X51007103597.txt,test/entities/X51007103597.txt,rejected,0,initial_models_weighted_vote,1.0000,v7_initial_real_forged_fake_pdfs,10.00,37,479,,false,1200,5
X51007103599,train,train/img/X51007103599.jpg,train/box/X51007103599.txt,train/entities/X51007103599.txt,approved,1,initial_models_weighted_vote,0.0000,v7_initial_real_forged_fake_pdfs,9.00,37,537,,false,1200,5
X51007103610,test,test/img/X51007103610.jpg,test/box/X51007103610.txt,test/entities/X51007103610.txt,approved,1,initial_models_weighted_vote,0.0000,v7_initial_real_forged_fake_pdfs,5.00,29,477,,false,1200,5
X51007103639,train,train/img/X51007103639.jpg,train/box/X51007103639.txt,train/entities/X51007103639.txt,rejected,0,initial_models_weighted_vote,1.0000,v7_initial_real_forged_fake_pdfs,15.40,49,666,,false,1200,5
X51007103641,train,train/img/X51007103641.jpg,train/box/X51007103641.txt,train/entities/X51007103641.txt,approved,1,initial_models_weighted_vote,0.0000,v7_initial_real_forged_fake_pdfs,34.80,57,748,,false,1200,5
X51007103643,train,train/img/X51007103643.jpg,train/box/X51007103643.txt,train/entities/X51007103643.txt,approved,1,initial_models_weighted_vote,0.0000,v7_initial_real_forged_fake_pdfs,34.80,57,748,,false,1200,5
X51007103649,test,test/img/X51007103649.jpg,test/box/X51007103649.txt,test/entities/X51007103649.txt,approved,1,initial_models_weighted_vote,0.0000,v7_initial_real_forged_fake_pdfs,48.90,39,622,,false,1200,5
X51007103668,test,test/img/X51007103668.jpg,test/box/X51007103668.txt,test/entities/X51007103668.txt,approved,1,initial_models_weighted_vote,0.0000,v7_initial_real_forged_fake_pdfs,27.20,43,610,,false,1200,5
X51007103675,train,train/img/X51007103675.jpg,train/box/X51007103675.txt,train/entities/X51007103675.txt,approved,1,initial_models_weighted_vote,0.3034,v7_initial_real_forged_fake_pdfs,48.10,50,632,,false,1200,5
X51007103681,train,train/img/X51007103681.jpg,train/box/X51007103681.txt,train/entities/X51007103681.txt,approved,1,initial_models_weighted_vote,0.3388,v7_initial_real_forged_fake_pdfs,2.10,34,480,,false,1200,5
X51007103687,test,test/img/X51007103687.jpg,test/box/X51007103687.txt,test/entities/X51007103687.txt,rejected,0,initial_models_weighted_vote,1.0000,v7_initial_real_forged_fake_pdfs,1.90,36,507,,false,1200,5
X51007103688,train,train/img/X51007103688.jpg,train/box/X51007103688.txt,train/entities/X51007103688.txt,approved,1,initial_models_weighted_vote,0.0000,v7_initial_real_forged_fake_pdfs,38.00,36,522,,false,1200,5
X51007103691,train,train/img/X51007103691.jpg,train/box/X51007103691.txt,train/entities/X51007103691.txt,approved,1,initial_models_weighted_vote,0.0000,v7_initial_real_forged_fake_pdfs,26.10,44,663,,false,1200,5
X51007103692,train,train/img/X51007103692.jpg,train/box/X51007103692.txt,train/entities/X51007103692.txt,rejected,0,initial_models_weighted_vote,0.6612,v7_initial_real_forged_fake_pdfs,53.20,51,631,,false,1200,5
X51007103702,train,train/img/X51007103702.jpg,train/box/X51007103702.txt,train/entities/X51007103702.txt,rejected,0,initial_models_weighted_vote,0.6525,v7_initial_real_forged_fake_pdfs,5.00,44,593,,false,1200,5
X51007135037,train,train/img/X51007135037.jpg,train/box/X51007135037.txt,train/entities/X51007135037.txt,rejected,0,initial_models_weighted_vote,0.5121,v7_initial_real_forged_fake_pdfs,72.00,49,701,,false,1200,5
X51007135247,train,train/img/X51007135247.jpg,train/box/X51007135247.txt,train/entities/X51007135247.txt,approved,1,initial_models_weighted_vote,0.0000,v7_initial_real_forged_fake_pdfs,37.45,32,496,,false,1200,5
X51007225398,train,train/img/X51007225398.jpg,train/box/X51007225398.txt,train/entities/X51007225398.txt,approved,1,initial_models_weighted_vote,0.3388,v7_initial_real_forged_fake_pdfs,27.00,46,679,,false,1200,5
X51007225399,train,train/img/X51007225399.jpg,train/box/X51007225399.txt,train/entities/X51007225399.txt,rejected,0,initial_models_weighted_vote,1.0000,v7_initial_real_forged_fake_pdfs,156.00,62,865,,false,1200,5
X51007225406,test,test/img/X51007225406.jpg,test/box/X51007225406.txt,test/entities/X51007225406.txt,rejected,0,initial_models_weighted_vote,1.0000,v7_initial_real_forged_fake_pdfs,24.90,51,521,,false,1200,5
X51007225417,train,train/img/X51007225417.jpg,train/box/X51007225417.txt,train/entities/X51007225417.txt,rejected,0,initial_models_weighted_vote,0.5121,v7_initial_real_forged_fake_pdfs,51.00,55,760,,false,1200,5
X51007225442,train,train/img/X51007225442.jpg,train/box/X51007225442.txt,train/entities/X51007225442.txt,approved,1,initial_models_weighted_vote,0.0000,v7_initial_real_forged_fake_pdfs,23.00,49,662,,false,1200,5
X51007228448,train,train/img/X51007228448.jpg,train/box/X51007228448.txt,train/entities/X51007228448.txt,approved,1,initial_models_weighted_vote,0.2236,v7_initial_real_forged_fake_pdfs,11.60,42,428,,false,1200,5
X51007231274,test,test/img/X51007231274.jpg,test/box/X51007231274.txt,test/entities/X51007231274.txt,rejected,0,initial_models_weighted_vote,1.0000,v7_initial_real_forged_fake_pdfs,7.30,39,569,,false,1200,5
X51007231275,test,test/img/X51007231275.jpg,test/box/X51007231275.txt,test/entities/X51007231275.txt,rejected,0,initial_models_weighted_vote,1.0000,v7_initial_real_forged_fake_pdfs,6.60,35,529,,false,1200,5
X51007231276,test,test/img/X51007231276.jpg,test/box/X51007231276.txt,test/entities/X51007231276.txt,rejected,0,initial_models_weighted_vote,1.0000,v7_initial_real_forged_fake_pdfs,8.20,39,565,,false,1200,5
X51007231331,test,test/img/X51007231331.jpg,test/box/X51007231331.txt,test/entities/X51007231331.txt,rejected,0,initial_models_weighted_vote,1.0000,v7_initial_real_forged_fake_pdfs,7.80,51,690,,false,1200,5
X51007231336,train,train/img/X51007231336.jpg,train/box/X51007231336.txt,train/entities/X51007231336.txt,rejected,0,initial_models_weighted_vote,1.0000,v7_initial_real_forged_fake_pdfs,8.70,39,582,,false,1200,5
X51007231338,train,train/img/X51007231338.jpg,train/box/X51007231338.txt,train/entities/X51007231338.txt,approved,1,initial_models_weighted_vote,0.0000,v7_initial_real_forged_fake_pdfs,9.45,66,705,,false,1200,5
X51007231341,test,test/img/X51007231341.jpg,test/box/X51007231341.txt,test/entities/X51007231341.txt,rejected,0,initial_models_weighted_vote,1.0000,v7_initial_real_forged_fake_pdfs,8.20,39,579,,false,1200,5
X51007231343,test,test/img/X51007231343.jpg,test/box/X51007231343.txt,test/entities/X51007231343.txt,rejected,0,initial_models_weighted_vote,1.0000,v7_initial_real_forged_fake_pdfs,6.60,35,530,,false,1200,5
X51007231344,train,train/img/X51007231344.jpg,train/box/X51007231344.txt,train/entities/X51007231344.txt,rejected,0,initial_models_weighted_vote,1.0000,v7_initial_real_forged_fake_pdfs,11.20,43,626,,false,1200,5
X51007231346,test,test/img/X51007231346.jpg,test/box/X51007231346.txt,test/entities/X51007231346.txt,approved,1,initial_models_weighted_vote,0.0000,v7_initial_real_forged_fake_pdfs,60.00,39,551,,false,1200,5
X51007231361,train,train/img/X51007231361.jpg,train/box/X51007231361.txt,train/entities/X51007231361.txt,rejected,0,initial_models_weighted_vote,1.0000,v7_initial_real_forged_fake_pdfs,164.80,74,808,,false,1200,5
X51007231364,test,test/img/X51007231364.jpg,test/box/X51007231364.txt,test/entities/X51007231364.txt,approved,1,initial_models_weighted_vote,0.0000,v7_initial_real_forged_fake_pdfs,32.25,31,488,,false,1200,5
X51007231365,train,train/img/X51007231365.jpg,train/box/X51007231365.txt,train/entities/X51007231365.txt,rejected,0,initial_models_weighted_vote,1.0000,v7_initial_real_forged_fake_pdfs,28.50,61,698,,false,1200,5
X51007231370,train,train/img/X51007231370.jpg,train/box/X51007231370.txt,train/entities/X51007231370.txt,approved,1,initial_models_weighted_vote,0.0000,v7_initial_real_forged_fake_pdfs,15.15,40,413,,false,1200,5
X51007231372,test,test/img/X51007231372.jpg,test/box/X51007231372.txt,test/entities/X51007231372.txt,rejected,0,initial_models_weighted_vote,1.0000,v7_initial_real_forged_fake_pdfs,38.35,54,710,,false,1200,5
X51007231374,train,train/img/X51007231374.jpg,train/box/X51007231374.txt,train/entities/X51007231374.txt,approved,1,initial_models_weighted_vote,0.2630,v7_initial_real_forged_fake_pdfs,24.40,44,517,,false,1200,5
X51007262315,train,train/img/X51007262315.jpg,train/box/X51007262315.txt,train/entities/X51007262315.txt,approved,1,initial_models_weighted_vote,0.0000,v7_initial_real_forged_fake_pdfs,70.30,47,749,,false,1200,5
X51007262328,train,train/img/X51007262328.jpg,train/box/X51007262328.txt,train/entities/X51007262328.txt,rejected,0,initial_models_weighted_vote,0.6661,v7_initial_real_forged_fake_pdfs,25.00,58,637,,false,1200,5
X51007262330,train,train/img/X51007262330.jpg,train/box/X51007262330.txt,train/entities/X51007262330.txt,approved,1,initial_models_weighted_vote,0.0000,v7_initial_real_forged_fake_pdfs,41.20,45,605,,false,1200,5
X51007339094,train,train/img/X51007339094.jpg,train/box/X51007339094.txt,train/entities/X51007339094.txt,approved,1,initial_models_weighted_vote,0.0000,v7_initial_real_forged_fake_pdfs,35.00,47,792,,false,1200,5
X51007339095,train,train/img/X51007339095.jpg,train/box/X51007339095.txt,train/entities/X51007339095.txt,rejected,0,initial_models_weighted_vote,0.6661,v7_initial_real_forged_fake_pdfs,14.90,51,816,,false,1200,5
X51007339097,train,train/img/X51007339097.jpg,train/box/X51007339097.txt,train/entities/X51007339097.txt,approved,1,initial_models_weighted_vote,0.2541,v7_initial_real_forged_fake_pdfs,8.70,47,754,,false,1200,5
X51007339098,train,train/img/X51007339098.jpg,train/box/X51007339098.txt,train/entities/X51007339098.txt,approved,1,initial_models_weighted_vote,0.2256,v7_initial_real_forged_fake_pdfs,8.70,46,754,,false,1200,5
X51007339100,train,train/img/X51007339100.jpg,train/box/X51007339100.txt,train/entities/X51007339100.txt,approved,1,initial_models_weighted_vote,0.0000,v7_initial_real_forged_fake_pdfs,3.00,46,759,,false,1200,5
X51007339105,test,test/img/X51007339105.jpg,test/box/X51007339105.txt,test/entities/X51007339105.txt,approved,1,initial_models_weighted_vote,0.0000,v7_initial_real_forged_fake_pdfs,3.30,46,768,,false,1200,5
X51007339106,train,train/img/X51007339106.jpg,train/box/X51007339106.txt,train/entities/X51007339106.txt,approved,1,initial_models_weighted_vote,0.0000,v7_initial_real_forged_fake_pdfs,43.70,53,858,,false,1200,5
X51007339107,train,train/img/X51007339107.jpg,train/box/X51007339107.txt,train/entities/X51007339107.txt,approved,1,initial_models_weighted_vote,0.4879,v7_initial_real_forged_fake_pdfs,14.90,52,839,,false,1200,5
X51007339109,test,test/img/X51007339109.jpg,test/box/X51007339109.txt,test/entities/X51007339109.txt,rejected,0,initial_models_weighted_vote,1.0000,v7_initial_real_forged_fake_pdfs,8.70,46,755,,false,1200,5
X51007339110,train,train/img/X51007339110.jpg,train/box/X51007339110.txt,train/entities/X51007339110.txt,approved,1,initial_models_weighted_vote,0.0000,v7_initial_real_forged_fake_pdfs,2.00,45,737,,false,1200,5
X51007339111,train,train/img/X51007339111.jpg,train/box/X51007339111.txt,train/entities/X51007339111.txt,approved,1,initial_models_weighted_vote,0.0000,v7_initial_real_forged_fake_pdfs,3.00,45,736,,false,1200,5
X51007339112,train,train/img/X51007339112.jpg,train/box/X51007339112.txt,train/entities/X51007339112.txt,approved,1,initial_models_weighted_vote,0.3388,v7_initial_real_forged_fake_pdfs,5.80,46,754,,false,1200,5
X51007339113,train,train/img/X51007339113.jpg,train/box/X51007339113.txt,train/entities/X51007339113.txt,approved,1,initial_models_weighted_vote,0.0000,v7_initial_real_forged_fake_pdfs,5.80,46,754,,false,1200,5
X51007339114,train,train/img/X51007339114.jpg,train/box/X51007339114.txt,train/entities/X51007339114.txt,rejected,0,initial_models_weighted_vote,0.6083,v7_initial_real_forged_fake_pdfs,36.00,53,858,,false,1200,5
X51007339115,train,train/img/X51007339115.jpg,train/box/X51007339115.txt,train/entities/X51007339115.txt,approved,1,initial_models_weighted_vote,0.3274,v7_initial_real_forged_fake_pdfs,3.90,46,769,,false,1200,5
X51007339116,test,test/img/X51007339116.jpg,test/box/X51007339116.txt,test/entities/X51007339116.txt,approved,1,initial_models_weighted_vote,0.0000,v7_initial_real_forged_fake_pdfs,21.90,46,773,,false,1200,5
X51007339117,train,train/img/X51007339117.jpg,train/box/X51007339117.txt,train/entities/X51007339117.txt,rejected,0,initial_models_weighted_vote,0.7744,v7_initial_real_forged_fake_pdfs,33.50,53,857,,false,1200,5
X51007339118,train,train/img/X51007339118.jpg,train/box/X51007339118.txt,train/entities/X51007339118.txt,approved,1,initial_models_weighted_vote,0.0000,v7_initial_real_forged_fake_pdfs,2.00,45,738,,false,1200,5
X51007339119,test,test/img/X51007339119.jpg,test/box/X51007339119.txt,test/entities/X51007339119.txt,rejected,0,initial_models_weighted_vote,1.0000,v7_initial_real_forged_fake_pdfs,2.00,46,751,,false,1200,5
X51007339120,train,train/img/X51007339120.jpg,train/box/X51007339120.txt,train/entities/X51007339120.txt,approved,1,initial_models_weighted_vote,0.0000,v7_initial_real_forged_fake_pdfs,9.30,52,832,,false,1200,5
X51007339121,test,test/img/X51007339121.jpg,test/box/X51007339121.txt,test/entities/X51007339121.txt,approved,1,initial_models_weighted_vote,0.0000,v7_initial_real_forged_fake_pdfs,8.70,46,755,,false,1200,5
X51007339122,test,test/img/X51007339122.jpg,test/box/X51007339122.txt,test/entities/X51007339122.txt,approved,1,initial_models_weighted_vote,0.0000,v7_initial_real_forged_fake_pdfs,8.70,46,756,,false,1200,5
X51007339125,test,test/img/X51007339125.jpg,test/box/X51007339125.txt,test/entities/X51007339125.txt,approved,1,initial_models_weighted_vote,0.0000,v7_initial_real_forged_fake_pdfs,8.70,46,755,,false,1200,5
X51007339126,train,train/img/X51007339126.jpg,train/box/X51007339126.txt,train/entities/X51007339126.txt,approved,1,initial_models_weighted_vote,0.4866,v7_initial_real_forged_fake_pdfs,12.00,51,805,,false,1200,5
X51007339127,test,test/img/X51007339127.jpg,test/box/X51007339127.txt,test/entities/X51007339127.txt,approved,1,initial_models_weighted_vote,0.0000,v7_initial_real_forged_fake_pdfs,3.00,46,760,,false,1200,5
X51007339130,train,train/img/X51007339130.jpg,train/box/X51007339130.txt,train/entities/X51007339130.txt,rejected,0,initial_models_weighted_vote,0.5049,v7_initial_real_forged_fake_pdfs,8.70,46,755,,false,1200,5
X51007339131,train,train/img/X51007339131.jpg,train/box/X51007339131.txt,train/entities/X51007339131.txt,approved,1,initial_models_weighted_vote,0.0000,v7_initial_real_forged_fake_pdfs,12.40,52,827,,false,1200,5
X51007339132,train,train/img/X51007339132.jpg,train/box/X51007339132.txt,train/entities/X51007339132.txt,approved,1,initial_models_weighted_vote,0.0000,v7_initial_real_forged_fake_pdfs,8.70,43,664,,false,1200,5
X51007339133,train,train/img/X51007339133.jpg,train/box/X51007339133.txt,train/entities/X51007339133.txt,approved,1,initial_models_weighted_vote,0.0000,v7_initial_real_forged_fake_pdfs,8.70,46,755,,false,1200,5
X51007339134,test,test/img/X51007339134.jpg,test/box/X51007339134.txt,test/entities/X51007339134.txt,rejected,0,initial_models_weighted_vote,1.0000,v7_initial_real_forged_fake_pdfs,8.70,46,755,,false,1200,5
X51007339135,train,train/img/X51007339135.jpg,train/box/X51007339135.txt,train/entities/X51007339135.txt,rejected,0,initial_models_weighted_vote,1.0000,v7_initial_real_forged_fake_pdfs,8.70,46,754,,false,1200,5
X51007339136,train,train/img/X51007339136.jpg,train/box/X51007339136.txt,train/entities/X51007339136.txt,approved,1,initial_models_weighted_vote,0.0000,v7_initial_real_forged_fake_pdfs,46.90,65,989,,false,1200,5
X51007339139,train,train/img/X51007339139.jpg,train/box/X51007339139.txt,train/entities/X51007339139.txt,approved,1,initial_models_weighted_vote,0.0000,v7_initial_real_forged_fake_pdfs,10.00,45,743,,false,1200,5
X51007339146,train,train/img/X51007339146.jpg,train/box/X51007339146.txt,train/entities/X51007339146.txt,approved,1,initial_models_weighted_vote,0.0000,v7_initial_real_forged_fake_pdfs,16.50,52,836,,false,1200,5
X51007339150,train,train/img/X51007339150.jpg,train/box/X51007339150.txt,train/entities/X51007339150.txt,approved,1,initial_models_weighted_vote,0.0000,v7_initial_real_forged_fake_pdfs,35.00,47,793,,false,1200,5
X51007339151,train,train/img/X51007339151.jpg,train/box/X51007339151.txt,train/entities/X51007339151.txt,approved,1,initial_models_weighted_vote,0.0000,v7_initial_real_forged_fake_pdfs,8.70,46,755,,false,1200,5
X51007339152,train,train/img/X51007339152.jpg,train/box/X51007339152.txt,train/entities/X51007339152.txt,approved,1,initial_models_weighted_vote,0.4660,v7_initial_real_forged_fake_pdfs,4.50,46,762,,false,1200,5
X51007339156,train,train/img/X51007339156.jpg,train/box/X51007339156.txt,train/entities/X51007339156.txt,approved,1,initial_models_weighted_vote,0.0000,v7_initial_real_forged_fake_pdfs,8.70,46,755,,false,1200,5
X51007339157,train,train/img/X51007339157.jpg,train/box/X51007339157.txt,train/entities/X51007339157.txt,approved,1,initial_models_weighted_vote,0.0000,v7_initial_real_forged_fake_pdfs,5.00,46,750,,false,1200,5
X51007339158,train,train/img/X51007339158.jpg,train/box/X51007339158.txt,train/entities/X51007339158.txt,approved,1,initial_models_weighted_vote,0.3339,v7_initial_real_forged_fake_pdfs,5.00,46,753,,false,1200,5
X51007339159,test,test/img/X51007339159.jpg,test/box/X51007339159.txt,test/entities/X51007339159.txt,approved,1,initial_models_weighted_vote,0.0000,v7_initial_real_forged_fake_pdfs,8.70,52,819,,false,1200,5
X51007339160,test,test/img/X51007339160.jpg,test/box/X51007339160.txt,test/entities/X51007339160.txt,rejected,0,initial_models_weighted_vote,1.0000,v7_initial_real_forged_fake_pdfs,3.90,52,834,,false,1200,5
X51007339161,test,test/img/X51007339161.jpg,test/box/X51007339161.txt,test/entities/X51007339161.txt,approved,1,initial_models_weighted_vote,0.0000,v7_initial_real_forged_fake_pdfs,2.30,52,830,,false,1200,5
X51007339162,train,train/img/X51007339162.jpg,train/box/X51007339162.txt,train/entities/X51007339162.txt,rejected,0,initial_models_weighted_vote,1.0000,v7_initial_real_forged_fake_pdfs,8.70,52,819,,false,1200,5
X51007339163,test,test/img/X51007339163.jpg,test/box/X51007339163.txt,test/entities/X51007339163.txt,approved,1,initial_models_weighted_vote,0.0000,v7_initial_real_forged_fake_pdfs,10.90,57,873,,false,1200,5
X51007339164,train,train/img/X51007339164.jpg,train/box/X51007339164.txt,train/entities/X51007339164.txt,approved,1,initial_models_weighted_vote,0.2630,v7_initial_real_forged_fake_pdfs,9.30,52,831,,false,1200,5
X51007339165,train,train/img/X51007339165.jpg,train/box/X51007339165.txt,train/entities/X51007339165.txt,approved,1,initial_models_weighted_vote,0.0000,v7_initial_real_forged_fake_pdfs,33.60,56,908,,false,1200,5
X51007339166,train,train/img/X51007339166.jpg,train/box/X51007339166.txt,train/entities/X51007339166.txt,rejected,0,initial_models_weighted_vote,1.0000,v7_initial_real_forged_fake_pdfs,3.90,50,830,,false,1200,5
X51007339167,train,train/img/X51007339167.jpg,train/box/X51007339167.txt,train/entities/X51007339167.txt,approved,1,initial_models_weighted_vote,0.0000,v7_initial_real_forged_fake_pdfs,7.00,50,827,,false,1200,5
X51007339638,test,test/img/X51007339638.jpg,test/box/X51007339638.txt,test/entities/X51007339638.txt,rejected,0,initial_models_weighted_vote,1.0000,v7_initial_real_forged_fake_pdfs,28.00,58,777,,false,1200,5
X51007339639,train,train/img/X51007339639.jpg,train/box/X51007339639.txt,train/entities/X51007339639.txt,rejected,0,initial_models_weighted_vote,1.0000,v7_initial_real_forged_fake_pdfs,4.00,58,770,,false,1200,5
X51007339642,train,train/img/X51007339642.jpg,train/box/X51007339642.txt,train/entities/X51007339642.txt,approved,1,initial_models_weighted_vote,0.2236,v7_initial_real_forged_fake_pdfs,14.00,57,779,,false,1200,5
X51007339643,train,train/img/X51007339643.jpg,train/box/X51007339643.txt,train/entities/X51007339643.txt,approved,1,initial_models_weighted_vote,0.0000,v7_initial_real_forged_fake_pdfs,6.00,58,778,,false,1200,5
X51007339647,train,train/img/X51007339647.jpg,train/box/X51007339647.txt,train/entities/X51007339647.txt,approved,1,initial_models_weighted_vote,0.3034,v7_initial_real_forged_fake_pdfs,16.00,58,773,,false,1200,5
X51007339648,train,train/img/X51007339648.jpg,train/box/X51007339648.txt,train/entities/X51007339648.txt,approved,1,initial_models_weighted_vote,0.1845,v7_initial_real_forged_fake_pdfs,30.00,58,780,,false,1200,5
X51007339650,train,train/img/X51007339650.jpg,train/box/X51007339650.txt,train/entities/X51007339650.txt,approved,1,initial_models_weighted_vote,0.0000,v7_initial_real_forged_fake_pdfs,24.00,57,790,,false,1200,5
X51007339651,train,train/img/X51007339651.jpg,train/box/X51007339651.txt,train/entities/X51007339651.txt,approved,1,initial_models_weighted_vote,0.0000,v7_initial_real_forged_fake_pdfs,7.00,58,775,,false,1200,5
X51007339653,train,train/img/X51007339653.jpg,train/box/X51007339653.txt,train/entities/X51007339653.txt,rejected,0,initial_models_weighted_vote,0.7459,v7_initial_real_forged_fake_pdfs,24.00,57,653,,false,1200,5
X51007339656,train,train/img/X51007339656.jpg,train/box/X51007339656.txt,train/entities/X51007339656.txt,approved,1,initial_models_weighted_vote,0.2706,v7_initial_real_forged_fake_pdfs,16.00,58,773,,false,1200,5
X51007339657,train,train/img/X51007339657.jpg,train/box/X51007339657.txt,train/entities/X51007339657.txt,approved,1,initial_models_weighted_vote,0.0000,v7_initial_real_forged_fake_pdfs,2.50,64,824,,false,1200,5
X51007339658,train,train/img/X51007339658.jpg,train/box/X51007339658.txt,train/entities/X51007339658.txt,approved,1,initial_models_weighted_vote,0.0000,v7_initial_real_forged_fake_pdfs,28.00,58,777,,false,1200,5
X51007391372,train,train/img/X51007391372.jpg,train/box/X51007391372.txt,train/entities/X51007391372.txt,approved,1,initial_models_weighted_vote,0.3274,v7_initial_real_forged_fake_pdfs,52.00,63,671,,false,1200,5
X51007391390,test,test/img/X51007391390.jpg,test/box/X51007391390.txt,test/entities/X51007391390.txt,approved,1,initial_models_weighted_vote,0.0000,v7_initial_real_forged_fake_pdfs,3.00,52,531,,false,1200,5
X51007419197,train,train/img/X51007419197.jpg,train/box/X51007419197.txt,train/entities/X51007419197.txt,approved,1,initial_models_weighted_vote,0.2236,v7_initial_real_forged_fake_pdfs,6.00,38,569,,false,1200,5
X51007433809,test,test/img/X51007433809.jpg,test/box/X51007433809.txt,test/entities/X51007433809.txt,rejected,0,initial_models_weighted_vote,1.0000,v7_initial_real_forged_fake_pdfs,190.00,60,634,,false,1200,5
X51007579714,test,test/img/X51007579714.jpg,test/box/X51007579714.txt,test/entities/X51007579714.txt,approved,1,initial_models_weighted_vote,0.0000,v7_initial_real_forged_fake_pdfs,61.70,103,834,,false,1200,5
X51007579719,test,test/img/X51007579719.jpg,test/box/X51007579719.txt,test/entities/X51007579719.txt,approved,1,initial_models_weighted_vote,0.0000,v7_initial_real_forged_fake_pdfs,20.70,73,639,,false,1200,5
X51007579725,test,test/img/X51007579725.jpg,test/box/X51007579725.txt,test/entities/X51007579725.txt,rejected,0,initial_models_weighted_vote,1.0000,v7_initial_real_forged_fake_pdfs,58.70,45,462,,false,1200,5
X51007579726,train,train/img/X51007579726.jpg,train/box/X51007579726.txt,train/entities/X51007579726.txt,approved,1,initial_models_weighted_vote,0.0000,v7_initial_real_forged_fake_pdfs,30.00,56,702,,false,1200,5
X51007843145,train,train/img/X51007843145.jpg,train/box/X51007843145.txt,train/entities/X51007843145.txt,approved,1,initial_models_weighted_vote,0.2236,v7_initial_real_forged_fake_pdfs,50.00,47,582,,false,1200,5
X51007846266,test,test/img/X51007846266.jpg,test/box/X51007846266.txt,test/entities/X51007846266.txt,rejected,0,initial_models_weighted_vote,1.0000,v7_initial_real_forged_fake_pdfs,8.75,41,571,,false,1200,5
X51007846268,test,test/img/X51007846268.jpg,test/box/X51007846268.txt,test/entities/X51007846268.txt,rejected,0,initial_models_weighted_vote,1.0000,v7_initial_real_forged_fake_pdfs,10.35,51,679,,false,1200,5
X51007846269,train,train/img/X51007846269.jpg,train/box/X51007846269.txt,train/entities/X51007846269.txt,rejected,0,initial_models_weighted_vote,1.0000,v7_initial_real_forged_fake_pdfs,7.70,41,570,,false,1200,5
X51007846270,train,train/img/X51007846270.jpg,train/box/X51007846270.txt,train/entities/X51007846270.txt,approved,1,initial_models_weighted_vote,0.0000,v7_initial_real_forged_fake_pdfs,21.85,75,811,,false,1200,5
X51007846282,test,test/img/X51007846282.jpg,test/box/X51007846282.txt,test/entities/X51007846282.txt,rejected,0,initial_models_weighted_vote,1.0000,v7_initial_real_forged_fake_pdfs,16.20,62,700,,false,1200,5
X51007846283,test,test/img/X51007846283.jpg,test/box/X51007846283.txt,test/entities/X51007846283.txt,rejected,0,initial_models_weighted_vote,1.0000,v7_initial_real_forged_fake_pdfs,147.45,112,1307,,false,1200,5
X51007846286,train,train/img/X51007846286.jpg,train/box/X51007846286.txt,train/entities/X51007846286.txt,rejected,0,initial_models_weighted_vote,1.0000,v7_initial_real_forged_fake_pdfs,7.70,45,625,,false,1200,5
X51007846288,test,test/img/X51007846288.jpg,test/box/X51007846288.txt,test/entities/X51007846288.txt,rejected,0,initial_models_weighted_vote,1.0000,v7_initial_real_forged_fake_pdfs,7.25,41,569,,false,1200,5
X51007846289,test,test/img/X51007846289.jpg,test/box/X51007846289.txt,test/entities/X51007846289.txt,rejected,0,initial_models_weighted_vote,1.0000,v7_initial_real_forged_fake_pdfs,15.00,69,762,,false,1200,5
X51007846290,test,test/img/X51007846290.jpg,test/box/X51007846290.txt,test/entities/X51007846290.txt,rejected,0,initial_models_weighted_vote,1.0000,v7_initial_real_forged_fake_pdfs,8.20,41,590,,false,1200,5
X51007846301,train,train/img/X51007846301.jpg,train/box/X51007846301.txt,train/entities/X51007846301.txt,rejected,0,initial_models_weighted_vote,0.6966,v7_initial_real_forged_fake_pdfs,8.50,46,622,,false,1200,5
X51007846302,train,train/img/X51007846302.jpg,train/box/X51007846302.txt,train/entities/X51007846302.txt,approved,1,initial_models_weighted_vote,0.0000,v7_initial_real_forged_fake_pdfs,15.40,75,817,,false,1200,5
X51007846303,test,test/img/X51007846303.jpg,test/box/X51007846303.txt,test/entities/X51007846303.txt,rejected,0,initial_models_weighted_vote,1.0000,v7_initial_real_forged_fake_pdfs,6.70,36,540,,false,1200,5
X51007846304,test,test/img/X51007846304.jpg,test/box/X51007846304.txt,test/entities/X51007846304.txt,rejected,0,initial_models_weighted_vote,1.0000,v7_initial_real_forged_fake_pdfs,7.50,51,662,,false,1200,5
X51007846305,train,train/img/X51007846305.jpg,train/box/X51007846305.txt,train/entities/X51007846305.txt,approved,1,initial_models_weighted_vote,0.3022,v7_initial_real_forged_fake_pdfs,127.35,105,1253,,false,1200,5
X51007846307,train,train/img/X51007846307.jpg,train/box/X51007846307.txt,train/entities/X51007846307.txt,rejected,0,initial_models_weighted_vote,1.0000,v7_initial_real_forged_fake_pdfs,7.70,41,569,,false,1200,5
X51007846309,train,train/img/X51007846309.jpg,train/box/X51007846309.txt,train/entities/X51007846309.txt,rejected,0,initial_models_weighted_vote,1.0000,v7_initial_real_forged_fake_pdfs,6.00,40,566,,false,1200,5
X51007846310,test,test/img/X51007846310.jpg,test/box/X51007846310.txt,test/entities/X51007846310.txt,approved,1,initial_models_weighted_vote,0.0000,v7_initial_real_forged_fake_pdfs,28.20,73,804,,false,1200,5
X51007846321,test,test/img/X51007846321.jpg,test/box/X51007846321.txt,test/entities/X51007846321.txt,approved,1,initial_models_weighted_vote,0.0000,v7_initial_real_forged_fake_pdfs,103.85,53,554,,false,1200,5
X51007846325,train,train/img/X51007846325.jpg,train/box/X51007846325.txt,train/entities/X51007846325.txt,rejected,0,initial_models_weighted_vote,0.6726,v7_initial_real_forged_fake_pdfs,25.85,70,839,,false,1200,5
X51007846326,train,train/img/X51007846326.jpg,train/box/X51007846326.txt,train/entities/X51007846326.txt,rejected,0,initial_models_weighted_vote,0.7408,v7_initial_real_forged_fake_pdfs,10.30,56,612,,false,1200,5
X51007846350,train,train/img/X51007846350.jpg,train/box/X51007846350.txt,train/entities/X51007846350.txt,approved,1,initial_models_weighted_vote,0.0000,v7_initial_real_forged_fake_pdfs,14.20,79,802,,false,1200,5
X51007846353,train,train/img/X51007846353.jpg,train/box/X51007846353.txt,train/entities/X51007846353.txt,approved,1,initial_models_weighted_vote,0.3339,v7_initial_real_forged_fake_pdfs,28.15,67,630,,false,1200,5
X51007846355,test,test/img/X51007846355.jpg,test/box/X51007846355.txt,test/entities/X51007846355.txt,approved,1,initial_models_weighted_vote,0.0000,v7_initial_real_forged_fake_pdfs,8.95,49,745,,false,1200,5
X51007846357,train,train/img/X51007846357.jpg,train/box/X51007846357.txt,train/entities/X51007846357.txt,rejected,0,initial_models_weighted_vote,0.7744,v7_initial_real_forged_fake_pdfs,43.40,42,416,,false,1200,5
X51007846358,test,test/img/X51007846358.jpg,test/box/X51007846358.txt,test/entities/X51007846358.txt,rejected,0,initial_models_weighted_vote,1.0000,v7_initial_real_forged_fake_pdfs,28.00,70,760,,false,1200,5
X51007846360,test,test/img/X51007846360.jpg,test/box/X51007846360.txt,test/entities/X51007846360.txt,approved,1,initial_models_weighted_vote,0.0000,v7_initial_real_forged_fake_pdfs,46.20,53,700,,false,1200,5
X51007846361,test,test/img/X51007846361.jpg,test/box/X51007846361.txt,test/entities/X51007846361.txt,approved,1,initial_models_weighted_vote,0.0000,v7_initial_real_forged_fake_pdfs,102.40,55,507,,false,1200,5
X51007846366,train,train/img/X51007846366.jpg,train/box/X51007846366.txt,train/entities/X51007846366.txt,approved,1,initial_models_weighted_vote,0.2322,v7_initial_real_forged_fake_pdfs,38.60,61,861,,false,1200,5
X51007846368,train,train/img/X51007846368.jpg,train/box/X51007846368.txt,train/entities/X51007846368.txt,rejected,0,initial_models_weighted_vote,1.0000,v7_initial_real_forged_fake_pdfs,473.30,141,969,,false,1200,5
X51007846370,train,train/img/X51007846370.jpg,train/box/X51007846370.txt,train/entities/X51007846370.txt,approved,1,initial_models_weighted_vote,0.3517,v7_initial_real_forged_fake_pdfs,7.70,39,583,,false,1200,5
X51007846371,test,test/img/X51007846371.jpg,test/box/X51007846371.txt,test/entities/X51007846371.txt,rejected,0,initial_models_weighted_vote,1.0000,v7_initial_real_forged_fake_pdfs,8.85,46,657,,false,1200,5
X51007846372,test,test/img/X51007846372.jpg,test/box/X51007846372.txt,test/entities/X51007846372.txt,rejected,0,initial_models_weighted_vote,1.0000,v7_initial_real_forged_fake_pdfs,10.15,43,631,,false,1200,5
X51007846379,test,test/img/X51007846379.jpg,test/box/X51007846379.txt,test/entities/X51007846379.txt,approved,1,initial_models_weighted_vote,0.0000,v7_initial_real_forged_fake_pdfs,79.45,73,1103,,false,1200,5
X51007846387,test,test/img/X51007846387.jpg,test/box/X51007846387.txt,test/entities/X51007846387.txt,rejected,0,initial_models_weighted_vote,1.0000,v7_initial_real_forged_fake_pdfs,9.30,54,590,,false,1200,5
X51007846388,train,train/img/X51007846388.jpg,train/box/X51007846388.txt,train/entities/X51007846388.txt,rejected,0,initial_models_weighted_vote,1.0000,v7_initial_real_forged_fake_pdfs,8.20,39,590,,false,1200,5
X51007846391,train,train/img/X51007846391.jpg,train/box/X51007846391.txt,train/entities/X51007846391.txt,rejected,0,initial_models_weighted_vote,0.5368,v7_initial_real_forged_fake_pdfs,8.20,39,590,,false,1200,5
X51007846392,test,test/img/X51007846392.jpg,test/box/X51007846392.txt,test/entities/X51007846392.txt,rejected,0,initial_models_weighted_vote,1.0000,v7_initial_real_forged_fake_pdfs,8.45,43,629,,false,1200,5
X51007846393,train,train/img/X51007846393.jpg,train/box/X51007846393.txt,train/entities/X51007846393.txt,approved,1,initial_models_weighted_vote,0.2541,v7_initial_real_forged_fake_pdfs,14.20,60,747,,false,1200,5
X51007846395,train,train/img/X51007846395.jpg,train/box/X51007846395.txt,train/entities/X51007846395.txt,approved,1,initial_models_weighted_vote,0.0000,v7_initial_real_forged_fake_pdfs,12.80,34,572,,false,1200,5
X51007846396,test,test/img/X51007846396.jpg,test/box/X51007846396.txt,test/entities/X51007846396.txt,approved,1,initial_models_weighted_vote,0.0000,v7_initial_real_forged_fake_pdfs,7.35,28,517,,false,1200,5
X51007846397,test,test/img/X51007846397.jpg,test/box/X51007846397.txt,test/entities/X51007846397.txt,rejected,0,initial_models_weighted_vote,1.0000,v7_initial_real_forged_fake_pdfs,7.70,39,584,,false,1200,5
X51007846398,train,train/img/X51007846398.jpg,train/box/X51007846398.txt,train/entities/X51007846398.txt,rejected,0,initial_models_weighted_vote,1.0000,v7_initial_real_forged_fake_pdfs,8.50,43,624,,false,1200,5
X51007846400,test,test/img/X51007846400.jpg,test/box/X51007846400.txt,test/entities/X51007846400.txt,rejected,0,initial_models_weighted_vote,1.0000,v7_initial_real_forged_fake_pdfs,152.90,52,549,,false,1200,5
X51007846403,test,test/img/X51007846403.jpg,test/box/X51007846403.txt,test/entities/X51007846403.txt,rejected,0,initial_models_weighted_vote,1.0000,v7_initial_real_forged_fake_pdfs,13.10,47,553,,false,1200,5
X51007846410,train,train/img/X51007846410.jpg,train/box/X51007846410.txt,train/entities/X51007846410.txt,approved,1,initial_models_weighted_vote,0.2327,v7_initial_real_forged_fake_pdfs,12.00,68,665,,false,1200,5
X51007846412,train,train/img/X51007846412.jpg,train/box/X51007846412.txt,train/entities/X51007846412.txt,approved,1,initial_models_weighted_vote,0.0000,v7_initial_real_forged_fake_pdfs,26.50,65,998,,false,1200,5
X51007846451,train,train/img/X51007846451.jpg,train/box/X51007846451.txt,train/entities/X51007846451.txt,approved,1,initial_models_weighted_vote,0.0000,v7_initial_real_forged_fake_pdfs,36.00,51,561,,false,1200,5
X51008030560,train,train/img/X51008030560.jpg,train/box/X51008030560.txt,train/entities/X51008030560.txt,approved,1,initial_models_weighted_vote,0.1845,v7_initial_real_forged_fake_pdfs,11.60,57,536,,false,1200,5
X51008030561,test,test/img/X51008030561.jpg,test/box/X51008030561.txt,test/entities/X51008030561.txt,approved,1,initial_models_weighted_vote,0.0000,v7_initial_real_forged_fake_pdfs,17.60,54,544,,false,1200,5
X51008030563,test,test/img/X51008030563.jpg,test/box/X51008030563.txt,test/entities/X51008030563.txt,approved,1,initial_models_weighted_vote,0.0000,v7_initial_real_forged_fake_pdfs,6.00,44,474,,false,1200,5
X51008030565,train,train/img/X51008030565.jpg,train/box/X51008030565.txt,train/entities/X51008030565.txt,approved,1,initial_models_weighted_vote,0.0000,v7_initial_real_forged_fake_pdfs,7.80,55,526,,false,1200,5
X51008030566,train,train/img/X51008030566.jpg,train/box/X51008030566.txt,train/entities/X51008030566.txt,approved,1,initial_models_weighted_vote,0.4951,v7_initial_real_forged_fake_pdfs,8.60,54,526,,false,1200,5
X51008042777,train,train/img/X51008042777.jpg,train/box/X51008042777.txt,train/entities/X51008042777.txt,approved,1,initial_models_weighted_vote,0.2998,v7_initial_real_forged_fake_pdfs,4.80,44,472,,false,1200,5
X51008042778,train,train/img/X51008042778.jpg,train/box/X51008042778.txt,train/entities/X51008042778.txt,approved,1,initial_models_weighted_vote,0.0000,v7_initial_real_forged_fake_pdfs,19.40,49,505,,false,1200,5
X51008042779,test,test/img/X51008042779.jpg,test/box/X51008042779.txt,test/entities/X51008042779.txt,approved,1,initial_models_weighted_vote,0.0000,v7_initial_real_forged_fake_pdfs,7.60,49,500,,false,1200,5
X51008042780,test,test/img/X51008042780.jpg,test/box/X51008042780.txt,test/entities/X51008042780.txt,rejected,0,initial_models_weighted_vote,1.0000,v7_initial_real_forged_fake_pdfs,7.20,49,497,,false,1200,5
X51008042781,test,test/img/X51008042781.jpg,test/box/X51008042781.txt,test/entities/X51008042781.txt,approved,1,initial_models_weighted_vote,0.0000,v7_initial_real_forged_fake_pdfs,1.90,44,474,,false,1200,5
X51008042782,train,train/img/X51008042782.jpg,train/box/X51008042782.txt,train/entities/X51008042782.txt,approved,1,initial_models_weighted_vote,0.0000,v7_initial_real_forged_fake_pdfs,6.70,49,500,,false,1200,5
X51008042783,train,train/img/X51008042783.jpg,train/box/X51008042783.txt,train/entities/X51008042783.txt,rejected,0,initial_models_weighted_vote,0.6661,v7_initial_real_forged_fake_pdfs,18.90,35,601,,false,1200,5
X51008042786,test,test/img/X51008042786.jpg,test/box/X51008042786.txt,test/entities/X51008042786.txt,approved,1,initial_models_weighted_vote,0.0000,v7_initial_real_forged_fake_pdfs,19.00,32,563,,false,1200,5
X51008042787,test,test/img/X51008042787.jpg,test/box/X51008042787.txt,test/entities/X51008042787.txt,rejected,0,initial_models_weighted_vote,1.0000,v7_initial_real_forged_fake_pdfs,412.90,121,1105,,false,1200,5
X51008042791,train,train/img/X51008042791.jpg,train/box/X51008042791.txt,train/entities/X51008042791.txt,approved,1,initial_models_weighted_vote,0.0000,v7_initial_real_forged_fake_pdfs,2.40,43,466,,false,1200,5
X51008042792,train,train/img/X51008042792.jpg,train/box/X51008042792.txt,train/entities/X51008042792.txt,approved,1,initial_models_weighted_vote,0.0000,v7_initial_real_forged_fake_pdfs,5.00,44,471,,false,1200,5
X51008042793,train,train/img/X51008042793.jpg,train/box/X51008042793.txt,train/entities/X51008042793.txt,approved,1,initial_models_weighted_vote,0.2998,v7_initial_real_forged_fake_pdfs,2.50,45,493,,false,1200,5
X51008063849,train,train/img/X51008063849.jpg,train/box/X51008063849.txt,train/entities/X51008063849.txt,approved,1,initial_models_weighted_vote,0.0000,v7_initial_real_forged_fake_pdfs,2.70,35,541,,false,1200,5
X51008064061,train,train/img/X51008064061.jpg,train/box/X51008064061.txt,train/entities/X51008064061.txt,approved,1,initial_models_weighted_vote,0.2541,v7_initial_real_forged_fake_pdfs,69.20,46,687,,false,1200,5
X51008099041,train,train/img/X51008099041.jpg,train/box/X51008099041.txt,train/entities/X51008099041.txt,approved,1,initial_models_weighted_vote,0.0000,v7_initial_real_forged_fake_pdfs,4.20,39,447,,false,1200,5
X51008099043,train,train/img/X51008099043.jpg,train/box/X51008099043.txt,train/entities/X51008099043.txt,approved,1,initial_models_weighted_vote,0.3917,v7_initial_real_forged_fake_pdfs,4.60,43,476,,false,1200,5
X51008099044,train,train/img/X51008099044.jpg,train/box/X51008099044.txt,train/entities/X51008099044.txt,approved,1,initial_models_weighted_vote,0.0000,v7_initial_real_forged_fake_pdfs,6.50,52,505,,false,1200,5
X51008099046,train,train/img/X51008099046.jpg,train/box/X51008099046.txt,train/entities/X51008099046.txt,rejected,0,initial_models_weighted_vote,1.0000,v7_initial_real_forged_fake_pdfs,4.60,47,477,,false,1200,5
X51008099047,test,test/img/X51008099047.jpg,test/box/X51008099047.txt,test/entities/X51008099047.txt,approved,1,initial_models_weighted_vote,0.0000,v7_initial_real_forged_fake_pdfs,4.60,47,477,,false,1200,5
X51008099048,train,train/img/X51008099048.jpg,train/box/X51008099048.txt,train/entities/X51008099048.txt,approved,1,initial_models_weighted_vote,0.0000,v7_initial_real_forged_fake_pdfs,4.80,47,479,,false,1200,5
X51008099049,train,train/img/X51008099049.jpg,train/box/X51008099049.txt,train/entities/X51008099049.txt,rejected,0,initial_models_weighted_vote,1.0000,v7_initial_real_forged_fake_pdfs,17.22,51,570,,false,1200,5
X51008099054,train,train/img/X51008099054.jpg,train/box/X51008099054.txt,train/entities/X51008099054.txt,approved,1,initial_models_weighted_vote,0.0000,v7_initial_real_forged_fake_pdfs,15.00,45,566,,false,1200,5
X51008099071,train,train/img/X51008099071.jpg,train/box/X51008099071.txt,train/entities/X51008099071.txt,approved,1,initial_models_weighted_vote,0.2236,v7_initial_real_forged_fake_pdfs,50.00,41,554,,false,1200,5
X51008099073,train,train/img/X51008099073.jpg,train/box/X51008099073.txt,train/entities/X51008099073.txt,rejected,0,initial_models_weighted_vote,0.5033,v7_initial_real_forged_fake_pdfs,100.00,43,565,,false,1200,5
X51008099081,train,train/img/X51008099081.jpg,train/box/X51008099081.txt,train/entities/X51008099081.txt,approved,1,initial_models_weighted_vote,0.0000,v7_initial_real_forged_fake_pdfs,4.80,42,451,,false,1200,5
X51008099083,train,train/img/X51008099083.jpg,train/box/X51008099083.txt,train/entities/X51008099083.txt,rejected,0,initial_models_weighted_vote,1.0000,v7_initial_real_forged_fake_pdfs,6.70,52,508,,false,1200,5
X51008099084,train,train/img/X51008099084.jpg,train/box/X51008099084.txt,train/entities/X51008099084.txt,rejected,0,initial_models_weighted_vote,0.6661,v7_initial_real_forged_fake_pdfs,4.60,47,477,,false,1200,5
X51008099085,train,train/img/X51008099085.jpg,train/box/X51008099085.txt,train/entities/X51008099085.txt,approved,1,initial_models_weighted_vote,0.0000,v7_initial_real_forged_fake_pdfs,4.10,47,482,,false,1200,5
X51008099086,test,test/img/X51008099086.jpg,test/box/X51008099086.txt,test/entities/X51008099086.txt,approved,1,initial_models_weighted_vote,0.0000,v7_initial_real_forged_fake_pdfs,7.20,52,511,,false,1200,5
X51008099087,train,train/img/X51008099087.jpg,train/box/X51008099087.txt,train/entities/X51008099087.txt,approved,1,initial_models_weighted_vote,0.0000,v7_initial_real_forged_fake_pdfs,7.80,47,478,,false,1200,5
X51008099088,test,test/img/X51008099088.jpg,test/box/X51008099088.txt,test/entities/X51008099088.txt,approved,1,initial_models_weighted_vote,0.0000,v7_initial_real_forged_fake_pdfs,2.30,39,429,,false,1200,5
X51008099089,train,train/img/X51008099089.jpg,train/box/X51008099089.txt,train/entities/X51008099089.txt,approved,1,initial_models_weighted_vote,0.0000,v7_initial_real_forged_fake_pdfs,9.60,52,508,,false,1200,5
X51008099090,test,test/img/X51008099090.jpg,test/box/X51008099090.txt,test/entities/X51008099090.txt,rejected,0,initial_models_weighted_vote,1.0000,v7_initial_real_forged_fake_pdfs,4.80,42,451,,false,1200,5
X51008099100,test,test/img/X51008099100.jpg,test/box/X51008099100.txt,test/entities/X51008099100.txt,rejected,0,initial_models_weighted_vote,1.0000,v7_initial_real_forged_fake_pdfs,46.90,54,601,,false,1200,5
X51008099102,train,train/img/X51008099102.jpg,train/box/X51008099102.txt,train/entities/X51008099102.txt,approved,1,initial_models_weighted_vote,0.3388,v7_initial_real_forged_fake_pdfs,68.00,75,804,,false,1200,5
X51008114216,train,train/img/X51008114216.jpg,train/box/X51008114216.txt,train/entities/X51008114216.txt,approved,1,initial_models_weighted_vote,0.3969,v7_initial_real_forged_fake_pdfs,8.95,35,515,,false,1200,5
X51008114217,train,train/img/X51008114217.jpg,train/box/X51008114217.txt,train/entities/X51008114217.txt,approved,1,initial_models_weighted_vote,0.0000,v7_initial_real_forged_fake_pdfs,27.25,52,705,,false,1200,5
X51008114260,train,train/img/X51008114260.jpg,train/box/X51008114260.txt,train/entities/X51008114260.txt,rejected,0,initial_models_weighted_vote,0.6483,v7_initial_real_forged_fake_pdfs,23.60,27,428,,false,1200,5
X51008114262,train,train/img/X51008114262.jpg,train/box/X51008114262.txt,train/entities/X51008114262.txt,approved,1,initial_models_weighted_vote,0.2145,v7_initial_real_forged_fake_pdfs,137.15,32,489,,false,1200,5
X51008114266,train,train/img/X51008114266.jpg,train/box/X51008114266.txt,train/entities/X51008114266.txt,rejected,0,initial_models_weighted_vote,1.0000,v7_initial_real_forged_fake_pdfs,22.90,33,515,,false,1200,5
X51008114281,train,train/img/X51008114281.jpg,train/box/X51008114281.txt,train/entities/X51008114281.txt,approved,1,initial_models_weighted_vote,0.0000,v7_initial_real_forged_fake_pdfs,23.40,29,450,,false,1200,5
X51008114282,train,train/img/X51008114282.jpg,train/box/X51008114282.txt,train/entities/X51008114282.txt,approved,1,initial_models_weighted_vote,0.3034,v7_initial_real_forged_fake_pdfs,20.90,29,449,,false,1200,5
X51008114283,train,train/img/X51008114283.jpg,train/box/X51008114283.txt,train/entities/X51008114283.txt,rejected,0,initial_models_weighted_vote,1.0000,v7_initial_real_forged_fake_pdfs,11.25,38,593,,false,1200,5
X51008114284,train,train/img/X51008114284.jpg,train/box/X51008114284.txt,train/entities/X51008114284.txt,approved,1,initial_models_weighted_vote,0.0000,v7_initial_real_forged_fake_pdfs,17.45,34,537,,false,1200,5
X51008114321,train,train/img/X51008114321.jpg,train/box/X51008114321.txt,train/entities/X51008114321.txt,approved,1,initial_models_weighted_vote,0.0000,v7_initial_real_forged_fake_pdfs,100.00,39,545,,false,1200,5
X51008122920,train,train/img/X51008122920.jpg,train/box/X51008122920.txt,train/entities/X51008122920.txt,approved,1,initial_models_weighted_vote,0.2236,v7_initial_real_forged_fake_pdfs,19.00,54,673,,false,1200,5
X51008123446,train,train/img/X51008123446.jpg,train/box/X51008123446.txt,train/entities/X51008123446.txt,approved,1,initial_models_weighted_vote,0.0000,v7_initial_real_forged_fake_pdfs,5.00,22,457,,false,1200,5
X51008123447,train,train/img/X51008123447.jpg,train/box/X51008123447.txt,train/entities/X51008123447.txt,approved,1,initial_models_weighted_vote,0.0000,v7_initial_real_forged_fake_pdfs,5.00,24,473,,false,1200,5
X51008123450,train,train/img/X51008123450.jpg,train/box/X51008123450.txt,train/entities/X51008123450.txt,approved,1,initial_models_weighted_vote,0.0000,v7_initial_real_forged_fake_pdfs,1.50,23,473,,false,1200,5
X51008123451,train,train/img/X51008123451.jpg,train/box/X51008123451.txt,train/entities/X51008123451.txt,approved,1,initial_models_weighted_vote,0.2236,v7_initial_real_forged_fake_pdfs,48.00,46,584,,false,1200,5
X51008123476,train,train/img/X51008123476.jpg,train/box/X51008123476.txt,train/entities/X51008123476.txt,approved,1,initial_models_weighted_vote,0.0000,v7_initial_real_forged_fake_pdfs,5.00,25,477,,false,1200,5
X51008123580,train,train/img/X51008123580.jpg,train/box/X51008123580.txt,train/entities/X51008123580.txt,approved,1,initial_models_weighted_vote,0.0000,v7_initial_real_forged_fake_pdfs,8.10,52,662,,false,1200,5
X51008123586,train,train/img/X51008123586.jpg,train/box/X51008123586.txt,train/entities/X51008123586.txt,approved,1,initial_models_weighted_vote,0.1824,v7_initial_real_forged_fake_pdfs,7.70,50,646,,false,1200,5
X51008123599,train,train/img/X51008123599.jpg,train/box/X51008123599.txt,train/entities/X51008123599.txt,rejected,0,initial_models_weighted_vote,0.6010,v7_initial_real_forged_fake_pdfs,28.30,51,631,,false,1200,5
X51008123604,train,train/img/X51008123604.jpg,train/box/X51008123604.txt,train/entities/X51008123604.txt,approved,1,initial_models_weighted_vote,0.0000,v7_initial_real_forged_fake_pdfs,52.40,63,725,,false,1200,5
X51008128052,train,train/img/X51008128052.jpg,train/box/X51008128052.txt,train/entities/X51008128052.txt,approved,1,initial_models_weighted_vote,0.3388,v7_initial_real_forged_fake_pdfs,93.00,38,415,,false,1200,5
X51008128062,train,train/img/X51008128062.jpg,train/box/X51008128062.txt,train/entities/X51008128062.txt,approved,1,initial_models_weighted_vote,0.3034,v7_initial_real_forged_fake_pdfs,27.00,42,416,,false,1200,5
X51008128065,train,train/img/X51008128065.jpg,train/box/X51008128065.txt,train/entities/X51008128065.txt,approved,1,initial_models_weighted_vote,0.2236,v7_initial_real_forged_fake_pdfs,19.90,28,453,,false,1200,5
X51008142005,train,train/img/X51008142005.jpg,train/box/X51008142005.txt,train/entities/X51008142005.txt,approved,1,initial_models_weighted_vote,0.0000,v7_initial_real_forged_fake_pdfs,65.70,58,657,,false,1200,5
X51008142030,train,train/img/X51008142030.jpg,train/box/X51008142030.txt,train/entities/X51008142030.txt,approved,1,initial_models_weighted_vote,0.3034,v7_initial_real_forged_fake_pdfs,52.00,54,633,,false,1200,5
X51008142031,train,train/img/X51008142031.jpg,train/box/X51008142031.txt,train/entities/X51008142031.txt,approved,1,initial_models_weighted_vote,0.0000,v7_initial_real_forged_fake_pdfs,71.00,62,693,,false,1200,5
X51008142032,train,train/img/X51008142032.jpg,train/box/X51008142032.txt,train/entities/X51008142032.txt,approved,1,initial_models_weighted_vote,0.0000,v7_initial_real_forged_fake_pdfs,112.35,62,670,,false,1200,5
X51008142033,train,train/img/X51008142033.jpg,train/box/X51008142033.txt,train/entities/X51008142033.txt,approved,1,initial_models_weighted_vote,0.0000,v7_initial_real_forged_fake_pdfs,42.40,52,629,,false,1200,5
X51008142034,train,train/img/X51008142034.jpg,train/box/X51008142034.txt,train/entities/X51008142034.txt,approved,1,initial_models_weighted_vote,0.0000,v7_initial_real_forged_fake_pdfs,4.70,49,619,,false,1200,5
X51008142038,train,train/img/X51008142038.jpg,train/box/X51008142038.txt,train/entities/X51008142038.txt,approved,1,initial_models_weighted_vote,0.0000,v7_initial_real_forged_fake_pdfs,27.90,29,449,,false,1200,5
X51008142058,train,train/img/X51008142058.jpg,train/box/X51008142058.txt,train/entities/X51008142058.txt,approved,1,initial_models_weighted_vote,0.0000,v7_initial_real_forged_fake_pdfs,87.45,77,710,,false,1200,5
X51008142059,train,train/img/X51008142059.jpg,train/box/X51008142059.txt,train/entities/X51008142059.txt,rejected,0,initial_models_weighted_vote,1.0000,v7_initial_real_forged_fake_pdfs,190.80,84,767,,false,1200,5
X51008142060,train,train/img/X51008142060.jpg,train/box/X51008142060.txt,train/entities/X51008142060.txt,approved,1,initial_models_weighted_vote,0.0000,v7_initial_real_forged_fake_pdfs,121.90,78,749,,false,1200,5
X51008142061,train,train/img/X51008142061.jpg,train/box/X51008142061.txt,train/entities/X51008142061.txt,rejected,0,initial_models_weighted_vote,1.0000,v7_initial_real_forged_fake_pdfs,178.08,84,776,,false,1200,5
X51008142062,train,train/img/X51008142062.jpg,train/box/X51008142062.txt,train/entities/X51008142062.txt,rejected,0,initial_models_weighted_vote,1.0000,v7_initial_real_forged_fake_pdfs,361.46,83,773,,false,1200,5
X51008142063,train,train/img/X51008142063.jpg,train/box/X51008142063.txt,train/entities/X51008142063.txt,rejected,0,initial_models_weighted_vote,0.7652,v7_initial_real_forged_fake_pdfs,404.39,91,812,,false,1200,5
X51008142065,train,train/img/X51008142065.jpg,train/box/X51008142065.txt,train/entities/X51008142065.txt,rejected,0,initial_models_weighted_vote,0.7678,v7_initial_real_forged_fake_pdfs,162.71,92,821,,false,1200,5
X51008142068,train,train/img/X51008142068.jpg,train/box/X51008142068.txt,train/entities/X51008142068.txt,approved,1,initial_models_weighted_vote,0.2592,v7_initial_real_forged_fake_pdfs,68.90,77,722,,false,1200,5
X51008145450,train,train/img/X51008145450.jpg,train/box/X51008145450.txt,train/entities/X51008145450.txt,approved,1,initial_models_weighted_vote,0.0000,v7_initial_real_forged_fake_pdfs,85.20,53,654,,false,1200,5
X51008145504,train,train/img/X51008145504.jpg,train/box/X51008145504.txt,train/entities/X51008145504.txt,approved,1,initial_models_weighted_vote,0.3388,v7_initial_real_forged_fake_pdfs,136.00,54,604,,false,1200,5
X51008145505,train,train/img/X51008145505.jpg,train/box/X51008145505.txt,train/entities/X51008145505.txt,rejected,0,initial_models_weighted_vote,1.0000,v7_initial_real_forged_fake_pdfs,489.30,50,534,,false,1200,5
X51008164420,train,train/img/X51008164420.jpg,train/box/X51008164420.txt,train/entities/X51008164420.txt,rejected,0,initial_models_weighted_vote,1.0000,v7_initial_real_forged_fake_pdfs,7.30,42,611,,false,1200,5
X51008164510,train,train/img/X51008164510.jpg,train/box/X51008164510.txt,train/entities/X51008164510.txt,rejected,0,initial_models_weighted_vote,1.0000,v7_initial_real_forged_fake_pdfs,152.00,23,291,,false,1200,5
X51008164524,train,train/img/X51008164524.jpg,train/box/X51008164524.txt,train/entities/X51008164524.txt,approved,1,initial_models_weighted_vote,0.0000,v7_initial_real_forged_fake_pdfs,7.15,48,593,,false,1200,5
X51008164525,train,train/img/X51008164525.jpg,train/box/X51008164525.txt,train/entities/X51008164525.txt,approved,1,initial_models_weighted_vote,0.3917,v7_initial_real_forged_fake_pdfs,30.45,53,649,,false,1200,5
X51008164969,train,train/img/X51008164969.jpg,train/box/X51008164969.txt,train/entities/X51008164969.txt,approved,1,initial_models_weighted_vote,0.0000,v7_initial_real_forged_fake_pdfs,59.00,60,631,,false,1200,5
X51008164991,train,train/img/X51008164991.jpg,train/box/X51008164991.txt,train/entities/X51008164991.txt,approved,1,initial_models_weighted_vote,0.0000,v7_initial_real_forged_fake_pdfs,35.00,50,615,,false,1200,5
X51008164992,train,train/img/X51008164992.jpg,train/box/X51008164992.txt,train/entities/X51008164992.txt,approved,1,initial_models_weighted_vote,0.0000,v7_initial_real_forged_fake_pdfs,87.45,60,650,,false,1200,5
X51008164996,train,train/img/X51008164996.jpg,train/box/X51008164996.txt,train/entities/X51008164996.txt,approved,1,initial_models_weighted_vote,0.2630,v7_initial_real_forged_fake_pdfs,58.00,58,672,,false,1200,5
X51008164997,train,train/img/X51008164997.jpg,train/box/X51008164997.txt,train/entities/X51008164997.txt,approved,1,initial_models_weighted_vote,0.0000,v7_initial_real_forged_fake_pdfs,148.50,53,612,,false,1200,5
X51008164998,train,train/img/X51008164998.jpg,train/box/X51008164998.txt,train/entities/X51008164998.txt,approved,1,initial_models_weighted_vote,0.0000,v7_initial_real_forged_fake_pdfs,38.00,50,587,,false,1200,5
X51008164999,train,train/img/X51008164999.jpg,train/box/X51008164999.txt,train/entities/X51008164999.txt,rejected,0,initial_models_weighted_vote,1.0000,v7_initial_real_forged_fake_pdfs,179.50,66,696,,false,1200,5
X51009008095,test,test/img/X51009008095.jpg,test/box/X51009008095.txt,test/entities/X51009008095.txt,approved,1,initial_models_weighted_vote,0.0000,v7_initial_real_forged_fake_pdfs,31.80,43,511,,false,1200,5
X51009447842,test,test/img/X51009447842.jpg,test/box/X51009447842.txt,test/entities/X51009447842.txt,approved,1,initial_models_weighted_vote,0.0000,v7_initial_real_forged_fake_pdfs,0.90,42,526,,false,1200,5
X51009453729,test,test/img/X51009453729.jpg,test/box/X51009453729.txt,test/entities/X51009453729.txt,approved,1,initial_models_weighted_vote,0.0000,v7_initial_real_forged_fake_pdfs,79.50,48,589,,false,1200,5
X51009453801,train,train/img/X51009453801.jpg,train/box/X51009453801.txt,train/entities/X51009453801.txt,approved,1,initial_models_weighted_vote,0.0000,v7_initial_real_forged_fake_pdfs,102.00,45,506,,false,1200,5
X51009453804,train,train/img/X51009453804.jpg,train/box/X51009453804.txt,train/entities/X51009453804.txt,rejected,0,initial_models_weighted_vote,1.0000,v7_initial_real_forged_fake_pdfs,12.00,43,533,,false,1200,5
X51009568881,test,test/img/X51009568881.jpg,test/box/X51009568881.txt,test/entities/X51009568881.txt,approved,1,initial_models_weighted_vote,0.0000,v7_initial_real_forged_fake_pdfs,10.40,53,605,,false,1200,5
real_92679791,train,Invoices/Real/92679791.jpg,,,approved,1,folder_real_forged_ground_truth,0.0000,v7_initial_real_forged_fake_pdfs,,,,,false,1200,5
forged_92679791,train,Invoices/Forged/92679791.jpg,,,rejected,0,folder_real_forged_ground_truth,1.0000,v7_initial_real_forged_fake_pdfs,,,,,false,1200,5
real_0001453135,train,Invoices/Real/0001453135.jpg,,,approved,1,folder_real_forged_ground_truth,0.0000,v7_initial_real_forged_fake_pdfs,,,,,false,1200,5
forged_0001453135,train,Invoices/Forged/0001453135.jpg,,,rejected,0,folder_real_forged_ground_truth,1.0000,v7_initial_real_forged_fake_pdfs,,,,,false,1200,5
real_2084022332,train,Invoices/Real/2084022332.jpg,,,approved,1,folder_real_forged_ground_truth,0.0000,v7_initial_real_forged_fake_pdfs,,,,,false,1200,5
forged_2084022332,train,Invoices/Forged/2084022332.jpg,,,rejected,0,folder_real_forged_ground_truth,1.0000,v7_initial_real_forged_fake_pdfs,,,,,false,1200,5
real_0013041942,train,Invoices/Real/0013041942.jpg,,,approved,1,folder_real_forged_ground_truth,0.0000,v7_initial_real_forged_fake_pdfs,,,,,false,1200,5
forged_0013041942,train,Invoices/Forged/0013041942.jpg,,,rejected,0,folder_real_forged_ground_truth,1.0000,v7_initial_real_forged_fake_pdfs,,,,,false,1200,5
real_ti16352085,train,Invoices/Real/ti16352085.jpg,,,approved,1,folder_real_forged_ground_truth,0.0000,v7_initial_real_forged_fake_pdfs,,,,,false,1200,5
forged_ti16352085,train,Invoices/Forged/ti16352085.jpg,,,rejected,0,folder_real_forged_ground_truth,1.0000,v7_initial_real_forged_fake_pdfs,,,,,false,1200,5
real_98776481,train,Invoices/Real/98776481.jpg,,,approved,1,folder_real_forged_ground_truth,0.0000,v7_initial_real_forged_fake_pdfs,,,,,false,1200,5
forged_98776481,train,Invoices/Forged/98776481.jpg,,,rejected,0,folder_real_forged_ground_truth,1.0000,v7_initial_real_forged_fake_pdfs,,,,,false,1200,5
real_2063321228,train,Invoices/Real/2063321228.jpg,,,approved,1,folder_real_forged_ground_truth,0.0000,v7_initial_real_forged_fake_pdfs,,,,,false,1200,5
forged_2063321228,train,Invoices/Forged/2063321228.jpg,,,rejected,0,folder_real_forged_ground_truth,1.0000,v7_initial_real_forged_fake_pdfs,,,,,false,1200,5
real_91515217,train,Invoices/Real/91515217.jpg,,,approved,1,folder_real_forged_ground_truth,0.0000,v7_initial_real_forged_fake_pdfs,,,,,false,1200,5
forged_91515217,train,Invoices/Forged/91515217.jpg,,,rejected,0,folder_real_forged_ground_truth,1.0000,v7_initial_real_forged_fake_pdfs,,,,,false,1200,5
real_83093314,train,Invoices/Real/83093314.jpg,,,approved,1,folder_real_forged_ground_truth,0.0000,v7_initial_real_forged_fake_pdfs,,,,,false,1200,5
forged_83093314,train,Invoices/Forged/83093314.jpg,,,rejected,0,folder_real_forged_ground_truth,1.0000,v7_initial_real_forged_fake_pdfs,,,,,false,1200,5
real_93416592,train,Invoices/Real/93416592.jpg,,,approved,1,folder_real_forged_ground_truth,0.0000,v7_initial_real_forged_fake_pdfs,,,,,false,1200,5
forged_93416592,train,Invoices/Forged/93416592.jpg,,,rejected,0,folder_real_forged_ground_truth,1.0000,v7_initial_real_forged_fake_pdfs,,,,,false,1200,5
real_0060201834,train,Invoices/Real/0060201834.jpg,,,approved,1,folder_real_forged_ground_truth,0.0000,v7_initial_real_forged_fake_pdfs,,,,,false,1200,5
forged_0060201834,train,Invoices/Forged/0060201834.jpg,,,rejected,0,folder_real_forged_ground_truth,1.0000,v7_initial_real_forged_fake_pdfs,,,,,false,1200,5
real_80233857,train,Invoices/Real/80233857.jpg,,,approved,1,folder_real_forged_ground_truth,0.0000,v7_initial_real_forged_fake_pdfs,,,,,false,1200,5
forged_80233857,train,Invoices/Forged/80233857.jpg,,,rejected,0,folder_real_forged_ground_truth,1.0000,v7_initial_real_forged_fake_pdfs,,,,,false,1200,5
real_92857175,train,Invoices/Real/92857175.jpg,,,approved,1,folder_real_forged_ground_truth,0.0000,v7_initial_real_forged_fake_pdfs,,,,,false,1200,5
forged_92857175,train,Invoices/Forged/92857175.jpg,,,rejected,0,folder_real_forged_ground_truth,1.0000,v7_initial_real_forged_fake_pdfs,,,,,false,1200,5
real_80702018,train,Invoices/Real/80702018.jpg,,,approved,1,folder_real_forged_ground_truth,0.0000,v7_initial_real_forged_fake_pdfs,,,,,false,1200,5
forged_80702018,train,Invoices/Forged/80702018.jpg,,,rejected,0,folder_real_forged_ground_truth,1.0000,v7_initial_real_forged_fake_pdfs,,,,,false,1200,5
real_2063576912,train,Invoices/Real/2063576912.jpg,,,approved,1,folder_real_forged_ground_truth,0.0000,v7_initial_real_forged_fake_pdfs,,,,,false,1200,5
forged_2063576912,train,Invoices/Forged/2063576912.jpg,,,rejected,0,folder_real_forged_ground_truth,1.0000,v7_initial_real_forged_fake_pdfs,,,,,false,1200,5
real_518029936,train,Invoices/Real/518029936.jpg,,,approved,1,folder_real_forged_ground_truth,0.0000,v7_initial_real_forged_fake_pdfs,,,,,false,1200,5
forged_518029936,train,Invoices/Forged/518029936.jpg,,,rejected,0,folder_real_forged_ground_truth,1.0000,v7_initial_real_forged_fake_pdfs,,,,,false,1200,5
real_89001193,train,Invoices/Real/89001193.jpg,,,approved,1,folder_real_forged_ground_truth,0.0000,v7_initial_real_forged_fake_pdfs,,,,,false,1200,5
forged_89001193,train,Invoices/Forged/89001193.jpg,,,rejected,0,folder_real_forged_ground_truth,1.0000,v7_initial_real_forged_fake_pdfs,,,,,false,1200,5
real_80703850,train,Invoices/Real/80703850.jpg,,,approved,1,folder_real_forged_ground_truth,0.0000,v7_initial_real_forged_fake_pdfs,,,,,false,1200,5
forged_80703850,train,Invoices/Forged/80703850.jpg,,,rejected,0,folder_real_forged_ground_truth,1.0000,v7_initial_real_forged_fake_pdfs,,,,,false,1200,5
real_92226198,train,Invoices/Real/92226198.jpg,,,approved,1,folder_real_forged_ground_truth,0.0000,v7_initial_real_forged_fake_pdfs,,,,,false,1200,5
forged_92226198,train,Invoices/Forged/92226198.jpg,,,rejected,0,folder_real_forged_ground_truth,1.0000,v7_initial_real_forged_fake_pdfs,,,,,false,1200,5
real_89000431,train,Invoices/Real/89000431.jpg,,,approved,1,folder_real_forged_ground_truth,0.0000,v7_initial_real_forged_fake_pdfs,,,,,false,1200,5
forged_89000431,train,Invoices/Forged/89000431.jpg,,,rejected,0,folder_real_forged_ground_truth,1.0000,v7_initial_real_forged_fake_pdfs,,,,,false,1200,5
real_0000192502,train,Invoices/Real/0000192502.jpg,,,approved,1,folder_real_forged_ground_truth,0.0000,v7_initial_real_forged_fake_pdfs,,,,,false,1200,5
forged_0000192502,train,Invoices/Forged/0000192502.jpg,,,rejected,0,folder_real_forged_ground_truth,1.0000,v7_initial_real_forged_fake_pdfs,,,,,false,1200,5
real_87683565,train,Invoices/Real/87683565.jpg,,,approved,1,folder_real_forged_ground_truth,0.0000,v7_initial_real_forged_fake_pdfs,,,,,false,1200,5
forged_87683565,train,Invoices/Forged/87683565.jpg,,,rejected,0,folder_real_forged_ground_truth,1.0000,v7_initial_real_forged_fake_pdfs,,,,,false,1200,5
real_2501226749,train,Invoices/Real/2501226749.jpg,,,approved,1,folder_real_forged_ground_truth,0.0000,v7_initial_real_forged_fake_pdfs,,,,,false,1200,5
forged_2501226749,train,Invoices/Forged/2501226749.jpg,,,rejected,0,folder_real_forged_ground_truth,1.0000,v7_initial_real_forged_fake_pdfs,,,,,false,1200,5
real_CTRCONTRACTS024759-4,train,Invoices/Real/CTRCONTRACTS024759-4.jpg,,,approved,1,folder_real_forged_ground_truth,0.0000,v7_initial_real_forged_fake_pdfs,,,,,false,1200,5
forged_CTRCONTRACTS024759-4,train,Invoices/Forged/CTRCONTRACTS024759-4.jpg,,,rejected,0,folder_real_forged_ground_truth,1.0000,v7_initial_real_forged_fake_pdfs,,,,,false,1200,5
real_0060207574,train,Invoices/Real/0060207574.jpg,,,approved,1,folder_real_forged_ground_truth,0.0000,v7_initial_real_forged_fake_pdfs,,,,,false,1200,5
forged_0060207574,train,Invoices/Forged/0060207574.jpg,,,rejected,0,folder_real_forged_ground_truth,1.0000,v7_initial_real_forged_fake_pdfs,,,,,false,1200,5
real_X00016469622,train,Invoices/Real/X00016469622.jpg,,,approved,1,folder_real_forged_ground_truth,0.0000,v7_initial_real_forged_fake_pdfs,,,,,false,1200,5
forged_X00016469622,train,Invoices/Forged/X00016469622.jpg,,,rejected,0,folder_real_forged_ground_truth,1.0000,v7_initial_real_forged_fake_pdfs,,,,,false,1200,5
real_ti16310868,train,Invoices/Real/ti16310868.jpg,,,approved,1,folder_real_forged_ground_truth,0.0000,v7_initial_real_forged_fake_pdfs,,,,,false,1200,5
forged_ti16310868,train,Invoices/Forged/ti16310868.jpg,,,rejected,0,folder_real_forged_ground_truth,1.0000,v7_initial_real_forged_fake_pdfs,,,,,false,1200,5
real_89000889,train,Invoices/Real/89000889.jpg,,,approved,1,folder_real_forged_ground_truth,0.0000,v7_initial_real_forged_fake_pdfs,,,,,false,1200,5
forged_89000889,train,Invoices/Forged/89000889.jpg,,,rejected,0,folder_real_forged_ground_truth,1.0000,v7_initial_real_forged_fake_pdfs,,,,,false,1200,5
real_2029194963,train,Invoices/Real/2029194963.jpg,,,approved,1,folder_real_forged_ground_truth,0.0000,v7_initial_real_forged_fake_pdfs,,,,,false,1200,5
forged_2029194963,train,Invoices/Forged/2029194963.jpg,,,rejected,0,folder_real_forged_ground_truth,1.0000,v7_initial_real_forged_fake_pdfs,,,,,false,1200,5
real_CTRCONTRACTS022507-2,train,Invoices/Real/CTRCONTRACTS022507-2.jpg,,,approved,1,folder_real_forged_ground_truth,0.0000,v7_initial_real_forged_fake_pdfs,,,,,false,1200,5
forged_CTRCONTRACTS022507-2,train,Invoices/Forged/CTRCONTRACTS022507-2.jpg,,,rejected,0,folder_real_forged_ground_truth,1.0000,v7_initial_real_forged_fake_pdfs,,,,,false,1200,5
real_93121403,train,Invoices/Real/93121403.jpg,,,approved,1,folder_real_forged_ground_truth,0.0000,v7_initial_real_forged_fake_pdfs,,,,,false,1200,5
forged_93121403,train,Invoices/Forged/93121403.jpg,,,rejected,0,folder_real_forged_ground_truth,1.0000,v7_initial_real_forged_fake_pdfs,,,,,false,1200,5
real_0000542607,train,Invoices/Real/0000542607.jpg,,,approved,1,folder_real_forged_ground_truth,0.0000,v7_initial_real_forged_fake_pdfs,,,,,false,1200,5
forged_0000542607,train,Invoices/Forged/0000542607.jpg,,,rejected,0,folder_real_forged_ground_truth,1.0000,v7_initial_real_forged_fake_pdfs,,,,,false,1200,5
real_91514421,train,Invoices/Real/91514421.jpg,,,approved,1,folder_real_forged_ground_truth,0.0000,v7_initial_real_forged_fake_pdfs,,,,,false,1200,5
forged_91514421,train,Invoices/Forged/91514421.jpg,,,rejected,0,folder_real_forged_ground_truth,1.0000,v7_initial_real_forged_fake_pdfs,,,,,false,1200,5
real_91507253,train,Invoices/Real/91507253.jpg,,,approved,1,folder_real_forged_ground_truth,0.0000,v7_initial_real_forged_fake_pdfs,,,,,false,1200,5
forged_91507253,train,Invoices/Forged/91507253.jpg,,,rejected,0,folder_real_forged_ground_truth,1.0000,v7_initial_real_forged_fake_pdfs,,,,,false,1200,5
real_95602471,train,Invoices/Real/95602471.jpg,,,approved,1,folder_real_forged_ground_truth,0.0000,v7_initial_real_forged_fake_pdfs,,,,,false,1200,5
forged_95602471,train,Invoices/Forged/95602471.jpg,,,rejected,0,folder_real_forged_ground_truth,1.0000,v7_initial_real_forged_fake_pdfs,,,,,false,1200,5
real_96054429,train,Invoices/Real/96054429.jpg,,,approved,1,folder_real_forged_ground_truth,0.0000,v7_initial_real_forged_fake_pdfs,,,,,false,1200,5
forged_96054429,train,Invoices/Forged/96054429.jpg,,,rejected,0,folder_real_forged_ground_truth,1.0000,v7_initial_real_forged_fake_pdfs,,,,,false,1200,5
real_ti10161636,train,Invoices/Real/ti10161636.jpg,,,approved,1,folder_real_forged_ground_truth,0.0000,v7_initial_real_forged_fake_pdfs,,,,,false,1200,5
forged_ti10161636,train,Invoices/Forged/ti10161636.jpg,,,rejected,0,folder_real_forged_ground_truth,1.0000,v7_initial_real_forged_fake_pdfs,,,,,false,1200,5
real_511349392-9392,train,Invoices/Real/511349392-9392.jpg,,,approved,1,folder_real_forged_ground_truth,0.0000,v7_initial_real_forged_fake_pdfs,,,,,false,1200,5
forged_511349392-9392,train,Invoices/Forged/511349392-9392.jpg,,,rejected,0,folder_real_forged_ground_truth,1.0000,v7_initial_real_forged_fake_pdfs,,,,,false,1200,5
real_03700650,train,Invoices/Real/03700650.jpg,,,approved,1,folder_real_forged_ground_truth,0.0000,v7_initial_real_forged_fake_pdfs,,,,,false,1200,5
forged_03700650,train,Invoices/Forged/03700650.jpg,,,rejected,0,folder_real_forged_ground_truth,1.0000,v7_initial_real_forged_fake_pdfs,,,,,false,1200,5
real_2063321345,train,Invoices/Real/2063321345.jpg,,,approved,1,folder_real_forged_ground_truth,0.0000,v7_initial_real_forged_fake_pdfs,,,,,false,1200,5
forged_2063321345,train,Invoices/Forged/2063321345.jpg,,,rejected,0,folder_real_forged_ground_truth,1.0000,v7_initial_real_forged_fake_pdfs,,,,,false,1200,5
real_530003729-3730,train,Invoices/Real/530003729-3730.jpg,,,approved,1,folder_real_forged_ground_truth,0.0000,v7_initial_real_forged_fake_pdfs,,,,,false,1200,5
forged_530003729-3730,train,Invoices/Forged/530003729-3730.jpg,,,rejected,0,folder_real_forged_ground_truth,1.0000,v7_initial_real_forged_fake_pdfs,,,,,false,1200,5
real_0011519293,train,Invoices/Real/0011519293.jpg,,,approved,1,folder_real_forged_ground_truth,0.0000,v7_initial_real_forged_fake_pdfs,,,,,false,1200,5
forged_0011519293,train,Invoices/Forged/0011519293.jpg,,,rejected,0,folder_real_forged_ground_truth,1.0000,v7_initial_real_forged_fake_pdfs,,,,,false,1200,5
real_88131802,train,Invoices/Real/88131802.jpg,,,approved,1,folder_real_forged_ground_truth,0.0000,v7_initial_real_forged_fake_pdfs,,,,,false,1200,5
forged_88131802,train,Invoices/Forged/88131802.jpg,,,rejected,0,folder_real_forged_ground_truth,1.0000,v7_initial_real_forged_fake_pdfs,,,,,false,1200,5
real_2029370141,train,Invoices/Real/2029370141.jpg,,,approved,1,folder_real_forged_ground_truth,0.0000,v7_initial_real_forged_fake_pdfs,,,,,false,1200,5
forged_2029370141,train,Invoices/Forged/2029370141.jpg,,,rejected,0,folder_real_forged_ground_truth,1.0000,v7_initial_real_forged_fake_pdfs,,,,,false,1200,5
real_95824834,train,Invoices/Real/95824834.jpg,,,approved,1,folder_real_forged_ground_truth,0.0000,v7_initial_real_forged_fake_pdfs,,,,,false,1200,5
forged_95824834,train,Invoices/Forged/95824834.jpg,,,rejected,0,folder_real_forged_ground_truth,1.0000,v7_initial_real_forged_fake_pdfs,,,,,false,1200,5
real_0060095589,train,Invoices/Real/0060095589.jpg,,,approved,1,folder_real_forged_ground_truth,0.0000,v7_initial_real_forged_fake_pdfs,,,,,false,1200,5
forged_0060095589,train,Invoices/Forged/0060095589.jpg,,,rejected,0,folder_real_forged_ground_truth,1.0000,v7_initial_real_forged_fake_pdfs,,,,,false,1200,5
real_2028747402_2028747403,train,Invoices/Real/2028747402_2028747403.jpg,,,approved,1,folder_real_forged_ground_truth,0.0000,v7_initial_real_forged_fake_pdfs,,,,,false,1200,5
forged_2028747402_2028747403,train,Invoices/Forged/2028747402_2028747403.jpg,,,rejected,0,folder_real_forged_ground_truth,1.0000,v7_initial_real_forged_fake_pdfs,,,,,false,1200,5
real_2028741476,train,Invoices/Real/2028741476.jpg,,,approved,1,folder_real_forged_ground_truth,0.0000,v7_initial_real_forged_fake_pdfs,,,,,false,1200,5
forged_2028741476,train,Invoices/Forged/2028741476.jpg,,,rejected,0,folder_real_forged_ground_truth,1.0000,v7_initial_real_forged_fake_pdfs,,,,,false,1200,5
real_80703441,train,Invoices/Real/80703441.jpg,,,approved,1,folder_real_forged_ground_truth,0.0000,v7_initial_real_forged_fake_pdfs,,,,,false,1200,5
forged_80703441,train,Invoices/Forged/80703441.jpg,,,rejected,0,folder_real_forged_ground_truth,1.0000,v7_initial_real_forged_fake_pdfs,,,,,false,1200,5
real_87064937,train,Invoices/Real/87064937.jpg,,,approved,1,folder_real_forged_ground_truth,0.0000,v7_initial_real_forged_fake_pdfs,,,,,false,1200,5
forged_87064937,train,Invoices/Forged/87064937.jpg,,,rejected,0,folder_real_forged_ground_truth,1.0000,v7_initial_real_forged_fake_pdfs,,,,,false,1200,5
real_2049433368,train,Invoices/Real/2049433368.jpg,,,approved,1,folder_real_forged_ground_truth,0.0000,v7_initial_real_forged_fake_pdfs,,,,,false,1200,5
forged_2049433368,train,Invoices/Forged/2049433368.jpg,,,rejected,0,folder_real_forged_ground_truth,1.0000,v7_initial_real_forged_fake_pdfs,,,,,false,1200,5
real_2015066906,train,Invoices/Real/2015066906.jpg,,,approved,1,folder_real_forged_ground_truth,0.0000,v7_initial_real_forged_fake_pdfs,,,,,false,1200,5
forged_2015066906,train,Invoices/Forged/2015066906.jpg,,,rejected,0,folder_real_forged_ground_truth,1.0000,v7_initial_real_forged_fake_pdfs,,,,,false,1200,5
real_2501374034_2501374035,train,Invoices/Real/2501374034_2501374035.jpg,,,approved,1,folder_real_forged_ground_truth,0.0000,v7_initial_real_forged_fake_pdfs,,,,,false,1200,5
forged_2501374034_2501374035,train,Invoices/Forged/2501374034_2501374035.jpg,,,rejected,0,folder_real_forged_ground_truth,1.0000,v7_initial_real_forged_fake_pdfs,,,,,false,1200,5
real_87064443-a_87064443,train,Invoices/Real/87064443-a_87064443.jpg,,,approved,1,folder_real_forged_ground_truth,0.0000,v7_initial_real_forged_fake_pdfs,,,,,false,1200,5
forged_87064443-a_87064443,train,Invoices/Forged/87064443-a_87064443.jpg,,,rejected,0,folder_real_forged_ground_truth,1.0000,v7_initial_real_forged_fake_pdfs,,,,,false,1200,5
real_0001136788,train,Invoices/Real/0001136788.jpg,,,approved,1,folder_real_forged_ground_truth,0.0000,v7_initial_real_forged_fake_pdfs,,,,,false,1200,5
forged_0001136788,train,Invoices/Forged/0001136788.jpg,,,rejected,0,folder_real_forged_ground_truth,1.0000,v7_initial_real_forged_fake_pdfs,,,,,false,1200,5
real_2028743452_2028743453,train,Invoices/Real/2028743452_2028743453.jpg,,,approved,1,folder_real_forged_ground_truth,0.0000,v7_initial_real_forged_fake_pdfs,,,,,false,1200,5
forged_2028743452_2028743453,train,Invoices/Forged/2028743452_2028743453.jpg,,,rejected,0,folder_real_forged_ground_truth,1.0000,v7_initial_real_forged_fake_pdfs,,,,,false,1200,5
real_87064415,train,Invoices/Real/87064415.jpg,,,approved,1,folder_real_forged_ground_truth,0.0000,v7_initial_real_forged_fake_pdfs,,,,,false,1200,5
forged_87064415,train,Invoices/Forged/87064415.jpg,,,rejected,0,folder_real_forged_ground_truth,1.0000,v7_initial_real_forged_fake_pdfs,,,,,false,1200,5
real_X00016469612,train,Invoices/Real/X00016469612.jpg,,,approved,1,folder_real_forged_ground_truth,0.0000,v7_initial_real_forged_fake_pdfs,,,,,false,1200,5
forged_X00016469612,train,Invoices/Forged/X00016469612.jpg,,,rejected,0,folder_real_forged_ground_truth,1.0000,v7_initial_real_forged_fake_pdfs,,,,,false,1200,5
real_CTRCONTRACTS009895-9,train,Invoices/Real/CTRCONTRACTS009895-9.jpg,,,approved,1,folder_real_forged_ground_truth,0.0000,v7_initial_real_forged_fake_pdfs,,,,,false,1200,5
forged_CTRCONTRACTS009895-9,train,Invoices/Forged/CTRCONTRACTS009895-9.jpg,,,rejected,0,folder_real_forged_ground_truth,1.0000,v7_initial_real_forged_fake_pdfs,,,,,false,1200,5
real_03638969,train,Invoices/Real/03638969.jpg,,,approved,1,folder_real_forged_ground_truth,0.0000,v7_initial_real_forged_fake_pdfs,,,,,false,1200,5
forged_03638969,train,Invoices/Forged/03638969.jpg,,,rejected,0,folder_real_forged_ground_truth,1.0000,v7_initial_real_forged_fake_pdfs,,,,,false,1200,5
real_CTRCONTRACTS001598-1,train,Invoices/Real/CTRCONTRACTS001598-1.jpg,,,approved,1,folder_real_forged_ground_truth,0.0000,v7_initial_real_forged_fake_pdfs,,,,,false,1200,5
forged_CTRCONTRACTS001598-1,train,Invoices/Forged/CTRCONTRACTS001598-1.jpg,,,rejected,0,folder_real_forged_ground_truth,1.0000,v7_initial_real_forged_fake_pdfs,,,,,false,1200,5
real_2028716484,train,Invoices/Real/2028716484.jpg,,,approved,1,folder_real_forged_ground_truth,0.0000,v7_initial_real_forged_fake_pdfs,,,,,false,1200,5
forged_2028716484,train,Invoices/Forged/2028716484.jpg,,,rejected,0,folder_real_forged_ground_truth,1.0000,v7_initial_real_forged_fake_pdfs,,,,,false,1200,5
real_0060032039,train,Invoices/Real/0060032039.jpg,,,approved,1,folder_real_forged_ground_truth,0.0000,v7_initial_real_forged_fake_pdfs,,,,,false,1200,5
forged_0060032039,train,Invoices/Forged/0060032039.jpg,,,rejected,0,folder_real_forged_ground_truth,1.0000,v7_initial_real_forged_fake_pdfs,,,,,false,1200,5
real_80701185,train,Invoices/Real/80701185.jpg,,,approved,1,folder_real_forged_ground_truth,0.0000,v7_initial_real_forged_fake_pdfs,,,,,false,1200,5
forged_80701185,train,Invoices/Forged/80701185.jpg,,,rejected,0,folder_real_forged_ground_truth,1.0000,v7_initial_real_forged_fake_pdfs,,,,,false,1200,5
real_2084020226,train,Invoices/Real/2084020226.jpg,,,approved,1,folder_real_forged_ground_truth,0.0000,v7_initial_real_forged_fake_pdfs,,,,,false,1200,5
forged_2084020226,train,Invoices/Forged/2084020226.jpg,,,rejected,0,folder_real_forged_ground_truth,1.0000,v7_initial_real_forged_fake_pdfs,,,,,false,1200,5
real_11238840,train,Invoices/Real/11238840.jpg,,,approved,1,folder_real_forged_ground_truth,0.0000,v7_initial_real_forged_fake_pdfs,,,,,false,1200,5
forged_11238840,train,Invoices/Forged/11238840.jpg,,,rejected,0,folder_real_forged_ground_truth,1.0000,v7_initial_real_forged_fake_pdfs,,,,,false,1200,5
real_2048373725,train,Invoices/Real/2048373725.jpg,,,approved,1,folder_real_forged_ground_truth,0.0000,v7_initial_real_forged_fake_pdfs,,,,,false,1200,5
forged_2048373725,train,Invoices/Forged/2048373725.jpg,,,rejected,0,folder_real_forged_ground_truth,1.0000,v7_initial_real_forged_fake_pdfs,,,,,false,1200,5
real_506271023,train,Invoices/Real/506271023.jpg,,,approved,1,folder_real_forged_ground_truth,0.0000,v7_initial_real_forged_fake_pdfs,,,,,false,1200,5
forged_506271023,train,Invoices/Forged/506271023.jpg,,,rejected,0,folder_real_forged_ground_truth,1.0000,v7_initial_real_forged_fake_pdfs,,,,,false,1200,5
real_0060027381,train,Invoices/Real/0060027381.jpg,,,approved,1,folder_real_forged_ground_truth,0.0000,v7_initial_real_forged_fake_pdfs,,,,,false,1200,5
forged_0060027381,train,Invoices/Forged/0060027381.jpg,,,rejected,0,folder_real_forged_ground_truth,1.0000,v7_initial_real_forged_fake_pdfs,,,,,false,1200,5
real_95824806,train,Invoices/Real/95824806.jpg,,,approved,1,folder_real_forged_ground_truth,0.0000,v7_initial_real_forged_fake_pdfs,,,,,false,1200,5
forged_95824806,train,Invoices/Forged/95824806.jpg,,,rejected,0,folder_real_forged_ground_truth,1.0000,v7_initial_real_forged_fake_pdfs,,,,,false,1200,5
real_2028691805_2028691806,train,Invoices/Real/2028691805_2028691806.jpg,,,approved,1,folder_real_forged_ground_truth,0.0000,v7_initial_real_forged_fake_pdfs,,,,,false,1200,5
forged_2028691805_2028691806,train,Invoices/Forged/2028691805_2028691806.jpg,,,rejected,0,folder_real_forged_ground_truth,1.0000,v7_initial_real_forged_fake_pdfs,,,,,false,1200,5
real_2028729611,train,Invoices/Real/2028729611.jpg,,,approved,1,folder_real_forged_ground_truth,0.0000,v7_initial_real_forged_fake_pdfs,,,,,false,1200,5
forged_2028729611,train,Invoices/Forged/2028729611.jpg,,,rejected,0,folder_real_forged_ground_truth,1.0000,v7_initial_real_forged_fake_pdfs,,,,,false,1200,5
real_ti17120567,train,Invoices/Real/ti17120567.jpg,,,approved,1,folder_real_forged_ground_truth,0.0000,v7_initial_real_forged_fake_pdfs,,,,,false,1200,5
forged_ti17120567,train,Invoices/Forged/ti17120567.jpg,,,rejected,0,folder_real_forged_ground_truth,1.0000,v7_initial_real_forged_fake_pdfs,,,,,false,1200,5
real_2028697984,train,Invoices/Real/2028697984.jpg,,,approved,1,folder_real_forged_ground_truth,0.0000,v7_initial_real_forged_fake_pdfs,,,,,false,1200,5
forged_2028697984,train,Invoices/Forged/2028697984.jpg,,,rejected,0,folder_real_forged_ground_truth,1.0000,v7_initial_real_forged_fake_pdfs,,,,,false,1200,5
real_2028694058,train,Invoices/Real/2028694058.jpg,,,approved,1,folder_real_forged_ground_truth,0.0000,v7_initial_real_forged_fake_pdfs,,,,,false,1200,5
forged_2028694058,train,Invoices/Forged/2028694058.jpg,,,rejected,0,folder_real_forged_ground_truth,1.0000,v7_initial_real_forged_fake_pdfs,,,,,false,1200,5
real_501703529-3529,train,Invoices/Real/501703529-3529.jpg,,,approved,1,folder_real_forged_ground_truth,0.0000,v7_initial_real_forged_fake_pdfs,,,,,false,1200,5
forged_501703529-3529,train,Invoices/Forged/501703529-3529.jpg,,,rejected,0,folder_real_forged_ground_truth,1.0000,v7_initial_real_forged_fake_pdfs,,,,,false,1200,5
real_2041619314,train,Invoices/Real/2041619314.jpg,,,approved,1,folder_real_forged_ground_truth,0.0000,v7_initial_real_forged_fake_pdfs,,,,,false,1200,5
forged_2041619314,train,Invoices/Forged/2041619314.jpg,,,rejected,0,folder_real_forged_ground_truth,1.0000,v7_initial_real_forged_fake_pdfs,,,,,false,1200,5
real_2084022308,train,Invoices/Real/2084022308.jpg,,,approved,1,folder_real_forged_ground_truth,0.0000,v7_initial_real_forged_fake_pdfs,,,,,false,1200,5
forged_2084022308,train,Invoices/Forged/2084022308.jpg,,,rejected,0,folder_real_forged_ground_truth,1.0000,v7_initial_real_forged_fake_pdfs,,,,,false,1200,5
real_88266768a,train,Invoices/Real/88266768a.jpg,,,approved,1,folder_real_forged_ground_truth,0.0000,v7_initial_real_forged_fake_pdfs,,,,,false,1200,5
forged_88266768a,train,Invoices/Forged/88266768a.jpg,,,rejected,0,folder_real_forged_ground_truth,1.0000,v7_initial_real_forged_fake_pdfs,,,,,false,1200,5
real_93413375,train,Invoices/Real/93413375.jpg,,,approved,1,folder_real_forged_ground_truth,0.0000,v7_initial_real_forged_fake_pdfs,,,,,false,1200,5
forged_93413375,train,Invoices/Forged/93413375.jpg,,,rejected,0,folder_real_forged_ground_truth,1.0000,v7_initial_real_forged_fake_pdfs,,,,,false,1200,5
real_0060080760,train,Invoices/Real/0060080760.jpg,,,approved,1,folder_real_forged_ground_truth,0.0000,v7_initial_real_forged_fake_pdfs,,,,,false,1200,5
forged_0060080760,train,Invoices/Forged/0060080760.jpg,,,rejected,0,folder_real_forged_ground_truth,1.0000,v7_initial_real_forged_fake_pdfs,,,,,false,1200,5
real_2024525606,train,Invoices/Real/2024525606.jpg,,,approved,1,folder_real_forged_ground_truth,0.0000,v7_initial_real_forged_fake_pdfs,,,,,false,1200,5
forged_2024525606,train,Invoices/Forged/2024525606.jpg,,,rejected,0,folder_real_forged_ground_truth,1.0000,v7_initial_real_forged_fake_pdfs,,,,,false,1200,5
real_2028718888,train,Invoices/Real/2028718888.jpg,,,approved,1,folder_real_forged_ground_truth,0.0000,v7_initial_real_forged_fake_pdfs,,,,,false,1200,5
forged_2028718888,train,Invoices/Forged/2028718888.jpg,,,rejected,0,folder_real_forged_ground_truth,1.0000,v7_initial_real_forged_fake_pdfs,,,,,false,1200,5
real_00920638,train,Invoices/Real/00920638.jpg,,,approved,1,folder_real_forged_ground_truth,0.0000,v7_initial_real_forged_fake_pdfs,,,,,false,1200,5
forged_00920638,train,Invoices/Forged/00920638.jpg,,,rejected,0,folder_real_forged_ground_truth,1.0000,v7_initial_real_forged_fake_pdfs,,,,,false,1200,5
real_2071533746,train,Invoices/Real/2071533746.jpg,,,approved,1,folder_real_forged_ground_truth,0.0000,v7_initial_real_forged_fake_pdfs,,,,,false,1200,5
forged_2071533746,train,Invoices/Forged/2071533746.jpg,,,rejected,0,folder_real_forged_ground_truth,1.0000,v7_initial_real_forged_fake_pdfs,,,,,false,1200,5
real_2505414281,train,Invoices/Real/2505414281.jpg,,,approved,1,folder_real_forged_ground_truth,0.0000,v7_initial_real_forged_fake_pdfs,,,,,false,1200,5
forged_2505414281,train,Invoices/Forged/2505414281.jpg,,,rejected,0,folder_real_forged_ground_truth,1.0000,v7_initial_real_forged_fake_pdfs,,,,,false,1200,5
real_2030403783,train,Invoices/Real/2030403783.jpg,,,approved,1,folder_real_forged_ground_truth,0.0000,v7_initial_real_forged_fake_pdfs,,,,,false,1200,5
forged_2030403783,train,Invoices/Forged/2030403783.jpg,,,rejected,0,folder_real_forged_ground_truth,1.0000,v7_initial_real_forged_fake_pdfs,,,,,false,1200,5
real_0001219743,train,Invoices/Real/0001219743.jpg,,,approved,1,folder_real_forged_ground_truth,0.0000,v7_initial_real_forged_fake_pdfs,,,,,false,1200,5
forged_0001219743,train,Invoices/Forged/0001219743.jpg,,,rejected,0,folder_real_forged_ground_truth,1.0000,v7_initial_real_forged_fake_pdfs,,,,,false,1200,5
real_82894853,train,Invoices/Real/82894853.jpg,,,approved,1,folder_real_forged_ground_truth,0.0000,v7_initial_real_forged_fake_pdfs,,,,,false,1200,5
forged_82894853,train,Invoices/Forged/82894853.jpg,,,rejected,0,folder_real_forged_ground_truth,1.0000,v7_initial_real_forged_fake_pdfs,,,,,false,1200,5
real_0001233629,train,Invoices/Real/0001233629.jpg,,,approved,1,folder_real_forged_ground_truth,0.0000,v7_initial_real_forged_fake_pdfs,,,,,false,1200,5
forged_0001233629,train,Invoices/Forged/0001233629.jpg,,,rejected,0,folder_real_forged_ground_truth,1.0000,v7_initial_real_forged_fake_pdfs,,,,,false,1200,5
real_87149523_87149526,train,Invoices/Real/87149523_87149526.jpg,,,approved,1,folder_real_forged_ground_truth,0.0000,v7_initial_real_forged_fake_pdfs,,,,,false,1200,5
forged_87149523_87149526,train,Invoices/Forged/87149523_87149526.jpg,,,rejected,0,folder_real_forged_ground_truth,1.0000,v7_initial_real_forged_fake_pdfs,,,,,false,1200,5
real_2028728093,train,Invoices/Real/2028728093.jpg,,,approved,1,folder_real_forged_ground_truth,0.0000,v7_initial_real_forged_fake_pdfs,,,,,false,1200,5
forged_2028728093,train,Invoices/Forged/2028728093.jpg,,,rejected,0,folder_real_forged_ground_truth,1.0000,v7_initial_real_forged_fake_pdfs,,,,,false,1200,5
real_2074104267,train,Invoices/Real/2074104267.jpg,,,approved,1,folder_real_forged_ground_truth,0.0000,v7_initial_real_forged_fake_pdfs,,,,,false,1200,5
forged_2074104267,train,Invoices/Forged/2074104267.jpg,,,rejected,0,folder_real_forged_ground_truth,1.0000,v7_initial_real_forged_fake_pdfs,,,,,false,1200,5
real_89001376,train,Invoices/Real/89001376.jpg,,,approved,1,folder_real_forged_ground_truth,0.0000,v7_initial_real_forged_fake_pdfs,,,,,false,1200,5
forged_89001376,train,Invoices/Forged/89001376.jpg,,,rejected,0,folder_real_forged_ground_truth,1.0000,v7_initial_real_forged_fake_pdfs,,,,,false,1200,5
real_2061832122,train,Invoices/Real/2061832122.jpg,,,approved,1,folder_real_forged_ground_truth,0.0000,v7_initial_real_forged_fake_pdfs,,,,,false,1200,5
forged_2061832122,train,Invoices/Forged/2061832122.jpg,,,rejected,0,folder_real_forged_ground_truth,1.0000,v7_initial_real_forged_fake_pdfs,,,,,false,1200,5
real_91505705,train,Invoices/Real/91505705.jpg,,,approved,1,folder_real_forged_ground_truth,0.0000,v7_initial_real_forged_fake_pdfs,,,,,false,1200,5
forged_91505705,train,Invoices/Forged/91505705.jpg,,,rejected,0,folder_real_forged_ground_truth,1.0000,v7_initial_real_forged_fake_pdfs,,,,,false,1200,5
real_2084342625,train,Invoices/Real/2084342625.jpg,,,approved,1,folder_real_forged_ground_truth,0.0000,v7_initial_real_forged_fake_pdfs,,,,,false,1200,5
forged_2084342625,train,Invoices/Forged/2084342625.jpg,,,rejected,0,folder_real_forged_ground_truth,1.0000,v7_initial_real_forged_fake_pdfs,,,,,false,1200,5
real_89000786,train,Invoices/Real/89000786.jpg,,,approved,1,folder_real_forged_ground_truth,0.0000,v7_initial_real_forged_fake_pdfs,,,,,false,1200,5
forged_89000786,train,Invoices/Forged/89000786.jpg,,,rejected,0,folder_real_forged_ground_truth,1.0000,v7_initial_real_forged_fake_pdfs,,,,,false,1200,5
real_87052618,train,Invoices/Real/87052618.jpg,,,approved,1,folder_real_forged_ground_truth,0.0000,v7_initial_real_forged_fake_pdfs,,,,,false,1200,5
forged_87052618,train,Invoices/Forged/87052618.jpg,,,rejected,0,folder_real_forged_ground_truth,1.0000,v7_initial_real_forged_fake_pdfs,,,,,false,1200,5
real_2073071216,train,Invoices/Real/2073071216.jpg,,,approved,1,folder_real_forged_ground_truth,0.0000,v7_initial_real_forged_fake_pdfs,,,,,false,1200,5
forged_2073071216,train,Invoices/Forged/2073071216.jpg,,,rejected,0,folder_real_forged_ground_truth,1.0000,v7_initial_real_forged_fake_pdfs,,,,,false,1200,5
real_0060082098,train,Invoices/Real/0060082098.jpg,,,approved,1,folder_real_forged_ground_truth,0.0000,v7_initial_real_forged_fake_pdfs,,,,,false,1200,5
forged_0060082098,train,Invoices/Forged/0060082098.jpg,,,rejected,0,folder_real_forged_ground_truth,1.0000,v7_initial_real_forged_fake_pdfs,,,,,false,1200,5
real_X00016469672,train,Invoices/Real/X00016469672.jpg,,,approved,1,folder_real_forged_ground_truth,0.0000,v7_initial_real_forged_fake_pdfs,,,,,false,1200,5
forged_X00016469672,train,Invoices/Forged/X00016469672.jpg,,,rejected,0,folder_real_forged_ground_truth,1.0000,v7_initial_real_forged_fake_pdfs,,,,,false,1200,5
real_tob04705.73_tob04705.76,train,Invoices/Real/tob04705.73_tob04705.76.jpg,,,approved,1,folder_real_forged_ground_truth,0.0000,v7_initial_real_forged_fake_pdfs,,,,,false,1200,5
forged_tob04705.73_tob04705.76,train,Invoices/Forged/tob04705.73_tob04705.76.jpg,,,rejected,0,folder_real_forged_ground_truth,1.0000,v7_initial_real_forged_fake_pdfs,,,,,false,1200,5
real_2024525914,train,Invoices/Real/2024525914.jpg,,,approved,1,folder_real_forged_ground_truth,0.0000,v7_initial_real_forged_fake_pdfs,,,,,false,1200,5
forged_2024525914,train,Invoices/Forged/2024525914.jpg,,,rejected,0,folder_real_forged_ground_truth,1.0000,v7_initial_real_forged_fake_pdfs,,,,,false,1200,5
real_513261894_513261895,train,Invoices/Real/513261894_513261895.jpg,,,approved,1,folder_real_forged_ground_truth,0.0000,v7_initial_real_forged_fake_pdfs,,,,,false,1200,5
forged_513261894_513261895,train,Invoices/Forged/513261894_513261895.jpg,,,rejected,0,folder_real_forged_ground_truth,1.0000,v7_initial_real_forged_fake_pdfs,,,,,false,1200,5
real_95824480,train,Invoices/Real/95824480.jpg,,,approved,1,folder_real_forged_ground_truth,0.0000,v7_initial_real_forged_fake_pdfs,,,,,false,1200,5
forged_95824480,train,Invoices/Forged/95824480.jpg,,,rejected,0,folder_real_forged_ground_truth,1.0000,v7_initial_real_forged_fake_pdfs,,,,,false,1200,5
real_87103978,train,Invoices/Real/87103978.jpg,,,approved,1,folder_real_forged_ground_truth,0.0000,v7_initial_real_forged_fake_pdfs,,,,,false,1200,5
forged_87103978,train,Invoices/Forged/87103978.jpg,,,rejected,0,folder_real_forged_ground_truth,1.0000,v7_initial_real_forged_fake_pdfs,,,,,false,1200,5
real_2028712208,train,Invoices/Real/2028712208.jpg,,,approved,1,folder_real_forged_ground_truth,0.0000,v7_initial_real_forged_fake_pdfs,,,,,false,1200,5
forged_2028712208,train,Invoices/Forged/2028712208.jpg,,,rejected,0,folder_real_forged_ground_truth,1.0000,v7_initial_real_forged_fake_pdfs,,,,,false,1200,5
real_91810227,train,Invoices/Real/91810227.jpg,,,approved,1,folder_real_forged_ground_truth,0.0000,v7_initial_real_forged_fake_pdfs,,,,,false,1200,5
forged_91810227,train,Invoices/Forged/91810227.jpg,,,rejected,0,folder_real_forged_ground_truth,1.0000,v7_initial_real_forged_fake_pdfs,,,,,false,1200,5
real_2074104343,train,Invoices/Real/2074104343.jpg,,,approved,1,folder_real_forged_ground_truth,0.0000,v7_initial_real_forged_fake_pdfs,,,,,false,1200,5
forged_2074104343,train,Invoices/Forged/2074104343.jpg,,,rejected,0,folder_real_forged_ground_truth,1.0000,v7_initial_real_forged_fake_pdfs,,,,,false,1200,5
real_2028719939_2028719940,train,Invoices/Real/2028719939_2028719940.jpg,,,approved,1,folder_real_forged_ground_truth,0.0000,v7_initial_real_forged_fake_pdfs,,,,,false,1200,5
forged_2028719939_2028719940,train,Invoices/Forged/2028719939_2028719940.jpg,,,rejected,0,folder_real_forged_ground_truth,1.0000,v7_initial_real_forged_fake_pdfs,,,,,false,1200,5
real_0060031784,train,Invoices/Real/0060031784.jpg,,,approved,1,folder_real_forged_ground_truth,0.0000,v7_initial_real_forged_fake_pdfs,,,,,false,1200,5
forged_0060031784,train,Invoices/Forged/0060031784.jpg,,,rejected,0,folder_real_forged_ground_truth,1.0000,v7_initial_real_forged_fake_pdfs,,,,,false,1200,5
real_2028717388,train,Invoices/Real/2028717388.jpg,,,approved,1,folder_real_forged_ground_truth,0.0000,v7_initial_real_forged_fake_pdfs,,,,,false,1200,5
forged_2028717388,train,Invoices/Forged/2028717388.jpg,,,rejected,0,folder_real_forged_ground_truth,1.0000,v7_initial_real_forged_fake_pdfs,,,,,false,1200,5
real_91515363,train,Invoices/Real/91515363.jpg,,,approved,1,folder_real_forged_ground_truth,0.0000,v7_initial_real_forged_fake_pdfs,,,,,false,1200,5
forged_91515363,train,Invoices/Forged/91515363.jpg,,,rejected,0,folder_real_forged_ground_truth,1.0000,v7_initial_real_forged_fake_pdfs,,,,,false,1200,5
real_2028725808,train,Invoices/Real/2028725808.jpg,,,approved,1,folder_real_forged_ground_truth,0.0000,v7_initial_real_forged_fake_pdfs,,,,,false,1200,5
forged_2028725808,train,Invoices/Forged/2028725808.jpg,,,rejected,0,folder_real_forged_ground_truth,1.0000,v7_initial_real_forged_fake_pdfs,,,,,false,1200,5
real_88131634,train,Invoices/Real/88131634.jpg,,,approved,1,folder_real_forged_ground_truth,0.0000,v7_initial_real_forged_fake_pdfs,,,,,false,1200,5
forged_88131634,train,Invoices/Forged/88131634.jpg,,,rejected,0,folder_real_forged_ground_truth,1.0000,v7_initial_real_forged_fake_pdfs,,,,,false,1200,5
real_2084020004,train,Invoices/Real/2084020004.jpg,,,approved,1,folder_real_forged_ground_truth,0.0000,v7_initial_real_forged_fake_pdfs,,,,,false,1200,5
forged_2084020004,train,Invoices/Forged/2084020004.jpg,,,rejected,0,folder_real_forged_ground_truth,1.0000,v7_initial_real_forged_fake_pdfs,,,,,false,1200,5
real_80721675,train,Invoices/Real/80721675.jpg,,,approved,1,folder_real_forged_ground_truth,0.0000,v7_initial_real_forged_fake_pdfs,,,,,false,1200,5
forged_80721675,train,Invoices/Forged/80721675.jpg,,,rejected,0,folder_real_forged_ground_truth,1.0000,v7_initial_real_forged_fake_pdfs,,,,,false,1200,5
real_2028705019,train,Invoices/Real/2028705019.jpg,,,approved,1,folder_real_forged_ground_truth,0.0000,v7_initial_real_forged_fake_pdfs,,,,,false,1200,5
forged_2028705019,train,Invoices/Forged/2028705019.jpg,,,rejected,0,folder_real_forged_ground_truth,1.0000,v7_initial_real_forged_fake_pdfs,,,,,false,1200,5
real_2084022751,train,Invoices/Real/2084022751.jpg,,,approved,1,folder_real_forged_ground_truth,0.0000,v7_initial_real_forged_fake_pdfs,,,,,false,1200,5
forged_2084022751,train,Invoices/Forged/2084022751.jpg,,,rejected,0,folder_real_forged_ground_truth,1.0000,v7_initial_real_forged_fake_pdfs,,,,,false,1200,5
real_89001738,train,Invoices/Real/89001738.jpg,,,approved,1,folder_real_forged_ground_truth,0.0000,v7_initial_real_forged_fake_pdfs,,,,,false,1200,5
forged_89001738,train,Invoices/Forged/89001738.jpg,,,rejected,0,folder_real_forged_ground_truth,1.0000,v7_initial_real_forged_fake_pdfs,,,,,false,1200,5
real_0060095587,train,Invoices/Real/0060095587.jpg,,,approved,1,folder_real_forged_ground_truth,0.0000,v7_initial_real_forged_fake_pdfs,,,,,false,1200,5
forged_0060095587,train,Invoices/Forged/0060095587.jpg,,,rejected,0,folder_real_forged_ground_truth,1.0000,v7_initial_real_forged_fake_pdfs,,,,,false,1200,5
real_2063300411,train,Invoices/Real/2063300411.jpg,,,approved,1,folder_real_forged_ground_truth,0.0000,v7_initial_real_forged_fake_pdfs,,,,,false,1200,5
forged_2063300411,train,Invoices/Forged/2063300411.jpg,,,rejected,0,folder_real_forged_ground_truth,1.0000,v7_initial_real_forged_fake_pdfs,,,,,false,1200,5
real_2026486823,train,Invoices/Real/2026486823.jpg,,,approved,1,folder_real_forged_ground_truth,0.0000,v7_initial_real_forged_fake_pdfs,,,,,false,1200,5
forged_2026486823,train,Invoices/Forged/2026486823.jpg,,,rejected,0,folder_real_forged_ground_truth,1.0000,v7_initial_real_forged_fake_pdfs,,,,,false,1200,5
real_2049431637,train,Invoices/Real/2049431637.jpg,,,approved,1,folder_real_forged_ground_truth,0.0000,v7_initial_real_forged_fake_pdfs,,,,,false,1200,5
forged_2049431637,train,Invoices/Forged/2049431637.jpg,,,rejected,0,folder_real_forged_ground_truth,1.0000,v7_initial_real_forged_fake_pdfs,,,,,false,1200,5
real_2021636830,train,Invoices/Real/2021636830.jpg,,,approved,1,folder_real_forged_ground_truth,0.0000,v7_initial_real_forged_fake_pdfs,,,,,false,1200,5
forged_2021636830,train,Invoices/Forged/2021636830.jpg,,,rejected,0,folder_real_forged_ground_truth,1.0000,v7_initial_real_forged_fake_pdfs,,,,,false,1200,5
real_2028710092,train,Invoices/Real/2028710092.jpg,,,approved,1,folder_real_forged_ground_truth,0.0000,v7_initial_real_forged_fake_pdfs,,,,,false,1200,5
forged_2028710092,train,Invoices/Forged/2028710092.jpg,,,rejected,0,folder_real_forged_ground_truth,1.0000,v7_initial_real_forged_fake_pdfs,,,,,false,1200,5
real_2084021794,train,Invoices/Real/2084021794.jpg,,,approved,1,folder_real_forged_ground_truth,0.0000,v7_initial_real_forged_fake_pdfs,,,,,false,1200,5
forged_2084021794,train,Invoices/Forged/2084021794.jpg,,,rejected,0,folder_real_forged_ground_truth,1.0000,v7_initial_real_forged_fake_pdfs,,,,,false,1200,5
real_0060083495,train,Invoices/Real/0060083495.jpg,,,approved,1,folder_real_forged_ground_truth,0.0000,v7_initial_real_forged_fake_pdfs,,,,,false,1200,5
forged_0060083495,train,Invoices/Forged/0060083495.jpg,,,rejected,0,folder_real_forged_ground_truth,1.0000,v7_initial_real_forged_fake_pdfs,,,,,false,1200,5
real_0012193483,train,Invoices/Real/0012193483.jpg,,,approved,1,folder_real_forged_ground_truth,0.0000,v7_initial_real_forged_fake_pdfs,,,,,false,1200,5
forged_0012193483,train,Invoices/Forged/0012193483.jpg,,,rejected,0,folder_real_forged_ground_truth,1.0000,v7_initial_real_forged_fake_pdfs,,,,,false,1200,5
real_2062173086,train,Invoices/Real/2062173086.jpg,,,approved,1,folder_real_forged_ground_truth,0.0000,v7_initial_real_forged_fake_pdfs,,,,,false,1200,5
forged_2062173086,train,Invoices/Forged/2062173086.jpg,,,rejected,0,folder_real_forged_ground_truth,1.0000,v7_initial_real_forged_fake_pdfs,,,,,false,1200,5
real_0013122156,train,Invoices/Real/0013122156.jpg,,,approved,1,folder_real_forged_ground_truth,0.0000,v7_initial_real_forged_fake_pdfs,,,,,false,1200,5
forged_0013122156,train,Invoices/Forged/0013122156.jpg,,,rejected,0,folder_real_forged_ground_truth,1.0000,v7_initial_real_forged_fake_pdfs,,,,,false,1200,5
real_0013043203,train,Invoices/Real/0013043203.jpg,,,approved,1,folder_real_forged_ground_truth,0.0000,v7_initial_real_forged_fake_pdfs,,,,,false,1200,5
forged_0013043203,train,Invoices/Forged/0013043203.jpg,,,rejected,0,folder_real_forged_ground_truth,1.0000,v7_initial_real_forged_fake_pdfs,,,,,false,1200,5
real_87065276,train,Invoices/Real/87065276.jpg,,,approved,1,folder_real_forged_ground_truth,0.0000,v7_initial_real_forged_fake_pdfs,,,,,false,1200,5
forged_87065276,train,Invoices/Forged/87065276.jpg,,,rejected,0,folder_real_forged_ground_truth,1.0000,v7_initial_real_forged_fake_pdfs,,,,,false,1200,5
real_87064464,train,Invoices/Real/87064464.jpg,,,approved,1,folder_real_forged_ground_truth,0.0000,v7_initial_real_forged_fake_pdfs,,,,,false,1200,5
forged_87064464,train,Invoices/Forged/87064464.jpg,,,rejected,0,folder_real_forged_ground_truth,1.0000,v7_initial_real_forged_fake_pdfs,,,,,false,1200,5
real_2023186187,train,Invoices/Real/2023186187.jpg,,,approved,1,folder_real_forged_ground_truth,0.0000,v7_initial_real_forged_fake_pdfs,,,,,false,1200,5
forged_2023186187,train,Invoices/Forged/2023186187.jpg,,,rejected,0,folder_real_forged_ground_truth,1.0000,v7_initial_real_forged_fake_pdfs,,,,,false,1200,5
real_2028706274,train,Invoices/Real/2028706274.jpg,,,approved,1,folder_real_forged_ground_truth,0.0000,v7_initial_real_forged_fake_pdfs,,,,,false,1200,5
forged_2028706274,train,Invoices/Forged/2028706274.jpg,,,rejected,0,folder_real_forged_ground_truth,1.0000,v7_initial_real_forged_fake_pdfs,,,,,false,1200,5
real_518027475_518027477,train,Invoices/Real/518027475_518027477.jpg,,,approved,1,folder_real_forged_ground_truth,0.0000,v7_initial_real_forged_fake_pdfs,,,,,false,1200,5
forged_518027475_518027477,train,Invoices/Forged/518027475_518027477.jpg,,,rejected,0,folder_real_forged_ground_truth,1.0000,v7_initial_real_forged_fake_pdfs,,,,,false,1200,5
real_2084024647,train,Invoices/Real/2084024647.jpg,,,approved,1,folder_real_forged_ground_truth,0.0000,v7_initial_real_forged_fake_pdfs,,,,,false,1200,5
forged_2084024647,train,Invoices/Forged/2084024647.jpg,,,rejected,0,folder_real_forged_ground_truth,1.0000,v7_initial_real_forged_fake_pdfs,,,,,false,1200,5
real_0000333206,train,Invoices/Real/0000333206.jpg,,,approved,1,folder_real_forged_ground_truth,0.0000,v7_initial_real_forged_fake_pdfs,,,,,false,1200,5
forged_0000333206,train,Invoices/Forged/0000333206.jpg,,,rejected,0,folder_real_forged_ground_truth,1.0000,v7_initial_real_forged_fake_pdfs,,,,,false,1200,5
real_ti17120055,train,Invoices/Real/ti17120055.jpg,,,approved,1,folder_real_forged_ground_truth,0.0000,v7_initial_real_forged_fake_pdfs,,,,,false,1200,5
forged_ti17120055,train,Invoices/Forged/ti17120055.jpg,,,rejected,0,folder_real_forged_ground_truth,1.0000,v7_initial_real_forged_fake_pdfs,,,,,false,1200,5
real_2028708390,train,Invoices/Real/2028708390.jpg,,,approved,1,folder_real_forged_ground_truth,0.0000,v7_initial_real_forged_fake_pdfs,,,,,false,1200,5
forged_2028708390,train,Invoices/Forged/2028708390.jpg,,,rejected,0,folder_real_forged_ground_truth,1.0000,v7_initial_real_forged_fake_pdfs,,,,,false,1200,5
real_2084022189,train,Invoices/Real/2084022189.jpg,,,approved,1,folder_real_forged_ground_truth,0.0000,v7_initial_real_forged_fake_pdfs,,,,,false,1200,5
forged_2084022189,train,Invoices/Forged/2084022189.jpg,,,rejected,0,folder_real_forged_ground_truth,1.0000,v7_initial_real_forged_fake_pdfs,,,,,false,1200,5
real_2501335075,train,Invoices/Real/2501335075.jpg,,,approved,1,folder_real_forged_ground_truth,0.0000,v7_initial_real_forged_fake_pdfs,,,,,false,1200,5
forged_2501335075,train,Invoices/Forged/2501335075.jpg,,,rejected,0,folder_real_forged_ground_truth,1.0000,v7_initial_real_forged_fake_pdfs,,,,,false,1200,5
real_2071030591,train,Invoices/Real/2071030591.jpg,,,approved,1,folder_real_forged_ground_truth,0.0000,v7_initial_real_forged_fake_pdfs,,,,,false,1200,5
forged_2071030591,train,Invoices/Forged/2071030591.jpg,,,rejected,0,folder_real_forged_ground_truth,1.0000,v7_initial_real_forged_fake_pdfs,,,,,false,1200,5
real_88132141,train,Invoices/Real/88132141.jpg,,,approved,1,folder_real_forged_ground_truth,0.0000,v7_initial_real_forged_fake_pdfs,,,,,false,1200,5
forged_88132141,train,Invoices/Forged/88132141.jpg,,,rejected,0,folder_real_forged_ground_truth,1.0000,v7_initial_real_forged_fake_pdfs,,,,,false,1200,5
real_2028724447,train,Invoices/Real/2028724447.jpg,,,approved,1,folder_real_forged_ground_truth,0.0000,v7_initial_real_forged_fake_pdfs,,,,,false,1200,5
forged_2028724447,train,Invoices/Forged/2028724447.jpg,,,rejected,0,folder_real_forged_ground_truth,1.0000,v7_initial_real_forged_fake_pdfs,,,,,false,1200,5
real_505850844,train,Invoices/Real/505850844.jpg,,,approved,1,folder_real_forged_ground_truth,0.0000,v7_initial_real_forged_fake_pdfs,,,,,false,1200,5
forged_505850844,train,Invoices/Forged/505850844.jpg,,,rejected,0,folder_real_forged_ground_truth,1.0000,v7_initial_real_forged_fake_pdfs,,,,,false,1200,5
real_03750991,train,Invoices/Real/03750991.jpg,,,approved,1,folder_real_forged_ground_truth,0.0000,v7_initial_real_forged_fake_pdfs,,,,,false,1200,5
forged_03750991,train,Invoices/Forged/03750991.jpg,,,rejected,0,folder_real_forged_ground_truth,1.0000,v7_initial_real_forged_fake_pdfs,,,,,false,1200,5
real_91507140,train,Invoices/Real/91507140.jpg,,,approved,1,folder_real_forged_ground_truth,0.0000,v7_initial_real_forged_fake_pdfs,,,,,false,1200,5
forged_91507140,train,Invoices/Forged/91507140.jpg,,,rejected,0,folder_real_forged_ground_truth,1.0000,v7_initial_real_forged_fake_pdfs,,,,,false,1200,5
real_2028704073,train,Invoices/Real/2028704073.jpg,,,approved,1,folder_real_forged_ground_truth,0.0000,v7_initial_real_forged_fake_pdfs,,,,,false,1200,5
forged_2028704073,train,Invoices/Forged/2028704073.jpg,,,rejected,0,folder_real_forged_ground_truth,1.0000,v7_initial_real_forged_fake_pdfs,,,,,false,1200,5
real_0060046962,train,Invoices/Real/0060046962.jpg,,,approved,1,folder_real_forged_ground_truth,0.0000,v7_initial_real_forged_fake_pdfs,,,,,false,1200,5
forged_0060046962,train,Invoices/Forged/0060046962.jpg,,,rejected,0,folder_real_forged_ground_truth,1.0000,v7_initial_real_forged_fake_pdfs,,,,,false,1200,5
real_2063178328,train,Invoices/Real/2063178328.jpg,,,approved,1,folder_real_forged_ground_truth,0.0000,v7_initial_real_forged_fake_pdfs,,,,,false,1200,5
forged_2063178328,train,Invoices/Forged/2063178328.jpg,,,rejected,0,folder_real_forged_ground_truth,1.0000,v7_initial_real_forged_fake_pdfs,,,,,false,1200,5
real_01398469,train,Invoices/Real/01398469.jpg,,,approved,1,folder_real_forged_ground_truth,0.0000,v7_initial_real_forged_fake_pdfs,,,,,false,1200,5
forged_01398469,train,Invoices/Forged/01398469.jpg,,,rejected,0,folder_real_forged_ground_truth,1.0000,v7_initial_real_forged_fake_pdfs,,,,,false,1200,5
real_2063170427,train,Invoices/Real/2063170427.jpg,,,approved,1,folder_real_forged_ground_truth,0.0000,v7_initial_real_forged_fake_pdfs,,,,,false,1200,5
forged_2063170427,train,Invoices/Forged/2063170427.jpg,,,rejected,0,folder_real_forged_ground_truth,1.0000,v7_initial_real_forged_fake_pdfs,,,,,false,1200,5
real_91664823,train,Invoices/Real/91664823.jpg,,,approved,1,folder_real_forged_ground_truth,0.0000,v7_initial_real_forged_fake_pdfs,,,,,false,1200,5
forged_91664823,train,Invoices/Forged/91664823.jpg,,,rejected,0,folder_real_forged_ground_truth,1.0000,v7_initial_real_forged_fake_pdfs,,,,,false,1200,5
real_0000137486,train,Invoices/Real/0000137486.jpg,,,approved,1,folder_real_forged_ground_truth,0.0000,v7_initial_real_forged_fake_pdfs,,,,,false,1200,5
forged_0000137486,train,Invoices/Forged/0000137486.jpg,,,rejected,0,folder_real_forged_ground_truth,1.0000,v7_initial_real_forged_fake_pdfs,,,,,false,1200,5
real_91659229,train,Invoices/Real/91659229.jpg,,,approved,1,folder_real_forged_ground_truth,0.0000,v7_initial_real_forged_fake_pdfs,,,,,false,1200,5
forged_91659229,train,Invoices/Forged/91659229.jpg,,,rejected,0,folder_real_forged_ground_truth,1.0000,v7_initial_real_forged_fake_pdfs,,,,,false,1200,5
real_501961404,train,Invoices/Real/501961404.jpg,,,approved,1,folder_real_forged_ground_truth,0.0000,v7_initial_real_forged_fake_pdfs,,,,,false,1200,5
forged_501961404,train,Invoices/Forged/501961404.jpg,,,rejected,0,folder_real_forged_ground_truth,1.0000,v7_initial_real_forged_fake_pdfs,,,,,false,1200,5
real_X00016469670,train,Invoices/Real/X00016469670.jpg,,,approved,1,folder_real_forged_ground_truth,0.0000,v7_initial_real_forged_fake_pdfs,,,,,false,1200,5
forged_X00016469670,train,Invoices/Forged/X00016469670.jpg,,,rejected,0,folder_real_forged_ground_truth,1.0000,v7_initial_real_forged_fake_pdfs,,,,,false,1200,5
real_2028699251,train,Invoices/Real/2028699251.jpg,,,approved,1,folder_real_forged_ground_truth,0.0000,v7_initial_real_forged_fake_pdfs,,,,,false,1200,5
forged_2028699251,train,Invoices/Forged/2028699251.jpg,,,rejected,0,folder_real_forged_ground_truth,1.0000,v7_initial_real_forged_fake_pdfs,,,,,false,1200,5
real_506023794_506023798,train,Invoices/Real/506023794_506023798.jpg,,,approved,1,folder_real_forged_ground_truth,0.0000,v7_initial_real_forged_fake_pdfs,,,,,false,1200,5
forged_506023794_506023798,train,Invoices/Forged/506023794_506023798.jpg,,,rejected,0,folder_real_forged_ground_truth,1.0000,v7_initial_real_forged_fake_pdfs,,,,,false,1200,5
real_2028716668,train,Invoices/Real/2028716668.jpg,,,approved,1,folder_real_forged_ground_truth,0.0000,v7_initial_real_forged_fake_pdfs,,,,,false,1200,5
forged_2028716668,train,Invoices/Forged/2028716668.jpg,,,rejected,0,folder_real_forged_ground_truth,1.0000,v7_initial_real_forged_fake_pdfs,,,,,false,1200,5
real_91575143,train,Invoices/Real/91575143.jpg,,,approved,1,folder_real_forged_ground_truth,0.0000,v7_initial_real_forged_fake_pdfs,,,,,false,1200,5
forged_91575143,train,Invoices/Forged/91575143.jpg,,,rejected,0,folder_real_forged_ground_truth,1.0000,v7_initial_real_forged_fake_pdfs,,,,,false,1200,5
real_522896255-6258,train,Invoices/Real/522896255-6258.jpg,,,approved,1,folder_real_forged_ground_truth,0.0000,v7_initial_real_forged_fake_pdfs,,,,,false,1200,5
forged_522896255-6258,train,Invoices/Forged/522896255-6258.jpg,,,rejected,0,folder_real_forged_ground_truth,1.0000,v7_initial_real_forged_fake_pdfs,,,,,false,1200,5
real_0060075043,train,Invoices/Real/0060075043.jpg,,,approved,1,folder_real_forged_ground_truth,0.0000,v7_initial_real_forged_fake_pdfs,,,,,false,1200,5
forged_0060075043,train,Invoices/Forged/0060075043.jpg,,,rejected,0,folder_real_forged_ground_truth,1.0000,v7_initial_real_forged_fake_pdfs,,,,,false,1200,5
real_0000226471,train,Invoices/Real/0000226471.jpg,,,approved,1,folder_real_forged_ground_truth,0.0000,v7_initial_real_forged_fake_pdfs,,,,,false,1200,5
forged_0000226471,train,Invoices/Forged/0000226471.jpg,,,rejected,0,folder_real_forged_ground_truth,1.0000,v7_initial_real_forged_fake_pdfs,,,,,false,1200,5
real_2072653060,train,Invoices/Real/2072653060.jpg,,,approved,1,folder_real_forged_ground_truth,0.0000,v7_initial_real_forged_fake_pdfs,,,,,false,1200,5
forged_2072653060,train,Invoices/Forged/2072653060.jpg,,,rejected,0,folder_real_forged_ground_truth,1.0000,v7_initial_real_forged_fake_pdfs,,,,,false,1200,5
real_2023921600,train,Invoices/Real/2023921600.jpg,,,approved,1,folder_real_forged_ground_truth,0.0000,v7_initial_real_forged_fake_pdfs,,,,,false,1200,5
forged_2023921600,train,Invoices/Forged/2023921600.jpg,,,rejected,0,folder_real_forged_ground_truth,1.0000,v7_initial_real_forged_fake_pdfs,,,,,false,1200,5
real_94389950,train,Invoices/Real/94389950.jpg,,,approved,1,folder_real_forged_ground_truth,0.0000,v7_initial_real_forged_fake_pdfs,,,,,false,1200,5
forged_94389950,train,Invoices/Forged/94389950.jpg,,,rejected,0,folder_real_forged_ground_truth,1.0000,v7_initial_real_forged_fake_pdfs,,,,,false,1200,5
real_X00016469623,train,Invoices/Real/X00016469623.jpg,,,approved,1,folder_real_forged_ground_truth,0.0000,v7_initial_real_forged_fake_pdfs,,,,,false,1200,5
forged_X00016469623,train,Invoices/Forged/X00016469623.jpg,,,rejected,0,folder_real_forged_ground_truth,1.0000,v7_initial_real_forged_fake_pdfs,,,,,false,1200,5
real_87104373,train,Invoices/Real/87104373.jpg,,,approved,1,folder_real_forged_ground_truth,0.0000,v7_initial_real_forged_fake_pdfs,,,,,false,1200,5
forged_87104373,train,Invoices/Forged/87104373.jpg,,,rejected,0,folder_real_forged_ground_truth,1.0000,v7_initial_real_forged_fake_pdfs,,,,,false,1200,5
real_88131701,train,Invoices/Real/88131701.jpg,,,approved,1,folder_real_forged_ground_truth,0.0000,v7_initial_real_forged_fake_pdfs,,,,,false,1200,5
forged_88131701,train,Invoices/Forged/88131701.jpg,,,rejected,0,folder_real_forged_ground_truth,1.0000,v7_initial_real_forged_fake_pdfs,,,,,false,1200,5
real_92678319,train,Invoices/Real/92678319.jpg,,,approved,1,folder_real_forged_ground_truth,0.0000,v7_initial_real_forged_fake_pdfs,,,,,false,1200,5
forged_92678319,train,Invoices/Forged/92678319.jpg,,,rejected,0,folder_real_forged_ground_truth,1.0000,v7_initial_real_forged_fake_pdfs,,,,,false,1200,5
real_85701956,train,Invoices/Real/85701956.jpg,,,approved,1,folder_real_forged_ground_truth,0.0000,v7_initial_real_forged_fake_pdfs,,,,,false,1200,5
forged_85701956,train,Invoices/Forged/85701956.jpg,,,rejected,0,folder_real_forged_ground_truth,1.0000,v7_initial_real_forged_fake_pdfs,,,,,false,1200,5
real_2084020048,train,Invoices/Real/2084020048.jpg,,,approved,1,folder_real_forged_ground_truth,0.0000,v7_initial_real_forged_fake_pdfs,,,,,false,1200,5
forged_2084020048,train,Invoices/Forged/2084020048.jpg,,,rejected,0,folder_real_forged_ground_truth,1.0000,v7_initial_real_forged_fake_pdfs,,,,,false,1200,5
real_2029370154,train,Invoices/Real/2029370154.jpg,,,approved,1,folder_real_forged_ground_truth,0.0000,v7_initial_real_forged_fake_pdfs,,,,,false,1200,5
forged_2029370154,train,Invoices/Forged/2029370154.jpg,,,rejected,0,folder_real_forged_ground_truth,1.0000,v7_initial_real_forged_fake_pdfs,,,,,false,1200,5
real_89001625,train,Invoices/Real/89001625.jpg,,,approved,1,folder_real_forged_ground_truth,0.0000,v7_initial_real_forged_fake_pdfs,,,,,false,1200,5
forged_89001625,train,Invoices/Forged/89001625.jpg,,,rejected,0,folder_real_forged_ground_truth,1.0000,v7_initial_real_forged_fake_pdfs,,,,,false,1200,5
real_92224513,train,Invoices/Real/92224513.jpg,,,approved,1,folder_real_forged_ground_truth,0.0000,v7_initial_real_forged_fake_pdfs,,,,,false,1200,5
forged_92224513,train,Invoices/Forged/92224513.jpg,,,rejected,0,folder_real_forged_ground_truth,1.0000,v7_initial_real_forged_fake_pdfs,,,,,false,1200,5
real_2084022815,train,Invoices/Real/2084022815.jpg,,,approved,1,folder_real_forged_ground_truth,0.0000,v7_initial_real_forged_fake_pdfs,,,,,false,1200,5
forged_2084022815,train,Invoices/Forged/2084022815.jpg,,,rejected,0,folder_real_forged_ground_truth,1.0000,v7_initial_real_forged_fake_pdfs,,,,,false,1200,5
real_0060281129,train,Invoices/Real/0060281129.jpg,,,approved,1,folder_real_forged_ground_truth,0.0000,v7_initial_real_forged_fake_pdfs,,,,,false,1200,5
forged_0060281129,train,Invoices/Forged/0060281129.jpg,,,rejected,0,folder_real_forged_ground_truth,1.0000,v7_initial_real_forged_fake_pdfs,,,,,false,1200,5
real_0060051594,train,Invoices/Real/0060051594.jpg,,,approved,1,folder_real_forged_ground_truth,0.0000,v7_initial_real_forged_fake_pdfs,,,,,false,1200,5
forged_0060051594,train,Invoices/Forged/0060051594.jpg,,,rejected,0,folder_real_forged_ground_truth,1.0000,v7_initial_real_forged_fake_pdfs,,,,,false,1200,5
real_ti31689101,train,Invoices/Real/ti31689101.jpg,,,approved,1,folder_real_forged_ground_truth,0.0000,v7_initial_real_forged_fake_pdfs,,,,,false,1200,5
forged_ti31689101,train,Invoices/Forged/ti31689101.jpg,,,rejected,0,folder_real_forged_ground_truth,1.0000,v7_initial_real_forged_fake_pdfs,,,,,false,1200,5
real_92242531,train,Invoices/Real/92242531.jpg,,,approved,1,folder_real_forged_ground_truth,0.0000,v7_initial_real_forged_fake_pdfs,,,,,false,1200,5
forged_92242531,train,Invoices/Forged/92242531.jpg,,,rejected,0,folder_real_forged_ground_truth,1.0000,v7_initial_real_forged_fake_pdfs,,,,,false,1200,5
real_2063113437,train,Invoices/Real/2063113437.jpg,,,approved,1,folder_real_forged_ground_truth,0.0000,v7_initial_real_forged_fake_pdfs,,,,,false,1200,5
forged_2063113437,train,Invoices/Forged/2063113437.jpg,,,rejected,0,folder_real_forged_ground_truth,1.0000,v7_initial_real_forged_fake_pdfs,,,,,false,1200,5
real_2063216949,train,Invoices/Real/2063216949.jpg,,,approved,1,folder_real_forged_ground_truth,0.0000,v7_initial_real_forged_fake_pdfs,,,,,false,1200,5
forged_2063216949,train,Invoices/Forged/2063216949.jpg,,,rejected,0,folder_real_forged_ground_truth,1.0000,v7_initial_real_forged_fake_pdfs,,,,,false,1200,5
real_80211559,train,Invoices/Real/80211559.jpg,,,approved,1,folder_real_forged_ground_truth,0.0000,v7_initial_real_forged_fake_pdfs,,,,,false,1200,5
forged_80211559,train,Invoices/Forged/80211559.jpg,,,rejected,0,folder_real_forged_ground_truth,1.0000,v7_initial_real_forged_fake_pdfs,,,,,false,1200,5
real_87148930_87148933,train,Invoices/Real/87148930_87148933.jpg,,,approved,1,folder_real_forged_ground_truth,0.0000,v7_initial_real_forged_fake_pdfs,,,,,false,1200,5
forged_87148930_87148933,train,Invoices/Forged/87148930_87148933.jpg,,,rejected,0,folder_real_forged_ground_truth,1.0000,v7_initial_real_forged_fake_pdfs,,,,,false,1200,5
real_2028721083,train,Invoices/Real/2028721083.jpg,,,approved,1,folder_real_forged_ground_truth,0.0000,v7_initial_real_forged_fake_pdfs,,,,,false,1200,5
forged_2028721083,train,Invoices/Forged/2028721083.jpg,,,rejected,0,folder_real_forged_ground_truth,1.0000,v7_initial_real_forged_fake_pdfs,,,,,false,1200,5
real_CTRSP-FILES009859-98,train,Invoices/Real/CTRSP-FILES009859-98.jpg,,,approved,1,folder_real_forged_ground_truth,0.0000,v7_initial_real_forged_fake_pdfs,,,,,false,1200,5
forged_CTRSP-FILES009859-98,train,Invoices/Forged/CTRSP-FILES009859-98.jpg,,,rejected,0,folder_real_forged_ground_truth,1.0000,v7_initial_real_forged_fake_pdfs,,,,,false,1200,5
real_518434787-4793,train,Invoices/Real/518434787-4793.jpg,,,approved,1,folder_real_forged_ground_truth,0.0000,v7_initial_real_forged_fake_pdfs,,,,,false,1200,5
forged_518434787-4793,train,Invoices/Forged/518434787-4793.jpg,,,rejected,0,folder_real_forged_ground_truth,1.0000,v7_initial_real_forged_fake_pdfs,,,,,false,1200,5
real_2029370462,train,Invoices/Real/2029370462.jpg,,,approved,1,folder_real_forged_ground_truth,0.0000,v7_initial_real_forged_fake_pdfs,,,,,false,1200,5
forged_2029370462,train,Invoices/Forged/2029370462.jpg,,,rejected,0,folder_real_forged_ground_truth,1.0000,v7_initial_real_forged_fake_pdfs,,,,,false,1200,5
real_2077990205,train,Invoices/Real/2077990205.jpg,,,approved,1,folder_real_forged_ground_truth,0.0000,v7_initial_real_forged_fake_pdfs,,,,,false,1200,5
forged_2077990205,train,Invoices/Forged/2077990205.jpg,,,rejected,0,folder_real_forged_ground_truth,1.0000,v7_initial_real_forged_fake_pdfs,,,,,false,1200,5
real_518279202-9206,train,Invoices/Real/518279202-9206.jpg,,,approved,1,folder_real_forged_ground_truth,0.0000,v7_initial_real_forged_fake_pdfs,,,,,false,1200,5
forged_518279202-9206,train,Invoices/Forged/518279202-9206.jpg,,,rejected,0,folder_real_forged_ground_truth,1.0000,v7_initial_real_forged_fake_pdfs,,,,,false,1200,5
real_80233761,train,Invoices/Real/80233761.jpg,,,approved,1,folder_real_forged_ground_truth,0.0000,v7_initial_real_forged_fake_pdfs,,,,,false,1200,5
forged_80233761,train,Invoices/Forged/80233761.jpg,,,rejected,0,folder_real_forged_ground_truth,1.0000,v7_initial_real_forged_fake_pdfs,,,,,false,1200,5
real_2063780011,train,Invoices/Real/2063780011.jpg,,,approved,1,folder_real_forged_ground_truth,0.0000,v7_initial_real_forged_fake_pdfs,,,,,false,1200,5
forged_2063780011,train,Invoices/Forged/2063780011.jpg,,,rejected,0,folder_real_forged_ground_truth,1.0000,v7_initial_real_forged_fake_pdfs,,,,,false,1200,5
real_2072958016_8017,train,Invoices/Real/2072958016_8017.jpg,,,approved,1,folder_real_forged_ground_truth,0.0000,v7_initial_real_forged_fake_pdfs,,,,,false,1200,5
forged_2072958016_8017,train,Invoices/Forged/2072958016_8017.jpg,,,rejected,0,folder_real_forged_ground_truth,1.0000,v7_initial_real_forged_fake_pdfs,,,,,false,1200,5
real_518255073-5074,train,Invoices/Real/518255073-5074.jpg,,,approved,1,folder_real_forged_ground_truth,0.0000,v7_initial_real_forged_fake_pdfs,,,,,false,1200,5
forged_518255073-5074,train,Invoices/Forged/518255073-5074.jpg,,,rejected,0,folder_real_forged_ground_truth,1.0000,v7_initial_real_forged_fake_pdfs,,,,,false,1200,5
real_93216911,train,Invoices/Real/93216911.jpg,,,approved,1,folder_real_forged_ground_truth,0.0000,v7_initial_real_forged_fake_pdfs,,,,,false,1200,5
forged_93216911,train,Invoices/Forged/93216911.jpg,,,rejected,0,folder_real_forged_ground_truth,1.0000,v7_initial_real_forged_fake_pdfs,,,,,false,1200,5
real_92248313,train,Invoices/Real/92248313.jpg,,,approved,1,folder_real_forged_ground_truth,0.0000,v7_initial_real_forged_fake_pdfs,,,,,false,1200,5
forged_92248313,train,Invoices/Forged/92248313.jpg,,,rejected,0,folder_real_forged_ground_truth,1.0000,v7_initial_real_forged_fake_pdfs,,,,,false,1200,5
real_2025847098,train,Invoices/Real/2025847098.jpg,,,approved,1,folder_real_forged_ground_truth,0.0000,v7_initial_real_forged_fake_pdfs,,,,,false,1200,5
forged_2025847098,train,Invoices/Forged/2025847098.jpg,,,rejected,0,folder_real_forged_ground_truth,1.0000,v7_initial_real_forged_fake_pdfs,,,,,false,1200,5
real_0060121960,train,Invoices/Real/0060121960.jpg,,,approved,1,folder_real_forged_ground_truth,0.0000,v7_initial_real_forged_fake_pdfs,,,,,false,1200,5
forged_0060121960,train,Invoices/Forged/0060121960.jpg,,,rejected,0,folder_real_forged_ground_truth,1.0000,v7_initial_real_forged_fake_pdfs,,,,,false,1200,5
real_2044696250,train,Invoices/Real/2044696250.jpg,,,approved,1,folder_real_forged_ground_truth,0.0000,v7_initial_real_forged_fake_pdfs,,,,,false,1200,5
forged_2044696250,train,Invoices/Forged/2044696250.jpg,,,rejected,0,folder_real_forged_ground_truth,1.0000,v7_initial_real_forged_fake_pdfs,,,,,false,1200,5
real_2084061095,train,Invoices/Real/2084061095.jpg,,,approved,1,folder_real_forged_ground_truth,0.0000,v7_initial_real_forged_fake_pdfs,,,,,false,1200,5
forged_2084061095,train,Invoices/Forged/2084061095.jpg,,,rejected,0,folder_real_forged_ground_truth,1.0000,v7_initial_real_forged_fake_pdfs,,,,,false,1200,5
real_X00016469619,train,Invoices/Real/X00016469619.jpg,,,approved,1,folder_real_forged_ground_truth,0.0000,v7_initial_real_forged_fake_pdfs,,,,,false,1200,5
forged_X00016469619,train,Invoices/Forged/X00016469619.jpg,,,rejected,0,folder_real_forged_ground_truth,1.0000,v7_initial_real_forged_fake_pdfs,,,,,false,1200,5
real_2063162451_2452,train,Invoices/Real/2063162451_2452.jpg,,,approved,1,folder_real_forged_ground_truth,0.0000,v7_initial_real_forged_fake_pdfs,,,,,false,1200,5
forged_2063162451_2452,train,Invoices/Forged/2063162451_2452.jpg,,,rejected,0,folder_real_forged_ground_truth,1.0000,v7_initial_real_forged_fake_pdfs,,,,,false,1200,5
real_2085669419,train,Invoices/Real/2085669419.jpg,,,approved,1,folder_real_forged_ground_truth,0.0000,v7_initial_real_forged_fake_pdfs,,,,,false,1200,5
forged_2085669419,train,Invoices/Forged/2085669419.jpg,,,rejected,0,folder_real_forged_ground_truth,1.0000,v7_initial_real_forged_fake_pdfs,,,,,false,1200,5
real_83553602_3608,train,Invoices/Real/83553602_3608.jpg,,,approved,1,folder_real_forged_ground_truth,0.0000,v7_initial_real_forged_fake_pdfs,,,,,false,1200,5
forged_83553602_3608,train,Invoices/Forged/83553602_3608.jpg,,,rejected,0,folder_real_forged_ground_truth,1.0000,v7_initial_real_forged_fake_pdfs,,,,,false,1200,5
real_87066913,train,Invoices/Real/87066913.jpg,,,approved,1,folder_real_forged_ground_truth,0.0000,v7_initial_real_forged_fake_pdfs,,,,,false,1200,5
forged_87066913,train,Invoices/Forged/87066913.jpg,,,rejected,0,folder_real_forged_ground_truth,1.0000,v7_initial_real_forged_fake_pdfs,,,,,false,1200,5
real_95602385,train,Invoices/Real/95602385.jpg,,,approved,1,folder_real_forged_ground_truth,0.0000,v7_initial_real_forged_fake_pdfs,,,,,false,1200,5
forged_95602385,train,Invoices/Forged/95602385.jpg,,,rejected,0,folder_real_forged_ground_truth,1.0000,v7_initial_real_forged_fake_pdfs,,,,,false,1200,5
real_2074104178,train,Invoices/Real/2074104178.jpg,,,approved,1,folder_real_forged_ground_truth,0.0000,v7_initial_real_forged_fake_pdfs,,,,,false,1200,5
forged_2074104178,train,Invoices/Forged/2074104178.jpg,,,rejected,0,folder_real_forged_ground_truth,1.0000,v7_initial_real_forged_fake_pdfs,,,,,false,1200,5
real_11235021_11235022,train,Invoices/Real/11235021_11235022.jpg,,,approved,1,folder_real_forged_ground_truth,0.0000,v7_initial_real_forged_fake_pdfs,,,,,false,1200,5
forged_11235021_11235022,train,Invoices/Forged/11235021_11235022.jpg,,,rejected,0,folder_real_forged_ground_truth,1.0000,v7_initial_real_forged_fake_pdfs,,,,,false,1200,5
real_X00016469676,train,Invoices/Real/X00016469676.jpg,,,approved,1,folder_real_forged_ground_truth,0.0000,v7_initial_real_forged_fake_pdfs,,,,,false,1200,5
forged_X00016469676,train,Invoices/Forged/X00016469676.jpg,,,rejected,0,folder_real_forged_ground_truth,1.0000,v7_initial_real_forged_fake_pdfs,,,,,false,1200,5
real_91506390_6391,train,Invoices/Real/91506390_6391.jpg,,,approved,1,folder_real_forged_ground_truth,0.0000,v7_initial_real_forged_fake_pdfs,,,,,false,1200,5
forged_91506390_6391,train,Invoices/Forged/91506390_6391.jpg,,,rejected,0,folder_real_forged_ground_truth,1.0000,v7_initial_real_forged_fake_pdfs,,,,,false,1200,5
real_2028741327_2028741328,train,Invoices/Real/2028741327_2028741328.jpg,,,approved,1,folder_real_forged_ground_truth,0.0000,v7_initial_real_forged_fake_pdfs,,,,,false,1200,5
forged_2028741327_2028741328,train,Invoices/Forged/2028741327_2028741328.jpg,,,rejected,0,folder_real_forged_ground_truth,1.0000,v7_initial_real_forged_fake_pdfs,,,,,false,1200,5
real_2028707266,train,Invoices/Real/2028707266.jpg,,,approved,1,folder_real_forged_ground_truth,0.0000,v7_initial_real_forged_fake_pdfs,,,,,false,1200,5
forged_2028707266,train,Invoices/Forged/2028707266.jpg,,,rejected,0,folder_real_forged_ground_truth,1.0000,v7_initial_real_forged_fake_pdfs,,,,,false,1200,5
real_80704008,train,Invoices/Real/80704008.jpg,,,approved,1,folder_real_forged_ground_truth,0.0000,v7_initial_real_forged_fake_pdfs,,,,,false,1200,5
forged_80704008,train,Invoices/Forged/80704008.jpg,,,rejected,0,folder_real_forged_ground_truth,1.0000,v7_initial_real_forged_fake_pdfs,,,,,false,1200,5
real_0001219844,train,Invoices/Real/0001219844.jpg,,,approved,1,folder_real_forged_ground_truth,0.0000,v7_initial_real_forged_fake_pdfs,,,,,false,1200,5
forged_0001219844,train,Invoices/Forged/0001219844.jpg,,,rejected,0,folder_real_forged_ground_truth,1.0000,v7_initial_real_forged_fake_pdfs,,,,,false,1200,5
real_83553535_3536,train,Invoices/Real/83553535_3536.jpg,,,approved,1,folder_real_forged_ground_truth,0.0000,v7_initial_real_forged_fake_pdfs,,,,,false,1200,5
forged_83553535_3536,train,Invoices/Forged/83553535_3536.jpg,,,rejected,0,folder_real_forged_ground_truth,1.0000,v7_initial_real_forged_fake_pdfs,,,,,false,1200,5
real_2001207874,train,Invoices/Real/2001207874.jpg,,,approved,1,folder_real_forged_ground_truth,0.0000,v7_initial_real_forged_fake_pdfs,,,,,false,1200,5
forged_2001207874,train,Invoices/Forged/2001207874.jpg,,,rejected,0,folder_real_forged_ground_truth,1.0000,v7_initial_real_forged_fake_pdfs,,,,,false,1200,5
real_0011930170,train,Invoices/Real/0011930170.jpg,,,approved,1,folder_real_forged_ground_truth,0.0000,v7_initial_real_forged_fake_pdfs,,,,,false,1200,5
forged_0011930170,train,Invoices/Forged/0011930170.jpg,,,rejected,0,folder_real_forged_ground_truth,1.0000,v7_initial_real_forged_fake_pdfs,,,,,false,1200,5
real_80211531,train,Invoices/Real/80211531.jpg,,,approved,1,folder_real_forged_ground_truth,0.0000,v7_initial_real_forged_fake_pdfs,,,,,false,1200,5
forged_80211531,train,Invoices/Forged/80211531.jpg,,,rejected,0,folder_real_forged_ground_truth,1.0000,v7_initial_real_forged_fake_pdfs,,,,,false,1200,5
real_524425631-5636,train,Invoices/Real/524425631-5636.jpg,,,approved,1,folder_real_forged_ground_truth,0.0000,v7_initial_real_forged_fake_pdfs,,,,,false,1200,5
forged_524425631-5636,train,Invoices/Forged/524425631-5636.jpg,,,rejected,0,folder_real_forged_ground_truth,1.0000,v7_initial_real_forged_fake_pdfs,,,,,false,1200,5
real_86462778,train,Invoices/Real/86462778.jpg,,,approved,1,folder_real_forged_ground_truth,0.0000,v7_initial_real_forged_fake_pdfs,,,,,false,1200,5
forged_86462778,train,Invoices/Forged/86462778.jpg,,,rejected,0,folder_real_forged_ground_truth,1.0000,v7_initial_real_forged_fake_pdfs,,,,,false,1200,5
real_2028708554,train,Invoices/Real/2028708554.jpg,,,approved,1,folder_real_forged_ground_truth,0.0000,v7_initial_real_forged_fake_pdfs,,,,,false,1200,5
forged_2028708554,train,Invoices/Forged/2028708554.jpg,,,rejected,0,folder_real_forged_ground_truth,1.0000,v7_initial_real_forged_fake_pdfs,,,,,false,1200,5
real_500234675-4675,train,Invoices/Real/500234675-4675.jpg,,,approved,1,folder_real_forged_ground_truth,0.0000,v7_initial_real_forged_fake_pdfs,,,,,false,1200,5
forged_500234675-4675,train,Invoices/Forged/500234675-4675.jpg,,,rejected,0,folder_real_forged_ground_truth,1.0000,v7_initial_real_forged_fake_pdfs,,,,,false,1200,5
real_2001205675,train,Invoices/Real/2001205675.jpg,,,approved,1,folder_real_forged_ground_truth,0.0000,v7_initial_real_forged_fake_pdfs,,,,,false,1200,5
forged_2001205675,train,Invoices/Forged/2001205675.jpg,,,rejected,0,folder_real_forged_ground_truth,1.0000,v7_initial_real_forged_fake_pdfs,,,,,false,1200,5
real_91661681,train,Invoices/Real/91661681.jpg,,,approved,1,folder_real_forged_ground_truth,0.0000,v7_initial_real_forged_fake_pdfs,,,,,false,1200,5
forged_91661681,train,Invoices/Forged/91661681.jpg,,,rejected,0,folder_real_forged_ground_truth,1.0000,v7_initial_real_forged_fake_pdfs,,,,,false,1200,5
real_94416171,train,Invoices/Real/94416171.jpg,,,approved,1,folder_real_forged_ground_truth,0.0000,v7_initial_real_forged_fake_pdfs,,,,,false,1200,5
forged_94416171,train,Invoices/Forged/94416171.jpg,,,rejected,0,folder_real_forged_ground_truth,1.0000,v7_initial_real_forged_fake_pdfs,,,,,false,1200,5
real_2084061020,train,Invoices/Real/2084061020.jpg,,,approved,1,folder_real_forged_ground_truth,0.0000,v7_initial_real_forged_fake_pdfs,,,,,false,1200,5
forged_2084061020,train,Invoices/Forged/2084061020.jpg,,,rejected,0,folder_real_forged_ground_truth,1.0000,v7_initial_real_forged_fake_pdfs,,,,,false,1200,5
real_2026486780,train,Invoices/Real/2026486780.jpg,,,approved,1,folder_real_forged_ground_truth,0.0000,v7_initial_real_forged_fake_pdfs,,,,,false,1200,5
forged_2026486780,train,Invoices/Forged/2026486780.jpg,,,rejected,0,folder_real_forged_ground_truth,1.0000,v7_initial_real_forged_fake_pdfs,,,,,false,1200,5
real_2028726558,train,Invoices/Real/2028726558.jpg,,,approved,1,folder_real_forged_ground_truth,0.0000,v7_initial_real_forged_fake_pdfs,,,,,false,1200,5
forged_2028726558,train,Invoices/Forged/2028726558.jpg,,,rejected,0,folder_real_forged_ground_truth,1.0000,v7_initial_real_forged_fake_pdfs,,,,,false,1200,5
real_2045150408,train,Invoices/Real/2045150408.jpg,,,approved,1,folder_real_forged_ground_truth,0.0000,v7_initial_real_forged_fake_pdfs,,,,,false,1200,5
forged_2045150408,train,Invoices/Forged/2045150408.jpg,,,rejected,0,folder_real_forged_ground_truth,1.0000,v7_initial_real_forged_fake_pdfs,,,,,false,1200,5
real_91515307,train,Invoices/Real/91515307.jpg,,,approved,1,folder_real_forged_ground_truth,0.0000,v7_initial_real_forged_fake_pdfs,,,,,false,1200,5
forged_91515307,train,Invoices/Forged/91515307.jpg,,,rejected,0,folder_real_forged_ground_truth,1.0000,v7_initial_real_forged_fake_pdfs,,,,,false,1200,5
real_2023322384,train,Invoices/Real/2023322384.jpg,,,approved,1,folder_real_forged_ground_truth,0.0000,v7_initial_real_forged_fake_pdfs,,,,,false,1200,5
forged_2023322384,train,Invoices/Forged/2023322384.jpg,,,rejected,0,folder_real_forged_ground_truth,1.0000,v7_initial_real_forged_fake_pdfs,,,,,false,1200,5
real_513168276_513168277,train,Invoices/Real/513168276_513168277.jpg,,,approved,1,folder_real_forged_ground_truth,0.0000,v7_initial_real_forged_fake_pdfs,,,,,false,1200,5
forged_513168276_513168277,train,Invoices/Forged/513168276_513168277.jpg,,,rejected,0,folder_real_forged_ground_truth,1.0000,v7_initial_real_forged_fake_pdfs,,,,,false,1200,5
real_2063610066,train,Invoices/Real/2063610066.jpg,,,approved,1,folder_real_forged_ground_truth,0.0000,v7_initial_real_forged_fake_pdfs,,,,,false,1200,5
forged_2063610066,train,Invoices/Forged/2063610066.jpg,,,rejected,0,folder_real_forged_ground_truth,1.0000,v7_initial_real_forged_fake_pdfs,,,,,false,1200,5
real_00920717,train,Invoices/Real/00920717.jpg,,,approved,1,folder_real_forged_ground_truth,0.0000,v7_initial_real_forged_fake_pdfs,,,,,false,1200,5
forged_00920717,train,Invoices/Forged/00920717.jpg,,,rejected,0,folder_real_forged_ground_truth,1.0000,v7_initial_real_forged_fake_pdfs,,,,,false,1200,5
real_91658313,train,Invoices/Real/91658313.jpg,,,approved,1,folder_real_forged_ground_truth,0.0000,v7_initial_real_forged_fake_pdfs,,,,,false,1200,5
forged_91658313,train,Invoices/Forged/91658313.jpg,,,rejected,0,folder_real_forged_ground_truth,1.0000,v7_initial_real_forged_fake_pdfs,,,,,false,1200,5
real_2084022132,train,Invoices/Real/2084022132.jpg,,,approved,1,folder_real_forged_ground_truth,0.0000,v7_initial_real_forged_fake_pdfs,,,,,false,1200,5
forged_2084022132,train,Invoices/Forged/2084022132.jpg,,,rejected,0,folder_real_forged_ground_truth,1.0000,v7_initial_real_forged_fake_pdfs,,,,,false,1200,5
real_0012287015,train,Invoices/Real/0012287015.jpg,,,approved,1,folder_real_forged_ground_truth,0.0000,v7_initial_real_forged_fake_pdfs,,,,,false,1200,5
forged_0012287015,train,Invoices/Forged/0012287015.jpg,,,rejected,0,folder_real_forged_ground_truth,1.0000,v7_initial_real_forged_fake_pdfs,,,,,false,1200,5
real_2084061297,train,Invoices/Real/2084061297.jpg,,,approved,1,folder_real_forged_ground_truth,0.0000,v7_initial_real_forged_fake_pdfs,,,,,false,1200,5
forged_2084061297,train,Invoices/Forged/2084061297.jpg,,,rejected,0,folder_real_forged_ground_truth,1.0000,v7_initial_real_forged_fake_pdfs,,,,,false,1200,5
real_96433725,train,Invoices/Real/96433725.jpg,,,approved,1,folder_real_forged_ground_truth,0.0000,v7_initial_real_forged_fake_pdfs,,,,,false,1200,5
forged_96433725,train,Invoices/Forged/96433725.jpg,,,rejected,0,folder_real_forged_ground_truth,1.0000,v7_initial_real_forged_fake_pdfs,,,,,false,1200,5
real_89001134,train,Invoices/Real/89001134.jpg,,,approved,1,folder_real_forged_ground_truth,0.0000,v7_initial_real_forged_fake_pdfs,,,,,false,1200,5
forged_89001134,train,Invoices/Forged/89001134.jpg,,,rejected,0,folder_real_forged_ground_truth,1.0000,v7_initial_real_forged_fake_pdfs,,,,,false,1200,5
real_502197661,train,Invoices/Real/502197661.jpg,,,approved,1,folder_real_forged_ground_truth,0.0000,v7_initial_real_forged_fake_pdfs,,,,,false,1200,5
forged_502197661,train,Invoices/Forged/502197661.jpg,,,rejected,0,folder_real_forged_ground_truth,1.0000,v7_initial_real_forged_fake_pdfs,,,,,false,1200,5
real_2026004159,train,Invoices/Real/2026004159.jpg,,,approved,1,folder_real_forged_ground_truth,0.0000,v7_initial_real_forged_fake_pdfs,,,,,false,1200,5
forged_2026004159,train,Invoices/Forged/2026004159.jpg,,,rejected,0,folder_real_forged_ground_truth,1.0000,v7_initial_real_forged_fake_pdfs,,,,,false,1200,5
real_2505153109,train,Invoices/Real/2505153109.jpg,,,approved,1,folder_real_forged_ground_truth,0.0000,v7_initial_real_forged_fake_pdfs,,,,,false,1200,5
forged_2505153109,train,Invoices/Forged/2505153109.jpg,,,rejected,0,folder_real_forged_ground_truth,1.0000,v7_initial_real_forged_fake_pdfs,,,,,false,1200,5
real_10399232,train,Invoices/Real/10399232.jpg,,,approved,1,folder_real_forged_ground_truth,0.0000,v7_initial_real_forged_fake_pdfs,,,,,false,1200,5
forged_10399232,train,Invoices/Forged/10399232.jpg,,,rejected,0,folder_real_forged_ground_truth,1.0000,v7_initial_real_forged_fake_pdfs,,,,,false,1200,5
real_2028719456,train,Invoices/Real/2028719456.jpg,,,approved,1,folder_real_forged_ground_truth,0.0000,v7_initial_real_forged_fake_pdfs,,,,,false,1200,5
forged_2028719456,train,Invoices/Forged/2028719456.jpg,,,rejected,0,folder_real_forged_ground_truth,1.0000,v7_initial_real_forged_fake_pdfs,,,,,false,1200,5
real_2028724070,train,Invoices/Real/2028724070.jpg,,,approved,1,folder_real_forged_ground_truth,0.0000,v7_initial_real_forged_fake_pdfs,,,,,false,1200,5
forged_2028724070,train,Invoices/Forged/2028724070.jpg,,,rejected,0,folder_real_forged_ground_truth,1.0000,v7_initial_real_forged_fake_pdfs,,,,,false,1200,5
real_00621985,test,Invoices/Real/00621985.jpg,,,approved,1,folder_real_forged_ground_truth,0.0000,v7_initial_real_forged_fake_pdfs,,,,,false,1200,5
forged_00621985,test,Invoices/Forged/00621985.jpg,,,rejected,0,folder_real_forged_ground_truth,1.0000,v7_initial_real_forged_fake_pdfs,,,,,false,1200,5
real_2028722501,test,Invoices/Real/2028722501.jpg,,,approved,1,folder_real_forged_ground_truth,0.0000,v7_initial_real_forged_fake_pdfs,,,,,false,1200,5
forged_2028722501,test,Invoices/Forged/2028722501.jpg,,,rejected,0,folder_real_forged_ground_truth,1.0000,v7_initial_real_forged_fake_pdfs,,,,,false,1200,5
real_86453264,test,Invoices/Real/86453264.jpg,,,approved,1,folder_real_forged_ground_truth,0.0000,v7_initial_real_forged_fake_pdfs,,,,,false,1200,5
forged_86453264,test,Invoices/Forged/86453264.jpg,,,rejected,0,folder_real_forged_ground_truth,1.0000,v7_initial_real_forged_fake_pdfs,,,,,false,1200,5
real_2084024865,test,Invoices/Real/2084024865.jpg,,,approved,1,folder_real_forged_ground_truth,0.0000,v7_initial_real_forged_fake_pdfs,,,,,false,1200,5
forged_2084024865,test,Invoices/Forged/2084024865.jpg,,,rejected,0,folder_real_forged_ground_truth,1.0000,v7_initial_real_forged_fake_pdfs,,,,,false,1200,5
real_92227544_7545,test,Invoices/Real/92227544_7545.jpg,,,approved,1,folder_real_forged_ground_truth,0.0000,v7_initial_real_forged_fake_pdfs,,,,,false,1200,5
forged_92227544_7545,test,Invoices/Forged/92227544_7545.jpg,,,rejected,0,folder_real_forged_ground_truth,1.0000,v7_initial_real_forged_fake_pdfs,,,,,false,1200,5
real_96057185,test,Invoices/Real/96057185.jpg,,,approved,1,folder_real_forged_ground_truth,0.0000,v7_initial_real_forged_fake_pdfs,,,,,false,1200,5
forged_96057185,test,Invoices/Forged/96057185.jpg,,,rejected,0,folder_real_forged_ground_truth,1.0000,v7_initial_real_forged_fake_pdfs,,,,,false,1200,5
real_95824354,test,Invoices/Real/95824354.jpg,,,approved,1,folder_real_forged_ground_truth,0.0000,v7_initial_real_forged_fake_pdfs,,,,,false,1200,5
forged_95824354,test,Invoices/Forged/95824354.jpg,,,rejected,0,folder_real_forged_ground_truth,1.0000,v7_initial_real_forged_fake_pdfs,,,,,false,1200,5
real_1000031431,test,Invoices/Real/1000031431.jpg,,,approved,1,folder_real_forged_ground_truth,0.0000,v7_initial_real_forged_fake_pdfs,,,,,false,1200,5
forged_1000031431,test,Invoices/Forged/1000031431.jpg,,,rejected,0,folder_real_forged_ground_truth,1.0000,v7_initial_real_forged_fake_pdfs,,,,,false,1200,5
real_X00016469669,test,Invoices/Real/X00016469669.jpg,,,approved,1,folder_real_forged_ground_truth,0.0000,v7_initial_real_forged_fake_pdfs,,,,,false,1200,5
forged_X00016469669,test,Invoices/Forged/X00016469669.jpg,,,rejected,0,folder_real_forged_ground_truth,1.0000,v7_initial_real_forged_fake_pdfs,,,,,false,1200,5
real_92871560,test,Invoices/Real/92871560.jpg,,,approved,1,folder_real_forged_ground_truth,0.0000,v7_initial_real_forged_fake_pdfs,,,,,false,1200,5
forged_92871560,test,Invoices/Forged/92871560.jpg,,,rejected,0,folder_real_forged_ground_truth,1.0000,v7_initial_real_forged_fake_pdfs,,,,,false,1200,5
real_2076999610_9611,test,Invoices/Real/2076999610_9611.jpg,,,approved,1,folder_real_forged_ground_truth,0.0000,v7_initial_real_forged_fake_pdfs,,,,,false,1200,5
forged_2076999610_9611,test,Invoices/Forged/2076999610_9611.jpg,,,rejected,0,folder_real_forged_ground_truth,1.0000,v7_initial_real_forged_fake_pdfs,,,,,false,1200,5
real_2042757520,test,Invoices/Real/2042757520.jpg,,,approved,1,folder_real_forged_ground_truth,0.0000,v7_initial_real_forged_fake_pdfs,,,,,false,1200,5
forged_2042757520,test,Invoices/Forged/2042757520.jpg,,,rejected,0,folder_real_forged_ground_truth,1.0000,v7_initial_real_forged_fake_pdfs,,,,,false,1200,5
real_0060026309,test,Invoices/Real/0060026309.jpg,,,approved,1,folder_real_forged_ground_truth,0.0000,v7_initial_real_forged_fake_pdfs,,,,,false,1200,5
forged_0060026309,test,Invoices/Forged/0060026309.jpg,,,rejected,0,folder_real_forged_ground_truth,1.0000,v7_initial_real_forged_fake_pdfs,,,,,false,1200,5
real_0060116328,test,Invoices/Real/0060116328.jpg,,,approved,1,folder_real_forged_ground_truth,0.0000,v7_initial_real_forged_fake_pdfs,,,,,false,1200,5
forged_0060116328,test,Invoices/Forged/0060116328.jpg,,,rejected,0,folder_real_forged_ground_truth,1.0000,v7_initial_real_forged_fake_pdfs,,,,,false,1200,5
real_2028727366,test,Invoices/Real/2028727366.jpg,,,approved,1,folder_real_forged_ground_truth,0.0000,v7_initial_real_forged_fake_pdfs,,,,,false,1200,5
forged_2028727366,test,Invoices/Forged/2028727366.jpg,,,rejected,0,folder_real_forged_ground_truth,1.0000,v7_initial_real_forged_fake_pdfs,,,,,false,1200,5
real_511505606-5608,test,Invoices/Real/511505606-5608.jpg,,,approved,1,folder_real_forged_ground_truth,0.0000,v7_initial_real_forged_fake_pdfs,,,,,false,1200,5
forged_511505606-5608,test,Invoices/Forged/511505606-5608.jpg,,,rejected,0,folder_real_forged_ground_truth,1.0000,v7_initial_real_forged_fake_pdfs,,,,,false,1200,5
real_2080143458,test,Invoices/Real/2080143458.jpg,,,approved,1,folder_real_forged_ground_truth,0.0000,v7_initial_real_forged_fake_pdfs,,,,,false,1200,5
forged_2080143458,test,Invoices/Forged/2080143458.jpg,,,rejected,0,folder_real_forged_ground_truth,1.0000,v7_initial_real_forged_fake_pdfs,,,,,false,1200,5
real_0060284223,test,Invoices/Real/0060284223.jpg,,,approved,1,folder_real_forged_ground_truth,0.0000,v7_initial_real_forged_fake_pdfs,,,,,false,1200,5
forged_0060284223,test,Invoices/Forged/0060284223.jpg,,,rejected,0,folder_real_forged_ground_truth,1.0000,v7_initial_real_forged_fake_pdfs,,,,,false,1200,5
real_518658731-8731,test,Invoices/Real/518658731-8731.jpg,,,approved,1,folder_real_forged_ground_truth,0.0000,v7_initial_real_forged_fake_pdfs,,,,,false,1200,5
forged_518658731-8731,test,Invoices/Forged/518658731-8731.jpg,,,rejected,0,folder_real_forged_ground_truth,1.0000,v7_initial_real_forged_fake_pdfs,,,,,false,1200,5
real_2023550756,test,Invoices/Real/2023550756.jpg,,,approved,1,folder_real_forged_ground_truth,0.0000,v7_initial_real_forged_fake_pdfs,,,,,false,1200,5
forged_2023550756,test,Invoices/Forged/2023550756.jpg,,,rejected,0,folder_real_forged_ground_truth,1.0000,v7_initial_real_forged_fake_pdfs,,,,,false,1200,5
real_89000187,test,Invoices/Real/89000187.jpg,,,approved,1,folder_real_forged_ground_truth,0.0000,v7_initial_real_forged_fake_pdfs,,,,,false,1200,5
forged_89000187,test,Invoices/Forged/89000187.jpg,,,rejected,0,folder_real_forged_ground_truth,1.0000,v7_initial_real_forged_fake_pdfs,,,,,false,1200,5
real_0013267193,test,Invoices/Real/0013267193.jpg,,,approved,1,folder_real_forged_ground_truth,0.0000,v7_initial_real_forged_fake_pdfs,,,,,false,1200,5
forged_0013267193,test,Invoices/Forged/0013267193.jpg,,,rejected,0,folder_real_forged_ground_truth,1.0000,v7_initial_real_forged_fake_pdfs,,,,,false,1200,5
real_2063608519,test,Invoices/Real/2063608519.jpg,,,approved,1,folder_real_forged_ground_truth,0.0000,v7_initial_real_forged_fake_pdfs,,,,,false,1200,5
forged_2063608519,test,Invoices/Forged/2063608519.jpg,,,rejected,0,folder_real_forged_ground_truth,1.0000,v7_initial_real_forged_fake_pdfs,,,,,false,1200,5
real_50120566-0566,test,Invoices/Real/50120566-0566.jpg,,,approved,1,folder_real_forged_ground_truth,0.0000,v7_initial_real_forged_fake_pdfs,,,,,false,1200,5
forged_50120566-0566,test,Invoices/Forged/50120566-0566.jpg,,,rejected,0,folder_real_forged_ground_truth,1.0000,v7_initial_real_forged_fake_pdfs,,,,,false,1200,5
real_509592495_509592499,test,Invoices/Real/509592495_509592499.jpg,,,approved,1,folder_real_forged_ground_truth,0.0000,v7_initial_real_forged_fake_pdfs,,,,,false,1200,5
forged_509592495_509592499,test,Invoices/Forged/509592495_509592499.jpg,,,rejected,0,folder_real_forged_ground_truth,1.0000,v7_initial_real_forged_fake_pdfs,,,,,false,1200,5
real_03724966,test,Invoices/Real/03724966.jpg,,,approved,1,folder_real_forged_ground_truth,0.0000,v7_initial_real_forged_fake_pdfs,,,,,false,1200,5
forged_03724966,test,Invoices/Forged/03724966.jpg,,,rejected,0,folder_real_forged_ground_truth,1.0000,v7_initial_real_forged_fake_pdfs,,,,,false,1200,5
real_520761472-1478,test,Invoices/Real/520761472-1478.jpg,,,approved,1,folder_real_forged_ground_truth,0.0000,v7_initial_real_forged_fake_pdfs,,,,,false,1200,5
forged_520761472-1478,test,Invoices/Forged/520761472-1478.jpg,,,rejected,0,folder_real_forged_ground_truth,1.0000,v7_initial_real_forged_fake_pdfs,,,,,false,1200,5
real_X00016469671,test,Invoices/Real/X00016469671.jpg,,,approved,1,folder_real_forged_ground_truth,0.0000,v7_initial_real_forged_fake_pdfs,,,,,false,1200,5
forged_X00016469671,test,Invoices/Forged/X00016469671.jpg,,,rejected,0,folder_real_forged_ground_truth,1.0000,v7_initial_real_forged_fake_pdfs,,,,,false,1200,5
real_ti16310591,test,Invoices/Real/ti16310591.jpg,,,approved,1,folder_real_forged_ground_truth,0.0000,v7_initial_real_forged_fake_pdfs,,,,,false,1200,5
forged_ti16310591,test,Invoices/Forged/ti16310591.jpg,,,rejected,0,folder_real_forged_ground_truth,1.0000,v7_initial_real_forged_fake_pdfs,,,,,false,1200,5
real_2505407626,test,Invoices/Real/2505407626.jpg,,,approved,1,folder_real_forged_ground_truth,0.0000,v7_initial_real_forged_fake_pdfs,,,,,false,1200,5
forged_2505407626,test,Invoices/Forged/2505407626.jpg,,,rejected,0,folder_real_forged_ground_truth,1.0000,v7_initial_real_forged_fake_pdfs,,,,,false,1200,5
real_2029377237,test,Invoices/Real/2029377237.jpg,,,approved,1,folder_real_forged_ground_truth,0.0000,v7_initial_real_forged_fake_pdfs,,,,,false,1200,5
forged_2029377237,test,Invoices/Forged/2029377237.jpg,,,rejected,0,folder_real_forged_ground_truth,1.0000,v7_initial_real_forged_fake_pdfs,,,,,false,1200,5
real_2028706570,test,Invoices/Real/2028706570.jpg,,,approved,1,folder_real_forged_ground_truth,0.0000,v7_initial_real_forged_fake_pdfs,,,,,false,1200,5
forged_2028706570,test,Invoices/Forged/2028706570.jpg,,,rejected,0,folder_real_forged_ground_truth,1.0000,v7_initial_real_forged_fake_pdfs,,,,,false,1200,5
real_X00016469620,test,Invoices/Real/X00016469620.jpg,,,approved,1,folder_real_forged_ground_truth,0.0000,v7_initial_real_forged_fake_pdfs,,,,,false,1200,5
forged_X00016469620,test,Invoices/Forged/X00016469620.jpg,,,rejected,0,folder_real_forged_ground_truth,1.0000,v7_initial_real_forged_fake_pdfs,,,,,false,1200,5
real_500234640-4640,test,Invoices/Real/500234640-4640.jpg,,,approved,1,folder_real_forged_ground_truth,0.0000,v7_initial_real_forged_fake_pdfs,,,,,false,1200,5
forged_500234640-4640,test,Invoices/Forged/500234640-4640.jpg,,,rejected,0,folder_real_forged_ground_truth,1.0000,v7_initial_real_forged_fake_pdfs,,,,,false,1200,5
real_ti08670559,test,Invoices/Real/ti08670559.jpg,,,approved,1,folder_real_forged_ground_truth,0.0000,v7_initial_real_forged_fake_pdfs,,,,,false,1200,5
forged_ti08670559,test,Invoices/Forged/ti08670559.jpg,,,rejected,0,folder_real_forged_ground_truth,1.0000,v7_initial_real_forged_fake_pdfs,,,,,false,1200,5
real_2028707700,test,Invoices/Real/2028707700.jpg,,,approved,1,folder_real_forged_ground_truth,0.0000,v7_initial_real_forged_fake_pdfs,,,,,false,1200,5
forged_2028707700,test,Invoices/Forged/2028707700.jpg,,,rejected,0,folder_real_forged_ground_truth,1.0000,v7_initial_real_forged_fake_pdfs,,,,,false,1200,5
real_0000227351,test,Invoices/Real/0000227351.jpg,,,approved,1,folder_real_forged_ground_truth,0.0000,v7_initial_real_forged_fake_pdfs,,,,,false,1200,5
forged_0000227351,test,Invoices/Forged/0000227351.jpg,,,rejected,0,folder_real_forged_ground_truth,1.0000,v7_initial_real_forged_fake_pdfs,,,,,false,1200,5
real_2072957896,test,Invoices/Real/2072957896.jpg,,,approved,1,folder_real_forged_ground_truth,0.0000,v7_initial_real_forged_fake_pdfs,,,,,false,1200,5
forged_2072957896,test,Invoices/Forged/2072957896.jpg,,,rejected,0,folder_real_forged_ground_truth,1.0000,v7_initial_real_forged_fake_pdfs,,,,,false,1200,5
real_88131587,test,Invoices/Real/88131587.jpg,,,approved,1,folder_real_forged_ground_truth,0.0000,v7_initial_real_forged_fake_pdfs,,,,,false,1200,5
forged_88131587,test,Invoices/Forged/88131587.jpg,,,rejected,0,folder_real_forged_ground_truth,1.0000,v7_initial_real_forged_fake_pdfs,,,,,false,1200,5
real_2030138144,test,Invoices/Real/2030138144.jpg,,,approved,1,folder_real_forged_ground_truth,0.0000,v7_initial_real_forged_fake_pdfs,,,,,false,1200,5
forged_2030138144,test,Invoices/Forged/2030138144.jpg,,,rejected,0,folder_real_forged_ground_truth,1.0000,v7_initial_real_forged_fake_pdfs,,,,,false,1200,5
real_86462730,test,Invoices/Real/86462730.jpg,,,approved,1,folder_real_forged_ground_truth,0.0000,v7_initial_real_forged_fake_pdfs,,,,,false,1200,5
forged_86462730,test,Invoices/Forged/86462730.jpg,,,rejected,0,folder_real_forged_ground_truth,1.0000,v7_initial_real_forged_fake_pdfs,,,,,false,1200,5
real_ti16310446,test,Invoices/Real/ti16310446.jpg,,,approved,1,folder_real_forged_ground_truth,0.0000,v7_initial_real_forged_fake_pdfs,,,,,false,1200,5
forged_ti16310446,test,Invoices/Forged/ti16310446.jpg,,,rejected,0,folder_real_forged_ground_truth,1.0000,v7_initial_real_forged_fake_pdfs,,,,,false,1200,5
real_2028729939,test,Invoices/Real/2028729939.jpg,,,approved,1,folder_real_forged_ground_truth,0.0000,v7_initial_real_forged_fake_pdfs,,,,,false,1200,5
forged_2028729939,test,Invoices/Forged/2028729939.jpg,,,rejected,0,folder_real_forged_ground_truth,1.0000,v7_initial_real_forged_fake_pdfs,,,,,false,1200,5
real_CTRCONTRACTS010472-0,test,Invoices/Real/CTRCONTRACTS010472-0.jpg,,,approved,1,folder_real_forged_ground_truth,0.0000,v7_initial_real_forged_fake_pdfs,,,,,false,1200,5
forged_CTRCONTRACTS010472-0,test,Invoices/Forged/CTRCONTRACTS010472-0.jpg,,,rejected,0,folder_real_forged_ground_truth,1.0000,v7_initial_real_forged_fake_pdfs,,,,,false,1200,5
real_0011929754,test,Invoices/Real/0011929754.jpg,,,approved,1,folder_real_forged_ground_truth,0.0000,v7_initial_real_forged_fake_pdfs,,,,,false,1200,5
forged_0011929754,test,Invoices/Forged/0011929754.jpg,,,rejected,0,folder_real_forged_ground_truth,1.0000,v7_initial_real_forged_fake_pdfs,,,,,false,1200,5
real_91814706,test,Invoices/Real/91814706.jpg,,,approved,1,folder_real_forged_ground_truth,0.0000,v7_initial_real_forged_fake_pdfs,,,,,false,1200,5
forged_91814706,test,Invoices/Forged/91814706.jpg,,,rejected,0,folder_real_forged_ground_truth,1.0000,v7_initial_real_forged_fake_pdfs,,,,,false,1200,5
real_2048163101,test,Invoices/Real/2048163101.jpg,,,approved,1,folder_real_forged_ground_truth,0.0000,v7_initial_real_forged_fake_pdfs,,,,,false,1200,5
forged_2048163101,test,Invoices/Forged/2048163101.jpg,,,rejected,0,folder_real_forged_ground_truth,1.0000,v7_initial_real_forged_fake_pdfs,,,,,false,1200,5
real_2029378210,test,Invoices/Real/2029378210.jpg,,,approved,1,folder_real_forged_ground_truth,0.0000,v7_initial_real_forged_fake_pdfs,,,,,false,1200,5
forged_2029378210,test,Invoices/Forged/2029378210.jpg,,,rejected,0,folder_real_forged_ground_truth,1.0000,v7_initial_real_forged_fake_pdfs,,,,,false,1200,5
real_03660266,test,Invoices/Real/03660266.jpg,,,approved,1,folder_real_forged_ground_truth,0.0000,v7_initial_real_forged_fake_pdfs,,,,,false,1200,5
forged_03660266,test,Invoices/Forged/03660266.jpg,,,rejected,0,folder_real_forged_ground_truth,1.0000,v7_initial_real_forged_fake_pdfs,,,,,false,1200,5
real_0011991025,test,Invoices/Real/0011991025.jpg,,,approved,1,folder_real_forged_ground_truth,0.0000,v7_initial_real_forged_fake_pdfs,,,,,false,1200,5
forged_0011991025,test,Invoices/Forged/0011991025.jpg,,,rejected,0,folder_real_forged_ground_truth,1.0000,v7_initial_real_forged_fake_pdfs,,,,,false,1200,5
real_0012179618,test,Invoices/Real/0012179618.jpg,,,approved,1,folder_real_forged_ground_truth,0.0000,v7_initial_real_forged_fake_pdfs,,,,,false,1200,5
forged_0012179618,test,Invoices/Forged/0012179618.jpg,,,rejected,0,folder_real_forged_ground_truth,1.0000,v7_initial_real_forged_fake_pdfs,,,,,false,1200,5
real_86618993,test,Invoices/Real/86618993.jpg,,,approved,1,folder_real_forged_ground_truth,0.0000,v7_initial_real_forged_fake_pdfs,,,,,false,1200,5
forged_86618993,test,Invoices/Forged/86618993.jpg,,,rejected,0,folder_real_forged_ground_truth,1.0000,v7_initial_real_forged_fake_pdfs,,,,,false,1200,5
real_ti10161552,test,Invoices/Real/ti10161552.jpg,,,approved,1,folder_real_forged_ground_truth,0.0000,v7_initial_real_forged_fake_pdfs,,,,,false,1200,5
forged_ti10161552,test,Invoices/Forged/ti10161552.jpg,,,rejected,0,folder_real_forged_ground_truth,1.0000,v7_initial_real_forged_fake_pdfs,,,,,false,1200,5
real_01145176,test,Invoices/Real/01145176.jpg,,,approved,1,folder_real_forged_ground_truth,0.0000,v7_initial_real_forged_fake_pdfs,,,,,false,1200,5
forged_01145176,test,Invoices/Forged/01145176.jpg,,,rejected,0,folder_real_forged_ground_truth,1.0000,v7_initial_real_forged_fake_pdfs,,,,,false,1200,5
real_95824822,test,Invoices/Real/95824822.jpg,,,approved,1,folder_real_forged_ground_truth,0.0000,v7_initial_real_forged_fake_pdfs,,,,,false,1200,5
forged_95824822,test,Invoices/Forged/95824822.jpg,,,rejected,0,folder_real_forged_ground_truth,1.0000,v7_initial_real_forged_fake_pdfs,,,,,false,1200,5
real_10399076,test,Invoices/Real/10399076.jpg,,,approved,1,folder_real_forged_ground_truth,0.0000,v7_initial_real_forged_fake_pdfs,,,,,false,1200,5
forged_10399076,test,Invoices/Forged/10399076.jpg,,,rejected,0,folder_real_forged_ground_truth,1.0000,v7_initial_real_forged_fake_pdfs,,,,,false,1200,5
real_2028691757,test,Invoices/Real/2028691757.jpg,,,approved,1,folder_real_forged_ground_truth,0.0000,v7_initial_real_forged_fake_pdfs,,,,,false,1200,5
forged_2028691757,test,Invoices/Forged/2028691757.jpg,,,rejected,0,folder_real_forged_ground_truth,1.0000,v7_initial_real_forged_fake_pdfs,,,,,false,1200,5
real_2041158058,test,Invoices/Real/2041158058.jpg,,,approved,1,folder_real_forged_ground_truth,0.0000,v7_initial_real_forged_fake_pdfs,,,,,false,1200,5
forged_2041158058,test,Invoices/Forged/2041158058.jpg,,,rejected,0,folder_real_forged_ground_truth,1.0000,v7_initial_real_forged_fake_pdfs,,,,,false,1200,5
real_2062897991,test,Invoices/Real/2062897991.jpg,,,approved,1,folder_real_forged_ground_truth,0.0000,v7_initial_real_forged_fake_pdfs,,,,,false,1200,5
forged_2062897991,test,Invoices/Forged/2062897991.jpg,,,rejected,0,folder_real_forged_ground_truth,1.0000,v7_initial_real_forged_fake_pdfs,,,,,false,1200,5
real_2072484129,test,Invoices/Real/2072484129.jpg,,,approved,1,folder_real_forged_ground_truth,0.0000,v7_initial_real_forged_fake_pdfs,,,,,false,1200,5
forged_2072484129,test,Invoices/Forged/2072484129.jpg,,,rejected,0,folder_real_forged_ground_truth,1.0000,v7_initial_real_forged_fake_pdfs,,,,,false,1200,5
real_0011929750,test,Invoices/Real/0011929750.jpg,,,approved,1,folder_real_forged_ground_truth,0.0000,v7_initial_real_forged_fake_pdfs,,,,,false,1200,5
forged_0011929750,test,Invoices/Forged/0011929750.jpg,,,rejected,0,folder_real_forged_ground_truth,1.0000,v7_initial_real_forged_fake_pdfs,,,,,false,1200,5
real_2001207806_2001207807,test,Invoices/Real/2001207806_2001207807.jpg,,,approved,1,folder_real_forged_ground_truth,0.0000,v7_initial_real_forged_fake_pdfs,,,,,false,1200,5
forged_2001207806_2001207807,test,Invoices/Forged/2001207806_2001207807.jpg,,,rejected,0,folder_real_forged_ground_truth,1.0000,v7_initial_real_forged_fake_pdfs,,,,,false,1200,5
fakepdf_31005_20230719,train,fake invoice/31005_20230719.pdf,,,rejected,0,fake_invoice_pdf_ground_truth,1.0000,v7_initial_real_forged_fake_pdfs,,,,,false,1200,5
fakepdf_94188_20250313,train,fake invoice/94188_20250313.pdf,,,rejected,0,fake_invoice_pdf_ground_truth,1.0000,v7_initial_real_forged_fake_pdfs,,,,,false,1200,5
fakepdf_39220_20230428,train,fake invoice/39220_20230428.pdf,,,rejected,0,fake_invoice_pdf_ground_truth,1.0000,v7_initial_real_forged_fake_pdfs,,,,,false,1200,5
fakepdf_55519_20240924,train,fake invoice/55519_20240924.pdf,,,rejected,0,fake_invoice_pdf_ground_truth,1.0000,v7_initial_real_forged_fake_pdfs,,,,,false,1200,5
fakepdf_55169_20230930,train,fake invoice/55169_20230930.pdf,,,rejected,0,fake_invoice_pdf_ground_truth,1.0000,v7_initial_real_forged_fake_pdfs,,,,,false,1200,5
fakepdf_76509_20250513,train,fake invoice/76509_20250513.pdf,,,rejected,0,fake_invoice_pdf_ground_truth,1.0000,v7_initial_real_forged_fake_pdfs,,,,,false,1200,5
fakepdf_15803_20250510,train,fake invoice/15803_20250510.pdf,,,rejected,0,fake_invoice_pdf_ground_truth,1.0000,v7_initial_real_forged_fake_pdfs,,,,,false,1200,5
fakepdf_42076_20260109,train,fake invoice/42076_20260109.pdf,,,rejected,0,fake_invoice_pdf_ground_truth,1.0000,v7_initial_real_forged_fake_pdfs,,,,,false,1200,5
fakepdf_8906_20241209,train,fake invoice/8906_20241209.pdf,,,rejected,0,fake_invoice_pdf_ground_truth,1.0000,v7_initial_real_forged_fake_pdfs,,,,,false,1200,5
fakepdf_74330_20250913,train,fake invoice/74330_20250913.pdf,,,rejected,0,fake_invoice_pdf_ground_truth,1.0000,v7_initial_real_forged_fake_pdfs,,,,,false,1200,5
fakepdf_93842_20230611,train,fake invoice/93842_20230611.pdf,,,rejected,0,fake_invoice_pdf_ground_truth,1.0000,v7_initial_real_forged_fake_pdfs,,,,,false,1200,5
fakepdf_46670_20250202,train,fake invoice/46670_20250202.pdf,,,rejected,0,fake_invoice_pdf_ground_truth,1.0000,v7_initial_real_forged_fake_pdfs,,,,,false,1200,5
fakepdf_22519_20231121,train,fake invoice/22519_20231121.pdf,,,rejected,0,fake_invoice_pdf_ground_truth,1.0000,v7_initial_real_forged_fake_pdfs,,,,,false,1200,5
fakepdf_93062_20250611,train,fake invoice/93062_20250611.pdf,,,rejected,0,fake_invoice_pdf_ground_truth,1.0000,v7_initial_real_forged_fake_pdfs,,,,,false,1200,5
fakepdf_8020_20230925,train,fake invoice/8020_20230925.pdf,,,rejected,0,fake_invoice_pdf_ground_truth,1.0000,v7_initial_real_forged_fake_pdfs,,,,,false,1200,5
fakepdf_1076_20251115,train,fake invoice/1076_20251115.pdf,,,rejected,0,fake_invoice_pdf_ground_truth,1.0000,v7_initial_real_forged_fake_pdfs,,,,,false,1200,5
fakepdf_7722_20260106,train,fake invoice/7722_20260106.pdf,,,rejected,0,fake_invoice_pdf_ground_truth,1.0000,v7_initial_real_forged_fake_pdfs,,,,,false,1200,5
fakepdf_99380_20240211,train,fake invoice/99380_20240211.pdf,,,rejected,0,fake_invoice_pdf_ground_truth,1.0000,v7_initial_real_forged_fake_pdfs,,,,,false,1200,5
fakepdf_25632_20240217,train,fake invoice/25632_20240217.pdf,,,rejected,0,fake_invoice_pdf_ground_truth,1.0000,v7_initial_real_forged_fake_pdfs,,,,,false,1200,5
fakepdf_78185_20250711,train,fake invoice/78185_20250711.pdf,,,rejected,0,fake_invoice_pdf_ground_truth,1.0000,v7_initial_real_forged_fake_pdfs,,,,,false,1200,5
fakepdf_74268_20241226,train,fake invoice/74268_20241226.pdf,,,rejected,0,fake_invoice_pdf_ground_truth,1.0000,v7_initial_real_forged_fake_pdfs,,,,,false,1200,5
fakepdf_75798_20231205,train,fake invoice/75798_20231205.pdf,,,rejected,0,fake_invoice_pdf_ground_truth,1.0000,v7_initial_real_forged_fake_pdfs,,,,,false,1200,5
fakepdf_98758_20240415,train,fake invoice/98758_20240415.pdf,,,rejected,0,fake_invoice_pdf_ground_truth,1.0000,v7_initial_real_forged_fake_pdfs,,,,,false,1200,5
fakepdf_8923_20250925,train,fake invoice/8923_20250925.pdf,,,rejected,0,fake_invoice_pdf_ground_truth,1.0000,v7_initial_real_forged_fake_pdfs,,,,,false,1200,5
fakepdf_21577_20240629,train,fake invoice/21577_20240629.pdf,,,rejected,0,fake_invoice_pdf_ground_truth,1.0000,v7_initial_real_forged_fake_pdfs,,,,,false,1200,5
fakepdf_43614_20230618,train,fake invoice/43614_20230618.pdf,,,rejected,0,fake_invoice_pdf_ground_truth,1.0000,v7_initial_real_forged_fake_pdfs,,,,,false,1200,5
fakepdf_48001_20230412,train,fake invoice/48001_20230412.pdf,,,rejected,0,fake_invoice_pdf_ground_truth,1.0000,v7_initial_real_forged_fake_pdfs,,,,,false,1200,5
fakepdf_51334_20240328,train,fake invoice/51334_20240328.pdf,,,rejected,0,fake_invoice_pdf_ground_truth,1.0000,v7_initial_real_forged_fake_pdfs,,,,,false,1200,5
fakepdf_67145_20240527,train,fake invoice/67145_20240527.pdf,,,rejected,0,fake_invoice_pdf_ground_truth,1.0000,v7_initial_real_forged_fake_pdfs,,,,,false,1200,5
fakepdf_79523_20231103,train,fake invoice/79523_20231103.pdf,,,rejected,0,fake_invoice_pdf_ground_truth,1.0000,v7_initial_real_forged_fake_pdfs,,,,,false,1200,5
fakepdf_9388_20230509,train,fake invoice/9388_20230509.pdf,,,rejected,0,fake_invoice_pdf_ground_truth,1.0000,v7_initial_real_forged_fake_pdfs,,,,,false,1200,5
fakepdf_20691_20240510,train,fake invoice/20691_20240510.pdf,,,rejected,0,fake_invoice_pdf_ground_truth,1.0000,v7_initial_real_forged_fake_pdfs,,,,,false,1200,5
fakepdf_97509_20240905,train,fake invoice/97509_20240905.pdf,,,rejected,0,fake_invoice_pdf_ground_truth,1.0000,v7_initial_real_forged_fake_pdfs,,,,,false,1200,5
fakepdf_77150_20240218,train,fake invoice/77150_20240218.pdf,,,rejected,0,fake_invoice_pdf_ground_truth,1.0000,v7_initial_real_forged_fake_pdfs,,,,,false,1200,5
fakepdf_25525_20251201,train,fake invoice/25525_20251201.pdf,,,rejected,0,fake_invoice_pdf_ground_truth,1.0000,v7_initial_real_forged_fake_pdfs,,,,,false,1200,5
fakepdf_4239_20231009,train,fake invoice/4239_20231009.pdf,,,rejected,0,fake_invoice_pdf_ground_truth,1.0000,v7_initial_real_forged_fake_pdfs,,,,,false,1200,5
fakepdf_46627_20250619,train,fake invoice/46627_20250619.pdf,,,rejected,0,fake_invoice_pdf_ground_truth,1.0000,v7_initial_real_forged_fake_pdfs,,,,,false,1200,5
fakepdf_66804_20230906,train,fake invoice/66804_20230906.pdf,,,rejected,0,fake_invoice_pdf_ground_truth,1.0000,v7_initial_real_forged_fake_pdfs,,,,,false,1200,5
fakepdf_34573_20240229,train,fake invoice/34573_20240229.pdf,,,rejected,0,fake_invoice_pdf_ground_truth,1.0000,v7_initial_real_forged_fake_pdfs,,,,,false,1200,5
fakepdf_92192_20231216,train,fake invoice/92192_20231216.pdf,,,rejected,0,fake_invoice_pdf_ground_truth,1.0000,v7_initial_real_forged_fake_pdfs,,,,,false,1200,5
fakepdf_19318_20250528,train,fake invoice/19318_20250528.pdf,,,rejected,0,fake_invoice_pdf_ground_truth,1.0000,v7_initial_real_forged_fake_pdfs,,,,,false,1200,5
fakepdf_12943_20250226,train,fake invoice/12943_20250226.pdf,,,rejected,0,fake_invoice_pdf_ground_truth,1.0000,v7_initial_real_forged_fake_pdfs,,,,,false,1200,5
fakepdf_3858_20240922,train,fake invoice/3858_20240922.pdf,,,rejected,0,fake_invoice_pdf_ground_truth,1.0000,v7_initial_real_forged_fake_pdfs,,,,,false,1200,5
fakepdf_1139_20230616,train,fake invoice/1139_20230616.pdf,,,rejected,0,fake_invoice_pdf_ground_truth,1.0000,v7_initial_real_forged_fake_pdfs,,,,,false,1200,5
fakepdf_37820_20230315,train,fake invoice/37820_20230315.pdf,,,rejected,0,fake_invoice_pdf_ground_truth,1.0000,v7_initial_real_forged_fake_pdfs,,,,,false,1200,5
fakepdf_32790_20240619,train,fake invoice/32790_20240619.pdf,,,rejected,0,fake_invoice_pdf_ground_truth,1.0000,v7_initial_real_forged_fake_pdfs,,,,,false,1200,5
fakepdf_86966_20240829,train,fake invoice/86966_20240829.pdf,,,rejected,0,fake_invoice_pdf_ground_truth,1.0000,v7_initial_real_forged_fake_pdfs,,,,,false,1200,5
fakepdf_93161_20250703,train,fake invoice/93161_20250703.pdf,,,rejected,0,fake_invoice_pdf_ground_truth,1.0000,v7_initial_real_forged_fake_pdfs,,,,,false,1200,5
fakepdf_55096_20230722,train,fake invoice/55096_20230722.pdf,,,rejected,0,fake_invoice_pdf_ground_truth,1.0000,v7_initial_real_forged_fake_pdfs,,,,,false,1200,5
fakepdf_44344_20241023,train,fake invoice/44344_20241023.pdf,,,rejected,0,fake_invoice_pdf_ground_truth,1.0000,v7_initial_real_forged_fake_pdfs,,,,,false,1200,5
fakepdf_7265_20230320,train,fake invoice/7265_20230320.pdf,,,rejected,0,fake_invoice_pdf_ground_truth,1.0000,v7_initial_real_forged_fake_pdfs,,,,,false,1200,5
fakepdf_44953_20250216,train,fake invoice/44953_20250216.pdf,,,rejected,0,fake_invoice_pdf_ground_truth,1.0000,v7_initial_real_forged_fake_pdfs,,,,,false,1200,5
fakepdf_33368_20251008,train,fake invoice/33368_20251008.pdf,,,rejected,0,fake_invoice_pdf_ground_truth,1.0000,v7_initial_real_forged_fake_pdfs,,,,,false,1200,5
fakepdf_50471_20240117,train,fake invoice/50471_20240117.pdf,,,rejected,0,fake_invoice_pdf_ground_truth,1.0000,v7_initial_real_forged_fake_pdfs,,,,,false,1200,5
fakepdf_47325_20240209,train,fake invoice/47325_20240209.pdf,,,rejected,0,fake_invoice_pdf_ground_truth,1.0000,v7_initial_real_forged_fake_pdfs,,,,,false,1200,5
fakepdf_13702_20241119,train,fake invoice/13702_20241119.pdf,,,rejected,0,fake_invoice_pdf_ground_truth,1.0000,v7_initial_real_forged_fake_pdfs,,,,,false,1200,5
fakepdf_67614_20240505,train,fake invoice/67614_20240505.pdf,,,rejected,0,fake_invoice_pdf_ground_truth,1.0000,v7_initial_real_forged_fake_pdfs,,,,,false,1200,5
fakepdf_36469_20230816,train,fake invoice/36469_20230816.pdf,,,rejected,0,fake_invoice_pdf_ground_truth,1.0000,v7_initial_real_forged_fake_pdfs,,,,,false,1200,5
fakepdf_72496_20250917,train,fake invoice/72496_20250917.pdf,,,rejected,0,fake_invoice_pdf_ground_truth,1.0000,v7_initial_real_forged_fake_pdfs,,,,,false,1200,5
fakepdf_2072_20241203,train,fake invoice/2072_20241203.pdf,,,rejected,0,fake_invoice_pdf_ground_truth,1.0000,v7_initial_real_forged_fake_pdfs,,,,,false,1200,5
fakepdf_73123_20260130,train,fake invoice/73123_20260130.pdf,,,rejected,0,fake_invoice_pdf_ground_truth,1.0000,v7_initial_real_forged_fake_pdfs,,,,,false,1200,5
fakepdf_51435_20260110,train,fake invoice/51435_20260110.pdf,,,rejected,0,fake_invoice_pdf_ground_truth,1.0000,v7_initial_real_forged_fake_pdfs,,,,,false,1200,5
fakepdf_54545_20240922,train,fake invoice/54545_20240922.pdf,,,rejected,0,fake_invoice_pdf_ground_truth,1.0000,v7_initial_real_forged_fake_pdfs,,,,,false,1200,5
fakepdf_94345_20230501,train,fake invoice/94345_20230501.pdf,,,rejected,0,fake_invoice_pdf_ground_truth,1.0000,v7_initial_real_forged_fake_pdfs,,,,,false,1200,5
fakepdf_40390_20240102,train,fake invoice/40390_20240102.pdf,,,rejected,0,fake_invoice_pdf_ground_truth,1.0000,v7_initial_real_forged_fake_pdfs,,,,,false,1200,5
fakepdf_66502_20250429,train,fake invoice/66502_20250429.pdf,,,rejected,0,fake_invoice_pdf_ground_truth,1.0000,v7_initial_real_forged_fake_pdfs,,,,,false,1200,5
fakepdf_84884_20241118,train,fake invoice/84884_20241118.pdf,,,rejected,0,fake_invoice_pdf_ground_truth,1.0000,v7_initial_real_forged_fake_pdfs,,,,,false,1200,5
fakepdf_31184_20231113,train,fake invoice/31184_20231113.pdf,,,rejected,0,fake_invoice_pdf_ground_truth,1.0000,v7_initial_real_forged_fake_pdfs,,,,,false,1200,5
fakepdf_12410_20240114,train,fake invoice/12410_20240114.pdf,,,rejected,0,fake_invoice_pdf_ground_truth,1.0000,v7_initial_real_forged_fake_pdfs,,,,,false,1200,5
fakepdf_27621_20240312,train,fake invoice/27621_20240312.pdf,,,rejected,0,fake_invoice_pdf_ground_truth,1.0000,v7_initial_real_forged_fake_pdfs,,,,,false,1200,5
fakepdf_31581_20231213,train,fake invoice/31581_20231213.pdf,,,rejected,0,fake_invoice_pdf_ground_truth,1.0000,v7_initial_real_forged_fake_pdfs,,,,,false,1200,5
fakepdf_67603_20250628,train,fake invoice/67603_20250628.pdf,,,rejected,0,fake_invoice_pdf_ground_truth,1.0000,v7_initial_real_forged_fake_pdfs,,,,,false,1200,5
fakepdf_53132_20250518,train,fake invoice/53132_20250518.pdf,,,rejected,0,fake_invoice_pdf_ground_truth,1.0000,v7_initial_real_forged_fake_pdfs,,,,,false,1200,5
fakepdf_26868_20251014,train,fake invoice/26868_20251014.pdf,,,rejected,0,fake_invoice_pdf_ground_truth,1.0000,v7_initial_real_forged_fake_pdfs,,,,,false,1200,5
fakepdf_63652_20240129,train,fake invoice/63652_20240129.pdf,,,rejected,0,fake_invoice_pdf_ground_truth,1.0000,v7_initial_real_forged_fake_pdfs,,,,,false,1200,5
fakepdf_61703_20230523,train,fake invoice/61703_20230523.pdf,,,rejected,0,fake_invoice_pdf_ground_truth,1.0000,v7_initial_real_forged_fake_pdfs,,,,,false,1200,5
fakepdf_18250_20230424,train,fake invoice/18250_20230424.pdf,,,rejected,0,fake_invoice_pdf_ground_truth,1.0000,v7_initial_real_forged_fake_pdfs,,,,,false,1200,5
fakepdf_90941_20240630,train,fake invoice/90941_20240630.pdf,,,rejected,0,fake_invoice_pdf_ground_truth,1.0000,v7_initial_real_forged_fake_pdfs,,,,,false,1200,5
fakepdf_58614_20250122,train,fake invoice/58614_20250122.pdf,,,rejected,0,fake_invoice_pdf_ground_truth,1.0000,v7_initial_real_forged_fake_pdfs,,,,,false,1200,5
fakepdf_91955_20251006,train,fake invoice/91955_20251006.pdf,,,rejected,0,fake_invoice_pdf_ground_truth,1.0000,v7_initial_real_forged_fake_pdfs,,,,,false,1200,5
fakepdf_27651_20240510,train,fake invoice/27651_20240510.pdf,,,rejected,0,fake_invoice_pdf_ground_truth,1.0000,v7_initial_real_forged_fake_pdfs,,,,,false,1200,5
fakepdf_4908_20241023,train,fake invoice/4908_20241023.pdf,,,rejected,0,fake_invoice_pdf_ground_truth,1.0000,v7_initial_real_forged_fake_pdfs,,,,,false,1200,5
fakepdf_31132_20240201,train,fake invoice/31132_20240201.pdf,,,rejected,0,fake_invoice_pdf_ground_truth,1.0000,v7_initial_real_forged_fake_pdfs,,,,,false,1200,5
fakepdf_60123_20250224,train,fake invoice/60123_20250224.pdf,,,rejected,0,fake_invoice_pdf_ground_truth,1.0000,v7_initial_real_forged_fake_pdfs,,,,,false,1200,5
fakepdf_92870_20240125,train,fake invoice/92870_20240125.pdf,,,rejected,0,fake_invoice_pdf_ground_truth,1.0000,v7_initial_real_forged_fake_pdfs,,,,,false,1200,5
fakepdf_53006_20250829,train,fake invoice/53006_20250829.pdf,,,rejected,0,fake_invoice_pdf_ground_truth,1.0000,v7_initial_real_forged_fake_pdfs,,,,,false,1200,5
fakepdf_75542_20231108,train,fake invoice/75542_20231108.pdf,,,rejected,0,fake_invoice_pdf_ground_truth,1.0000,v7_initial_real_forged_fake_pdfs,,,,,false,1200,5
fakepdf_67399_20250606,train,fake invoice/67399_20250606.pdf,,,rejected,0,fake_invoice_pdf_ground_truth,1.0000,v7_initial_real_forged_fake_pdfs,,,,,false,1200,5
fakepdf_62686_20231127,train,fake invoice/62686_20231127.pdf,,,rejected,0,fake_invoice_pdf_ground_truth,1.0000,v7_initial_real_forged_fake_pdfs,,,,,false,1200,5
fakepdf_19880_20231111,train,fake invoice/19880_20231111.pdf,,,rejected,0,fake_invoice_pdf_ground_truth,1.0000,v7_initial_real_forged_fake_pdfs,,,,,false,1200,5
fakepdf_29723_20231113,train,fake invoice/29723_20231113.pdf,,,rejected,0,fake_invoice_pdf_ground_truth,1.0000,v7_initial_real_forged_fake_pdfs,,,,,false,1200,5
fakepdf_37342_20230829,train,fake invoice/37342_20230829.pdf,,,rejected,0,fake_invoice_pdf_ground_truth,1.0000,v7_initial_real_forged_fake_pdfs,,,,,false,1200,5
fakepdf_6527_20230813,train,fake invoice/6527_20230813.pdf,,,rejected,0,fake_invoice_pdf_ground_truth,1.0000,v7_initial_real_forged_fake_pdfs,,,,,false,1200,5
fakepdf_48593_20241019,train,fake invoice/48593_20241019.pdf,,,rejected,0,fake_invoice_pdf_ground_truth,1.0000,v7_initial_real_forged_fake_pdfs,,,,,false,1200,5
fakepdf_53397_20250919,train,fake invoice/53397_20250919.pdf,,,rejected,0,fake_invoice_pdf_ground_truth,1.0000,v7_initial_real_forged_fake_pdfs,,,,,false,1200,5
fakepdf_38329_20230616,train,fake invoice/38329_20230616.pdf,,,rejected,0,fake_invoice_pdf_ground_truth,1.0000,v7_initial_real_forged_fake_pdfs,,,,,false,1200,5
fakepdf_12717_20240825,train,fake invoice/12717_20240825.pdf,,,rejected,0,fake_invoice_pdf_ground_truth,1.0000,v7_initial_real_forged_fake_pdfs,,,,,false,1200,5
fakepdf_93997_20260106,train,fake invoice/93997_20260106.pdf,,,rejected,0,fake_invoice_pdf_ground_truth,1.0000,v7_initial_real_forged_fake_pdfs,,,,,false,1200,5
fakepdf_80023_20260118,train,fake invoice/80023_20260118.pdf,,,rejected,0,fake_invoice_pdf_ground_truth,1.0000,v7_initial_real_forged_fake_pdfs,,,,,false,1200,5
fakepdf_12882_20250528,train,fake invoice/12882_20250528.pdf,,,rejected,0,fake_invoice_pdf_ground_truth,1.0000,v7_initial_real_forged_fake_pdfs,,,,,false,1200,5
fakepdf_49191_20260214,train,fake invoice/49191_20260214.pdf,,,rejected,0,fake_invoice_pdf_ground_truth,1.0000,v7_initial_real_forged_fake_pdfs,,,,,false,1200,5
fakepdf_64393_20240405,train,fake invoice/64393_20240405.pdf,,,rejected,0,fake_invoice_pdf_ground_truth,1.0000,v7_initial_real_forged_fake_pdfs,,,,,false,1200,5
fakepdf_3869_20240303,train,fake invoice/3869_20240303.pdf,,,rejected,0,fake_invoice_pdf_ground_truth,1.0000,v7_initial_real_forged_fake_pdfs,,,,,false,1200,5
fakepdf_78805_20240204,train,fake invoice/78805_20240204.pdf,,,rejected,0,fake_invoice_pdf_ground_truth,1.0000,v7_initial_real_forged_fake_pdfs,,,,,false,1200,5
fakepdf_30906_20251106,train,fake invoice/30906_20251106.pdf,,,rejected,0,fake_invoice_pdf_ground_truth,1.0000,v7_initial_real_forged_fake_pdfs,,,,,false,1200,5
fakepdf_77479_20250426,train,fake invoice/77479_20250426.pdf,,,rejected,0,fake_invoice_pdf_ground_truth,1.0000,v7_initial_real_forged_fake_pdfs,,,,,false,1200,5
fakepdf_91569_20250202,train,fake invoice/91569_20250202.pdf,,,rejected,0,fake_invoice_pdf_ground_truth,1.0000,v7_initial_real_forged_fake_pdfs,,,,,false,1200,5
fakepdf_76002_20230506,train,fake invoice/76002_20230506.pdf,,,rejected,0,fake_invoice_pdf_ground_truth,1.0000,v7_initial_real_forged_fake_pdfs,,,,,false,1200,5
fakepdf_72400_20240821,train,fake invoice/72400_20240821.pdf,,,rejected,0,fake_invoice_pdf_ground_truth,1.0000,v7_initial_real_forged_fake_pdfs,,,,,false,1200,5
fakepdf_66282_20231218,train,fake invoice/66282_20231218.pdf,,,rejected,0,fake_invoice_pdf_ground_truth,1.0000,v7_initial_real_forged_fake_pdfs,,,,,false,1200,5
fakepdf_20322_20241223,train,fake invoice/20322_20241223.pdf,,,rejected,0,fake_invoice_pdf_ground_truth,1.0000,v7_initial_real_forged_fake_pdfs,,,,,false,1200,5
fakepdf_96225_20250307,train,fake invoice/96225_20250307.pdf,,,rejected,0,fake_invoice_pdf_ground_truth,1.0000,v7_initial_real_forged_fake_pdfs,,,,,false,1200,5
fakepdf_99933_20240820,train,fake invoice/99933_20240820.pdf,,,rejected,0,fake_invoice_pdf_ground_truth,1.0000,v7_initial_real_forged_fake_pdfs,,,,,false,1200,5
fakepdf_29843_20250110,train,fake invoice/29843_20250110.pdf,,,rejected,0,fake_invoice_pdf_ground_truth,1.0000,v7_initial_real_forged_fake_pdfs,,,,,false,1200,5
fakepdf_8820_20241119,train,fake invoice/8820_20241119.pdf,,,rejected,0,fake_invoice_pdf_ground_truth,1.0000,v7_initial_real_forged_fake_pdfs,,,,,false,1200,5
fakepdf_90917_20230914,train,fake invoice/90917_20230914.pdf,,,rejected,0,fake_invoice_pdf_ground_truth,1.0000,v7_initial_real_forged_fake_pdfs,,,,,false,1200,5
fakepdf_73823_20250412,train,fake invoice/73823_20250412.pdf,,,rejected,0,fake_invoice_pdf_ground_truth,1.0000,v7_initial_real_forged_fake_pdfs,,,,,false,1200,5
fakepdf_33254_20240609,train,fake invoice/33254_20240609.pdf,,,rejected,0,fake_invoice_pdf_ground_truth,1.0000,v7_initial_real_forged_fake_pdfs,,,,,false,1200,5
fakepdf_83947_20240501,train,fake invoice/83947_20240501.pdf,,,rejected,0,fake_invoice_pdf_ground_truth,1.0000,v7_initial_real_forged_fake_pdfs,,,,,false,1200,5
fakepdf_57432_20250119,train,fake invoice/57432_20250119.pdf,,,rejected,0,fake_invoice_pdf_ground_truth,1.0000,v7_initial_real_forged_fake_pdfs,,,,,false,1200,5
fakepdf_35960_20231004,train,fake invoice/35960_20231004.pdf,,,rejected,0,fake_invoice_pdf_ground_truth,1.0000,v7_initial_real_forged_fake_pdfs,,,,,false,1200,5
fakepdf_18495_20240825,train,fake invoice/18495_20240825.pdf,,,rejected,0,fake_invoice_pdf_ground_truth,1.0000,v7_initial_real_forged_fake_pdfs,,,,,false,1200,5
fakepdf_33957_20230903,train,fake invoice/33957_20230903.pdf,,,rejected,0,fake_invoice_pdf_ground_truth,1.0000,v7_initial_real_forged_fake_pdfs,,,,,false,1200,5
fakepdf_36423_20240205,train,fake invoice/36423_20240205.pdf,,,rejected,0,fake_invoice_pdf_ground_truth,1.0000,v7_initial_real_forged_fake_pdfs,,,,,false,1200,5
fakepdf_36805_20240722,train,fake invoice/36805_20240722.pdf,,,rejected,0,fake_invoice_pdf_ground_truth,1.0000,v7_initial_real_forged_fake_pdfs,,,,,false,1200,5
fakepdf_74716_20250823,train,fake invoice/74716_20250823.pdf,,,rejected,0,fake_invoice_pdf_ground_truth,1.0000,v7_initial_real_forged_fake_pdfs,,,,,false,1200,5
fakepdf_75475_20250503,train,fake invoice/75475_20250503.pdf,,,rejected,0,fake_invoice_pdf_ground_truth,1.0000,v7_initial_real_forged_fake_pdfs,,,,,false,1200,5
fakepdf_67710_20250805,train,fake invoice/67710_20250805.pdf,,,rejected,0,fake_invoice_pdf_ground_truth,1.0000,v7_initial_real_forged_fake_pdfs,,,,,false,1200,5
fakepdf_60321_20230813,train,fake invoice/60321_20230813.pdf,,,rejected,0,fake_invoice_pdf_ground_truth,1.0000,v7_initial_real_forged_fake_pdfs,,,,,false,1200,5
fakepdf_86423_20230715,train,fake invoice/86423_20230715.pdf,,,rejected,0,fake_invoice_pdf_ground_truth,1.0000,v7_initial_real_forged_fake_pdfs,,,,,false,1200,5
fakepdf_25017_20250508,train,fake invoice/25017_20250508.pdf,,,rejected,0,fake_invoice_pdf_ground_truth,1.0000,v7_initial_real_forged_fake_pdfs,,,,,false,1200,5
fakepdf_43978_20250506,train,fake invoice/43978_20250506.pdf,,,rejected,0,fake_invoice_pdf_ground_truth,1.0000,v7_initial_real_forged_fake_pdfs,,,,,false,1200,5
fakepdf_46867_20250831,train,fake invoice/46867_20250831.pdf,,,rejected,0,fake_invoice_pdf_ground_truth,1.0000,v7_initial_real_forged_fake_pdfs,,,,,false,1200,5
fakepdf_20347_20240829,train,fake invoice/20347_20240829.pdf,,,rejected,0,fake_invoice_pdf_ground_truth,1.0000,v7_initial_real_forged_fake_pdfs,,,,,false,1200,5
fakepdf_15565_20230812,train,fake invoice/15565_20230812.pdf,,,rejected,0,fake_invoice_pdf_ground_truth,1.0000,v7_initial_real_forged_fake_pdfs,,,,,false,1200,5
fakepdf_45025_20251125,train,fake invoice/45025_20251125.pdf,,,rejected,0,fake_invoice_pdf_ground_truth,1.0000,v7_initial_real_forged_fake_pdfs,,,,,false,1200,5
fakepdf_17064_20230912,train,fake invoice/17064_20230912.pdf,,,rejected,0,fake_invoice_pdf_ground_truth,1.0000,v7_initial_real_forged_fake_pdfs,,,,,false,1200,5
fakepdf_15851_20250203,train,fake invoice/15851_20250203.pdf,,,rejected,0,fake_invoice_pdf_ground_truth,1.0000,v7_initial_real_forged_fake_pdfs,,,,,false,1200,5
fakepdf_99486_20230603,train,fake invoice/99486_20230603.pdf,,,rejected,0,fake_invoice_pdf_ground_truth,1.0000,v7_initial_real_forged_fake_pdfs,,,,,false,1200,5
fakepdf_72680_20240720,train,fake invoice/72680_20240720.pdf,,,rejected,0,fake_invoice_pdf_ground_truth,1.0000,v7_initial_real_forged_fake_pdfs,,,,,false,1200,5
fakepdf_28158_20250824,train,fake invoice/28158_20250824.pdf,,,rejected,0,fake_invoice_pdf_ground_truth,1.0000,v7_initial_real_forged_fake_pdfs,,,,,false,1200,5
fakepdf_3176_20240830,train,fake invoice/3176_20240830.pdf,,,rejected,0,fake_invoice_pdf_ground_truth,1.0000,v7_initial_real_forged_fake_pdfs,,,,,false,1200,5
fakepdf_83380_20250520,train,fake invoice/83380_20250520.pdf,,,rejected,0,fake_invoice_pdf_ground_truth,1.0000,v7_initial_real_forged_fake_pdfs,,,,,false,1200,5
fakepdf_5435_20250405,train,fake invoice/5435_20250405.pdf,,,rejected,0,fake_invoice_pdf_ground_truth,1.0000,v7_initial_real_forged_fake_pdfs,,,,,false,1200,5
fakepdf_11399_20250407,train,fake invoice/11399_20250407.pdf,,,rejected,0,fake_invoice_pdf_ground_truth,1.0000,v7_initial_real_forged_fake_pdfs,,,,,false,1200,5
fakepdf_993_20251011,train,fake invoice/993_20251011.pdf,,,rejected,0,fake_invoice_pdf_ground_truth,1.0000,v7_initial_real_forged_fake_pdfs,,,,,false,1200,5
fakepdf_32489_20230512,train,fake invoice/32489_20230512.pdf,,,rejected,0,fake_invoice_pdf_ground_truth,1.0000,v7_initial_real_forged_fake_pdfs,,,,,false,1200,5
fakepdf_53944_20250223,train,fake invoice/53944_20250223.pdf,,,rejected,0,fake_invoice_pdf_ground_truth,1.0000,v7_initial_real_forged_fake_pdfs,,,,,false,1200,5
fakepdf_74057_20250514,train,fake invoice/74057_20250514.pdf,,,rejected,0,fake_invoice_pdf_ground_truth,1.0000,v7_initial_real_forged_fake_pdfs,,,,,false,1200,5
fakepdf_47754_20260204,train,fake invoice/47754_20260204.pdf,,,rejected,0,fake_invoice_pdf_ground_truth,1.0000,v7_initial_real_forged_fake_pdfs,,,,,false,1200,5
fakepdf_78072_20241129,train,fake invoice/78072_20241129.pdf,,,rejected,0,fake_invoice_pdf_ground_truth,1.0000,v7_initial_real_forged_fake_pdfs,,,,,false,1200,5
fakepdf_36579_20250823,train,fake invoice/36579_20250823.pdf,,,rejected,0,fake_invoice_pdf_ground_truth,1.0000,v7_initial_real_forged_fake_pdfs,,,,,false,1200,5
fakepdf_75708_20240521,train,fake invoice/75708_20240521.pdf,,,rejected,0,fake_invoice_pdf_ground_truth,1.0000,v7_initial_real_forged_fake_pdfs,,,,,false,1200,5
fakepdf_26037_20251214,train,fake invoice/26037_20251214.pdf,,,rejected,0,fake_invoice_pdf_ground_truth,1.0000,v7_initial_real_forged_fake_pdfs,,,,,false,1200,5
fakepdf_53064_20250422,train,fake invoice/53064_20250422.pdf,,,rejected,0,fake_invoice_pdf_ground_truth,1.0000,v7_initial_real_forged_fake_pdfs,,,,,false,1200,5
fakepdf_31517_20251207,train,fake invoice/31517_20251207.pdf,,,rejected,0,fake_invoice_pdf_ground_truth,1.0000,v7_initial_real_forged_fake_pdfs,,,,,false,1200,5
fakepdf_19353_20240324,train,fake invoice/19353_20240324.pdf,,,rejected,0,fake_invoice_pdf_ground_truth,1.0000,v7_initial_real_forged_fake_pdfs,,,,,false,1200,5
fakepdf_46207_20230914,train,fake invoice/46207_20230914.pdf,,,rejected,0,fake_invoice_pdf_ground_truth,1.0000,v7_initial_real_forged_fake_pdfs,,,,,false,1200,5
fakepdf_25218_20241206,train,fake invoice/25218_20241206.pdf,,,rejected,0,fake_invoice_pdf_ground_truth,1.0000,v7_initial_real_forged_fake_pdfs,,,,,false,1200,5
fakepdf_46170_20250714,train,fake invoice/46170_20250714.pdf,,,rejected,0,fake_invoice_pdf_ground_truth,1.0000,v7_initial_real_forged_fake_pdfs,,,,,false,1200,5
fakepdf_65431_20240701,train,fake invoice/65431_20240701.pdf,,,rejected,0,fake_invoice_pdf_ground_truth,1.0000,v7_initial_real_forged_fake_pdfs,,,,,false,1200,5
fakepdf_10252_20240619,train,fake invoice/10252_20240619.pdf,,,rejected,0,fake_invoice_pdf_ground_truth,1.0000,v7_initial_real_forged_fake_pdfs,,,,,false,1200,5
fakepdf_85320_20251110,train,fake invoice/85320_20251110.pdf,,,rejected,0,fake_invoice_pdf_ground_truth,1.0000,v7_initial_real_forged_fake_pdfs,,,,,false,1200,5
fakepdf_60529_20251116,train,fake invoice/60529_20251116.pdf,,,rejected,0,fake_invoice_pdf_ground_truth,1.0000,v7_initial_real_forged_fake_pdfs,,,,,false,1200,5
fakepdf_95985_20230924,train,fake invoice/95985_20230924.pdf,,,rejected,0,fake_invoice_pdf_ground_truth,1.0000,v7_initial_real_forged_fake_pdfs,,,,,false,1200,5
fakepdf_31299_20250318,train,fake invoice/31299_20250318.pdf,,,rejected,0,fake_invoice_pdf_ground_truth,1.0000,v7_initial_real_forged_fake_pdfs,,,,,false,1200,5
fakepdf_61658_20241028,train,fake invoice/61658_20241028.pdf,,,rejected,0,fake_invoice_pdf_ground_truth,1.0000,v7_initial_real_forged_fake_pdfs,,,,,false,1200,5
fakepdf_33938_20240414,train,fake invoice/33938_20240414.pdf,,,rejected,0,fake_invoice_pdf_ground_truth,1.0000,v7_initial_real_forged_fake_pdfs,,,,,false,1200,5
fakepdf_67571_20240903,train,fake invoice/67571_20240903.pdf,,,rejected,0,fake_invoice_pdf_ground_truth,1.0000,v7_initial_real_forged_fake_pdfs,,,,,false,1200,5
fakepdf_69729_20240109,train,fake invoice/69729_20240109.pdf,,,rejected,0,fake_invoice_pdf_ground_truth,1.0000,v7_initial_real_forged_fake_pdfs,,,,,false,1200,5
fakepdf_66161_20240313,train,fake invoice/66161_20240313.pdf,,,rejected,0,fake_invoice_pdf_ground_truth,1.0000,v7_initial_real_forged_fake_pdfs,,,,,false,1200,5
fakepdf_19724_20240611,train,fake invoice/19724_20240611.pdf,,,rejected,0,fake_invoice_pdf_ground_truth,1.0000,v7_initial_real_forged_fake_pdfs,,,,,false,1200,5
fakepdf_1089_20260120,train,fake invoice/1089_20260120.pdf,,,rejected,0,fake_invoice_pdf_ground_truth,1.0000,v7_initial_real_forged_fake_pdfs,,,,,false,1200,5
fakepdf_48093_20230314,train,fake invoice/48093_20230314.pdf,,,rejected,0,fake_invoice_pdf_ground_truth,1.0000,v7_initial_real_forged_fake_pdfs,,,,,false,1200,5
fakepdf_28588_20250507,train,fake invoice/28588_20250507.pdf,,,rejected,0,fake_invoice_pdf_ground_truth,1.0000,v7_initial_real_forged_fake_pdfs,,,,,false,1200,5
fakepdf_89634_20231023,train,fake invoice/89634_20231023.pdf,,,rejected,0,fake_invoice_pdf_ground_truth,1.0000,v7_initial_real_forged_fake_pdfs,,,,,false,1200,5
fakepdf_8431_20230709,train,fake invoice/8431_20230709.pdf,,,rejected,0,fake_invoice_pdf_ground_truth,1.0000,v7_initial_real_forged_fake_pdfs,,,,,false,1200,5
fakepdf_60224_20251207,train,fake invoice/60224_20251207.pdf,,,rejected,0,fake_invoice_pdf_ground_truth,1.0000,v7_initial_real_forged_fake_pdfs,,,,,false,1200,5
fakepdf_75067_20251007,train,fake invoice/75067_20251007.pdf,,,rejected,0,fake_invoice_pdf_ground_truth,1.0000,v7_initial_real_forged_fake_pdfs,,,,,false,1200,5
fakepdf_86358_20241024,train,fake invoice/86358_20241024.pdf,,,rejected,0,fake_invoice_pdf_ground_truth,1.0000,v7_initial_real_forged_fake_pdfs,,,,,false,1200,5
fakepdf_69624_20240901,train,fake invoice/69624_20240901.pdf,,,rejected,0,fake_invoice_pdf_ground_truth,1.0000,v7_initial_real_forged_fake_pdfs,,,,,false,1200,5
fakepdf_50717_20240712,train,fake invoice/50717_20240712.pdf,,,rejected,0,fake_invoice_pdf_ground_truth,1.0000,v7_initial_real_forged_fake_pdfs,,,,,false,1200,5
fakepdf_41074_20250511,train,fake invoice/41074_20250511.pdf,,,rejected,0,fake_invoice_pdf_ground_truth,1.0000,v7_initial_real_forged_fake_pdfs,,,,,false,1200,5
fakepdf_77988_20240715,train,fake invoice/77988_20240715.pdf,,,rejected,0,fake_invoice_pdf_ground_truth,1.0000,v7_initial_real_forged_fake_pdfs,,,,,false,1200,5
fakepdf_84574_20230412,train,fake invoice/84574_20230412.pdf,,,rejected,0,fake_invoice_pdf_ground_truth,1.0000,v7_initial_real_forged_fake_pdfs,,,,,false,1200,5
fakepdf_53490_20251205,train,fake invoice/53490_20251205.pdf,,,rejected,0,fake_invoice_pdf_ground_truth,1.0000,v7_initial_real_forged_fake_pdfs,,,,,false,1200,5
fakepdf_23324_20231213,train,fake invoice/23324_20231213.pdf,,,rejected,0,fake_invoice_pdf_ground_truth,1.0000,v7_initial_real_forged_fake_pdfs,,,,,false,1200,5
fakepdf_19594_20251014,train,fake invoice/19594_20251014.pdf,,,rejected,0,fake_invoice_pdf_ground_truth,1.0000,v7_initial_real_forged_fake_pdfs,,,,,false,1200,5
fakepdf_9952_20240120,train,fake invoice/9952_20240120.pdf,,,rejected,0,fake_invoice_pdf_ground_truth,1.0000,v7_initial_real_forged_fake_pdfs,,,,,false,1200,5
fakepdf_85563_20250321,train,fake invoice/85563_20250321.pdf,,,rejected,0,fake_invoice_pdf_ground_truth,1.0000,v7_initial_real_forged_fake_pdfs,,,,,false,1200,5
fakepdf_45857_20241219,train,fake invoice/45857_20241219.pdf,,,rejected,0,fake_invoice_pdf_ground_truth,1.0000,v7_initial_real_forged_fake_pdfs,,,,,false,1200,5
fakepdf_46525_20230316,train,fake invoice/46525_20230316.pdf,,,rejected,0,fake_invoice_pdf_ground_truth,1.0000,v7_initial_real_forged_fake_pdfs,,,,,false,1200,5
fakepdf_6685_20240104,train,fake invoice/6685_20240104.pdf,,,rejected,0,fake_invoice_pdf_ground_truth,1.0000,v7_initial_real_forged_fake_pdfs,,,,,false,1200,5
fakepdf_94754_20240613,train,fake invoice/94754_20240613.pdf,,,rejected,0,fake_invoice_pdf_ground_truth,1.0000,v7_initial_real_forged_fake_pdfs,,,,,false,1200,5
fakepdf_36149_20240611,train,fake invoice/36149_20240611.pdf,,,rejected,0,fake_invoice_pdf_ground_truth,1.0000,v7_initial_real_forged_fake_pdfs,,,,,false,1200,5
fakepdf_70000_20230320,train,fake invoice/70000_20230320.pdf,,,rejected,0,fake_invoice_pdf_ground_truth,1.0000,v7_initial_real_forged_fake_pdfs,,,,,false,1200,5
fakepdf_73033_20230710,train,fake invoice/73033_20230710.pdf,,,rejected,0,fake_invoice_pdf_ground_truth,1.0000,v7_initial_real_forged_fake_pdfs,,,,,false,1200,5
fakepdf_41106_20230710,train,fake invoice/41106_20230710.pdf,,,rejected,0,fake_invoice_pdf_ground_truth,1.0000,v7_initial_real_forged_fake_pdfs,,,,,false,1200,5
fakepdf_49644_20230226,train,fake invoice/49644_20230226.pdf,,,rejected,0,fake_invoice_pdf_ground_truth,1.0000,v7_initial_real_forged_fake_pdfs,,,,,false,1200,5
fakepdf_62185_20250831,train,fake invoice/62185_20250831.pdf,,,rejected,0,fake_invoice_pdf_ground_truth,1.0000,v7_initial_real_forged_fake_pdfs,,,,,false,1200,5
fakepdf_7174_20260115,train,fake invoice/7174_20260115.pdf,,,rejected,0,fake_invoice_pdf_ground_truth,1.0000,v7_initial_real_forged_fake_pdfs,,,,,false,1200,5
fakepdf_47707_20250202,train,fake invoice/47707_20250202.pdf,,,rejected,0,fake_invoice_pdf_ground_truth,1.0000,v7_initial_real_forged_fake_pdfs,,,,,false,1200,5
fakepdf_4822_20240325,train,fake invoice/4822_20240325.pdf,,,rejected,0,fake_invoice_pdf_ground_truth,1.0000,v7_initial_real_forged_fake_pdfs,,,,,false,1200,5
fakepdf_62129_20260214,train,fake invoice/62129_20260214.pdf,,,rejected,0,fake_invoice_pdf_ground_truth,1.0000,v7_initial_real_forged_fake_pdfs,,,,,false,1200,5
fakepdf_88505_20240705,train,fake invoice/88505_20240705.pdf,,,rejected,0,fake_invoice_pdf_ground_truth,1.0000,v7_initial_real_forged_fake_pdfs,,,,,false,1200,5
fakepdf_85_20240506,train,fake invoice/85_20240506.pdf,,,rejected,0,fake_invoice_pdf_ground_truth,1.0000,v7_initial_real_forged_fake_pdfs,,,,,false,1200,5
fakepdf_29850_20231008,train,fake invoice/29850_20231008.pdf,,,rejected,0,fake_invoice_pdf_ground_truth,1.0000,v7_initial_real_forged_fake_pdfs,,,,,false,1200,5
fakepdf_21165_20240520,train,fake invoice/21165_20240520.pdf,,,rejected,0,fake_invoice_pdf_ground_truth,1.0000,v7_initial_real_forged_fake_pdfs,,,,,false,1200,5
fakepdf_4260_20250128,train,fake invoice/4260_20250128.pdf,,,rejected,0,fake_invoice_pdf_ground_truth,1.0000,v7_initial_real_forged_fake_pdfs,,,,,false,1200,5
fakepdf_54249_20240816,train,fake invoice/54249_20240816.pdf,,,rejected,0,fake_invoice_pdf_ground_truth,1.0000,v7_initial_real_forged_fake_pdfs,,,,,false,1200,5
fakepdf_94194_20240312,train,fake invoice/94194_20240312.pdf,,,rejected,0,fake_invoice_pdf_ground_truth,1.0000,v7_initial_real_forged_fake_pdfs,,,,,false,1200,5
fakepdf_45962_20251114,train,fake invoice/45962_20251114.pdf,,,rejected,0,fake_invoice_pdf_ground_truth,1.0000,v7_initial_real_forged_fake_pdfs,,,,,false,1200,5
fakepdf_54386_20250810,train,fake invoice/54386_20250810.pdf,,,rejected,0,fake_invoice_pdf_ground_truth,1.0000,v7_initial_real_forged_fake_pdfs,,,,,false,1200,5
fakepdf_69323_20250118,train,fake invoice/69323_20250118.pdf,,,rejected,0,fake_invoice_pdf_ground_truth,1.0000,v7_initial_real_forged_fake_pdfs,,,,,false,1200,5
fakepdf_71027_20240503,train,fake invoice/71027_20240503.pdf,,,rejected,0,fake_invoice_pdf_ground_truth,1.0000,v7_initial_real_forged_fake_pdfs,,,,,false,1200,5
fakepdf_90108_20250120,train,fake invoice/90108_20250120.pdf,,,rejected,0,fake_invoice_pdf_ground_truth,1.0000,v7_initial_real_forged_fake_pdfs,,,,,false,1200,5
fakepdf_49080_20251211,train,fake invoice/49080_20251211.pdf,,,rejected,0,fake_invoice_pdf_ground_truth,1.0000,v7_initial_real_forged_fake_pdfs,,,,,false,1200,5
fakepdf_26778_20240303,train,fake invoice/26778_20240303.pdf,,,rejected,0,fake_invoice_pdf_ground_truth,1.0000,v7_initial_real_forged_fake_pdfs,,,,,false,1200,5
fakepdf_96999_20240518,train,fake invoice/96999_20240518.pdf,,,rejected,0,fake_invoice_pdf_ground_truth,1.0000,v7_initial_real_forged_fake_pdfs,,,,,false,1200,5
fakepdf_78541_20240526,train,fake invoice/78541_20240526.pdf,,,rejected,0,fake_invoice_pdf_ground_truth,1.0000,v7_initial_real_forged_fake_pdfs,,,,,false,1200,5
fakepdf_38158_20231122,train,fake invoice/38158_20231122.pdf,,,rejected,0,fake_invoice_pdf_ground_truth,1.0000,v7_initial_real_forged_fake_pdfs,,,,,false,1200,5
fakepdf_31932_20250325,train,fake invoice/31932_20250325.pdf,,,rejected,0,fake_invoice_pdf_ground_truth,1.0000,v7_initial_real_forged_fake_pdfs,,,,,false,1200,5
fakepdf_66888_20250908,train,fake invoice/66888_20250908.pdf,,,rejected,0,fake_invoice_pdf_ground_truth,1.0000,v7_initial_real_forged_fake_pdfs,,,,,false,1200,5
fakepdf_12810_20230618,train,fake invoice/12810_20230618.pdf,,,rejected,0,fake_invoice_pdf_ground_truth,1.0000,v7_initial_real_forged_fake_pdfs,,,,,false,1200,5
fakepdf_67600_20230422,train,fake invoice/67600_20230422.pdf,,,rejected,0,fake_invoice_pdf_ground_truth,1.0000,v7_initial_real_forged_fake_pdfs,,,,,false,1200,5
fakepdf_2754_20230908,train,fake invoice/2754_20230908.pdf,,,rejected,0,fake_invoice_pdf_ground_truth,1.0000,v7_initial_real_forged_fake_pdfs,,,,,false,1200,5
fakepdf_14045_20251212,train,fake invoice/14045_20251212.pdf,,,rejected,0,fake_invoice_pdf_ground_truth,1.0000,v7_initial_real_forged_fake_pdfs,,,,,false,1200,5
fakepdf_65133_20250223,train,fake invoice/65133_20250223.pdf,,,rejected,0,fake_invoice_pdf_ground_truth,1.0000,v7_initial_real_forged_fake_pdfs,,,,,false,1200,5
fakepdf_63823_20240803,train,fake invoice/63823_20240803.pdf,,,rejected,0,fake_invoice_pdf_ground_truth,1.0000,v7_initial_real_forged_fake_pdfs,,,,,false,1200,5
fakepdf_68166_20251221,train,fake invoice/68166_20251221.pdf,,,rejected,0,fake_invoice_pdf_ground_truth,1.0000,v7_initial_real_forged_fake_pdfs,,,,,false,1200,5
fakepdf_80534_20231213,train,fake invoice/80534_20231213.pdf,,,rejected,0,fake_invoice_pdf_ground_truth,1.0000,v7_initial_real_forged_fake_pdfs,,,,,false,1200,5
fakepdf_56246_20241219,train,fake invoice/56246_20241219.pdf,,,rejected,0,fake_invoice_pdf_ground_truth,1.0000,v7_initial_real_forged_fake_pdfs,,,,,false,1200,5
fakepdf_27431_20230324,train,fake invoice/27431_20230324.pdf,,,rejected,0,fake_invoice_pdf_ground_truth,1.0000,v7_initial_real_forged_fake_pdfs,,,,,false,1200,5
fakepdf_82594_20250103,train,fake invoice/82594_20250103.pdf,,,rejected,0,fake_invoice_pdf_ground_truth,1.0000,v7_initial_real_forged_fake_pdfs,,,,,false,1200,5
fakepdf_89970_20251105,train,fake invoice/89970_20251105.pdf,,,rejected,0,fake_invoice_pdf_ground_truth,1.0000,v7_initial_real_forged_fake_pdfs,,,,,false,1200,5
fakepdf_54106_20260117,train,fake invoice/54106_20260117.pdf,,,rejected,0,fake_invoice_pdf_ground_truth,1.0000,v7_initial_real_forged_fake_pdfs,,,,,false,1200,5
fakepdf_30821_20251011,train,fake invoice/30821_20251011.pdf,,,rejected,0,fake_invoice_pdf_ground_truth,1.0000,v7_initial_real_forged_fake_pdfs,,,,,false,1200,5
fakepdf_37072_20250115,train,fake invoice/37072_20250115.pdf,,,rejected,0,fake_invoice_pdf_ground_truth,1.0000,v7_initial_real_forged_fake_pdfs,,,,,false,1200,5
fakepdf_42731_20250102,train,fake invoice/42731_20250102.pdf,,,rejected,0,fake_invoice_pdf_ground_truth,1.0000,v7_initial_real_forged_fake_pdfs,,,,,false,1200,5
fakepdf_24480_20240314,train,fake invoice/24480_20240314.pdf,,,rejected,0,fake_invoice_pdf_ground_truth,1.0000,v7_initial_real_forged_fake_pdfs,,,,,false,1200,5
fakepdf_28266_20230728,train,fake invoice/28266_20230728.pdf,,,rejected,0,fake_invoice_pdf_ground_truth,1.0000,v7_initial_real_forged_fake_pdfs,,,,,false,1200,5
fakepdf_82021_20241002,train,fake invoice/82021_20241002.pdf,,,rejected,0,fake_invoice_pdf_ground_truth,1.0000,v7_initial_real_forged_fake_pdfs,,,,,false,1200,5
fakepdf_47456_20250506,train,fake invoice/47456_20250506.pdf,,,rejected,0,fake_invoice_pdf_ground_truth,1.0000,v7_initial_real_forged_fake_pdfs,,,,,false,1200,5
fakepdf_25052_20250616,train,fake invoice/25052_20250616.pdf,,,rejected,0,fake_invoice_pdf_ground_truth,1.0000,v7_initial_real_forged_fake_pdfs,,,,,false,1200,5
fakepdf_54072_20230818,train,fake invoice/54072_20230818.pdf,,,rejected,0,fake_invoice_pdf_ground_truth,1.0000,v7_initial_real_forged_fake_pdfs,,,,,false,1200,5
fakepdf_52858_20240521,train,fake invoice/52858_20240521.pdf,,,rejected,0,fake_invoice_pdf_ground_truth,1.0000,v7_initial_real_forged_fake_pdfs,,,,,false,1200,5
fakepdf_15573_20250612,train,fake invoice/15573_20250612.pdf,,,rejected,0,fake_invoice_pdf_ground_truth,1.0000,v7_initial_real_forged_fake_pdfs,,,,,false,1200,5
fakepdf_54251_20230831,train,fake invoice/54251_20230831.pdf,,,rejected,0,fake_invoice_pdf_ground_truth,1.0000,v7_initial_real_forged_fake_pdfs,,,,,false,1200,5
fakepdf_94255_20250725,train,fake invoice/94255_20250725.pdf,,,rejected,0,fake_invoice_pdf_ground_truth,1.0000,v7_initial_real_forged_fake_pdfs,,,,,false,1200,5
fakepdf_75529_20250103,train,fake invoice/75529_20250103.pdf,,,rejected,0,fake_invoice_pdf_ground_truth,1.0000,v7_initial_real_forged_fake_pdfs,,,,,false,1200,5
fakepdf_5957_20230410,train,fake invoice/5957_20230410.pdf,,,rejected,0,fake_invoice_pdf_ground_truth,1.0000,v7_initial_real_forged_fake_pdfs,,,,,false,1200,5
fakepdf_30263_20230822,train,fake invoice/30263_20230822.pdf,,,rejected,0,fake_invoice_pdf_ground_truth,1.0000,v7_initial_real_forged_fake_pdfs,,,,,false,1200,5
fakepdf_55276_20250712,train,fake invoice/55276_20250712.pdf,,,rejected,0,fake_invoice_pdf_ground_truth,1.0000,v7_initial_real_forged_fake_pdfs,,,,,false,1200,5
fakepdf_26749_20230829,test,fake invoice/26749_20230829.pdf,,,rejected,0,fake_invoice_pdf_ground_truth,1.0000,v7_initial_real_forged_fake_pdfs,,,,,false,1200,5
fakepdf_35324_20231031,test,fake invoice/35324_20231031.pdf,,,rejected,0,fake_invoice_pdf_ground_truth,1.0000,v7_initial_real_forged_fake_pdfs,,,,,false,1200,5
fakepdf_62088_20240115,test,fake invoice/62088_20240115.pdf,,,rejected,0,fake_invoice_pdf_ground_truth,1.0000,v7_initial_real_forged_fake_pdfs,,,,,false,1200,5
fakepdf_32614_20250727,test,fake invoice/32614_20250727.pdf,,,rejected,0,fake_invoice_pdf_ground_truth,1.0000,v7_initial_real_forged_fake_pdfs,,,,,false,1200,5
fakepdf_60794_20240703,test,fake invoice/60794_20240703.pdf,,,rejected,0,fake_invoice_pdf_ground_truth,1.0000,v7_initial_real_forged_fake_pdfs,,,,,false,1200,5
fakepdf_74129_20250620,test,fake invoice/74129_20250620.pdf,,,rejected,0,fake_invoice_pdf_ground_truth,1.0000,v7_initial_real_forged_fake_pdfs,,,,,false,1200,5
fakepdf_92336_20230826,test,fake invoice/92336_20230826.pdf,,,rejected,0,fake_invoice_pdf_ground_truth,1.0000,v7_initial_real_forged_fake_pdfs,,,,,false,1200,5
fakepdf_90619_20251013,test,fake invoice/90619_20251013.pdf,,,rejected,0,fake_invoice_pdf_ground_truth,1.0000,v7_initial_real_forged_fake_pdfs,,,,,false,1200,5
fakepdf_2611_20230803,test,fake invoice/2611_20230803.pdf,,,rejected,0,fake_invoice_pdf_ground_truth,1.0000,v7_initial_real_forged_fake_pdfs,,,,,false,1200,5
fakepdf_95196_20250806,test,fake invoice/95196_20250806.pdf,,,rejected,0,fake_invoice_pdf_ground_truth,1.0000,v7_initial_real_forged_fake_pdfs,,,,,false,1200,5
fakepdf_87813_20240425,test,fake invoice/87813_20240425.pdf,,,rejected,0,fake_invoice_pdf_ground_truth,1.0000,v7_initial_real_forged_fake_pdfs,,,,,false,1200,5
fakepdf_49254_20251203,test,fake invoice/49254_20251203.pdf,,,rejected,0,fake_invoice_pdf_ground_truth,1.0000,v7_initial_real_forged_fake_pdfs,,,,,false,1200,5
fakepdf_42461_20251130,test,fake invoice/42461_20251130.pdf,,,rejected,0,fake_invoice_pdf_ground_truth,1.0000,v7_initial_real_forged_fake_pdfs,,,,,false,1200,5
fakepdf_18111_20240823,test,fake invoice/18111_20240823.pdf,,,rejected,0,fake_invoice_pdf_ground_truth,1.0000,v7_initial_real_forged_fake_pdfs,,,,,false,1200,5
fakepdf_20976_20240408,test,fake invoice/20976_20240408.pdf,,,rejected,0,fake_invoice_pdf_ground_truth,1.0000,v7_initial_real_forged_fake_pdfs,,,,,false,1200,5
fakepdf_37311_20231228,test,fake invoice/37311_20231228.pdf,,,rejected,0,fake_invoice_pdf_ground_truth,1.0000,v7_initial_real_forged_fake_pdfs,,,,,false,1200,5
fakepdf_60576_20230410,test,fake invoice/60576_20230410.pdf,,,rejected,0,fake_invoice_pdf_ground_truth,1.0000,v7_initial_real_forged_fake_pdfs,,,,,false,1200,5
fakepdf_4984_20230908,test,fake invoice/4984_20230908.pdf,,,rejected,0,fake_invoice_pdf_ground_truth,1.0000,v7_initial_real_forged_fake_pdfs,,,,,false,1200,5
fakepdf_23620_20250430,test,fake invoice/23620_20250430.pdf,,,rejected,0,fake_invoice_pdf_ground_truth,1.0000,v7_initial_real_forged_fake_pdfs,,,,,false,1200,5
fakepdf_62912_20250902,test,fake invoice/62912_20250902.pdf,,,rejected,0,fake_invoice_pdf_ground_truth,1.0000,v7_initial_real_forged_fake_pdfs,,,,,false,1200,5
fakepdf_28378_20240228,test,fake invoice/28378_20240228.pdf,,,rejected,0,fake_invoice_pdf_ground_truth,1.0000,v7_initial_real_forged_fake_pdfs,,,,,false,1200,5
fakepdf_74589_20230506,test,fake invoice/74589_20230506.pdf,,,rejected,0,fake_invoice_pdf_ground_truth,1.0000,v7_initial_real_forged_fake_pdfs,,,,,false,1200,5
fakepdf_17820_20250217,test,fake invoice/17820_20250217.pdf,,,rejected,0,fake_invoice_pdf_ground_truth,1.0000,v7_initial_real_forged_fake_pdfs,,,,,false,1200,5
fakepdf_47330_20230320,test,fake invoice/47330_20230320.pdf,,,rejected,0,fake_invoice_pdf_ground_truth,1.0000,v7_initial_real_forged_fake_pdfs,,,,,false,1200,5
fakepdf_56608_20250423,test,fake invoice/56608_20250423.pdf,,,rejected,0,fake_invoice_pdf_ground_truth,1.0000,v7_initial_real_forged_fake_pdfs,,,,,false,1200,5
fakepdf_60397_20241124,test,fake invoice/60397_20241124.pdf,,,rejected,0,fake_invoice_pdf_ground_truth,1.0000,v7_initial_real_forged_fake_pdfs,,,,,false,1200,5
fakepdf_25860_20241031,test,fake invoice/25860_20241031.pdf,,,rejected,0,fake_invoice_pdf_ground_truth,1.0000,v7_initial_real_forged_fake_pdfs,,,,,false,1200,5
fakepdf_63176_20230801,test,fake invoice/63176_20230801.pdf,,,rejected,0,fake_invoice_pdf_ground_truth,1.0000,v7_initial_real_forged_fake_pdfs,,,,,false,1200,5
fakepdf_97487_20250327,test,fake invoice/97487_20250327.pdf,,,rejected,0,fake_invoice_pdf_ground_truth,1.0000,v7_initial_real_forged_fake_pdfs,,,,,false,1200,5
fakepdf_98526_20230622,test,fake invoice/98526_20230622.pdf,,,rejected,0,fake_invoice_pdf_ground_truth,1.0000,v7_initial_real_forged_fake_pdfs,,,,,false,1200,5
fakepdf_55487_20231216,test,fake invoice/55487_20231216.pdf,,,rejected,0,fake_invoice_pdf_ground_truth,1.0000,v7_initial_real_forged_fake_pdfs,,,,,false,1200,5
fakepdf_41725_20250525,test,fake invoice/41725_20250525.pdf,,,rejected,0,fake_invoice_pdf_ground_truth,1.0000,v7_initial_real_forged_fake_pdfs,,,,,false,1200,5
fakepdf_3179_20240715,test,fake invoice/3179_20240715.pdf,,,rejected,0,fake_invoice_pdf_ground_truth,1.0000,v7_initial_real_forged_fake_pdfs,,,,,false,1200,5
fakepdf_93814_20240725,test,fake invoice/93814_20240725.pdf,,,rejected,0,fake_invoice_pdf_ground_truth,1.0000,v7_initial_real_forged_fake_pdfs,,,,,false,1200,5
fakepdf_56145_20251225,test,fake invoice/56145_20251225.pdf,,,rejected,0,fake_invoice_pdf_ground_truth,1.0000,v7_initial_real_forged_fake_pdfs,,,,,false,1200,5
fakepdf_9734_20251014,test,fake invoice/9734_20251014.pdf,,,rejected,0,fake_invoice_pdf_ground_truth,1.0000,v7_initial_real_forged_fake_pdfs,,,,,false,1200,5
fakepdf_3213_20240919,test,fake invoice/3213_20240919.pdf,,,rejected,0,fake_invoice_pdf_ground_truth,1.0000,v7_initial_real_forged_fake_pdfs,,,,,false,1200,5
fakepdf_11136_20250412,test,fake invoice/11136_20250412.pdf,,,rejected,0,fake_invoice_pdf_ground_truth,1.0000,v7_initial_real_forged_fake_pdfs,,,,,false,1200,5
fakepdf_48103_20230822,test,fake invoice/48103_20230822.pdf,,,rejected,0,fake_invoice_pdf_ground_truth,1.0000,v7_initial_real_forged_fake_pdfs,,,,,false,1200,5
fakepdf_73298_20250712,test,fake invoice/73298_20250712.pdf,,,rejected,0,fake_invoice_pdf_ground_truth,1.0000,v7_initial_real_forged_fake_pdfs,,,,,false,1200,5
fakepdf_42005_20250126,test,fake invoice/42005_20250126.pdf,,,rejected,0,fake_invoice_pdf_ground_truth,1.0000,v7_initial_real_forged_fake_pdfs,,,,,false,1200,5
fakepdf_67999_20251107,test,fake invoice/67999_20251107.pdf,,,rejected,0,fake_invoice_pdf_ground_truth,1.0000,v7_initial_real_forged_fake_pdfs,,,,,false,1200,5
fakepdf_97752_20250506,test,fake invoice/97752_20250506.pdf,,,rejected,0,fake_invoice_pdf_ground_truth,1.0000,v7_initial_real_forged_fake_pdfs,,,,,false,1200,5
fakepdf_38153_20240323,test,fake invoice/38153_20240323.pdf,,,rejected,0,fake_invoice_pdf_ground_truth,1.0000,v7_initial_real_forged_fake_pdfs,,,,,false,1200,5
fakepdf_92418_20230904,test,fake invoice/92418_20230904.pdf,,,rejected,0,fake_invoice_pdf_ground_truth,1.0000,v7_initial_real_forged_fake_pdfs,,,,,false,1200,5
fakepdf_13969_20250414,test,fake invoice/13969_20250414.pdf,,,rejected,0,fake_invoice_pdf_ground_truth,1.0000,v7_initial_real_forged_fake_pdfs,,,,,false,1200,5
fakepdf_82406_20241124,test,fake invoice/82406_20241124.pdf,,,rejected,0,fake_invoice_pdf_ground_truth,1.0000,v7_initial_real_forged_fake_pdfs,,,,,false,1200,5
fakepdf_43400_20250506,test,fake invoice/43400_20250506.pdf,,,rejected,0,fake_invoice_pdf_ground_truth,1.0000,v7_initial_real_forged_fake_pdfs,,,,,false,1200,5
fakepdf_41818_20250822,test,fake invoice/41818_20250822.pdf,,,rejected,0,fake_invoice_pdf_ground_truth,1.0000,v7_initial_real_forged_fake_pdfs,,,,,false,1200,5
fakepdf_25590_20250714,test,fake invoice/25590_20250714.pdf,,,rejected,0,fake_invoice_pdf_ground_truth,1.0000,v7_initial_real_forged_fake_pdfs,,,,,false,1200,5
fakepdf_14791_20240524,test,fake invoice/14791_20240524.pdf,,,rejected,0,fake_invoice_pdf_ground_truth,1.0000,v7_initial_real_forged_fake_pdfs,,,,,false,1200,5
fakepdf_15299_20240102,test,fake invoice/15299_20240102.pdf,,,rejected,0,fake_invoice_pdf_ground_truth,1.0000,v7_initial_real_forged_fake_pdfs,,,,,false,1200,5
fakepdf_6852_20251214,test,fake invoice/6852_20251214.pdf,,,rejected,0,fake_invoice_pdf_ground_truth,1.0000,v7_initial_real_forged_fake_pdfs,,,,,false,1200,5
fakepdf_96135_20251219,test,fake invoice/96135_20251219.pdf,,,rejected,0,fake_invoice_pdf_ground_truth,1.0000,v7_initial_real_forged_fake_pdfs,,,,,false,1200,5
fakepdf_25133_20250106,test,fake invoice/25133_20250106.pdf,,,rejected,0,fake_invoice_pdf_ground_truth,1.0000,v7_initial_real_forged_fake_pdfs,,,,,false,1200,5
fakepdf_90303_20250729,test,fake invoice/90303_20250729.pdf,,,rejected,0,fake_invoice_pdf_ground_truth,1.0000,v7_initial_real_forged_fake_pdfs,,,,,false,1200,5
fakepdf_2671_20250728,test,fake invoice/2671_20250728.pdf,,,rejected,0,fake_invoice_pdf_ground_truth,1.0000,v7_initial_real_forged_fake_pdfs,,,,,false,1200,5
fakepdf_30920_20230628,test,fake invoice/30920_20230628.pdf,,,rejected,0,fake_invoice_pdf_ground_truth,1.0000,v7_initial_real_forged_fake_pdfs,,,,,false,1200,5
fakepdf_42212_20230218,test,fake invoice/42212_20230218.pdf,,,rejected,0,fake_invoice_pdf_ground_truth,1.0000,v7_initial_real_forged_fake_pdfs,,,,,false,1200,5
fakepdf_45108_20250812,test,fake invoice/45108_20250812.pdf,,,rejected,0,fake_invoice_pdf_ground_truth,1.0000,v7_initial_real_forged_fake_pdfs,,,,,false,1200,5
fakepdf_48030_20230811,test,fake invoice/48030_20230811.pdf,,,rejected,0,fake_invoice_pdf_ground_truth,1.0000,v7_initial_real_forged_fake_pdfs,,,,,false,1200,5
fakepdf_13803_20240907,test,fake invoice/13803_20240907.pdf,,,rejected,0,fake_invoice_pdf_ground_truth,1.0000,v7_initial_real_forged_fake_pdfs,,,,,false,1200,5
fakepdf_27476_20230302,test,fake invoice/27476_20230302.pdf,,,rejected,0,fake_invoice_pdf_ground_truth,1.0000,v7_initial_real_forged_fake_pdfs,,,,,false,1200,5
